"gene","module","MM","GS","absMM","absGS"
"SLC22A18AS","blue",0.95743060199229,-0.746130168877017,0.95743060199229,0.746130168877017
"CAPN5","blue",0.95219181359806,-0.720064730349367,0.95219181359806,0.720064730349367
"LRRC19","blue",0.950114513656938,-0.719316118721215,0.950114513656938,0.719316118721215
"HHLA2","blue",0.947840036415212,-0.747363987432156,0.947840036415212,0.747363987432156
"GOLM1","blue",0.946680940739315,-0.695058767760238,0.946680940739315,0.695058767760238
"DHRS11","blue",0.944738280225154,-0.773601317405169,0.944738280225154,0.773601317405169
"SLC9A2","blue",0.94415285012637,-0.682716220018472,0.94415285012637,0.682716220018472
"ATP8B1","blue",0.942423287338108,-0.699618497757272,0.942423287338108,0.699618497757272
"STYK1","blue",0.942159682450559,-0.741689969812257,0.942159682450559,0.741689969812257
"PKIB","blue",0.94051742540417,-0.740753562982332,0.94051742540417,0.740753562982332
"AHCYL2","blue",0.937450110262911,-0.782780748310155,0.937450110262911,0.782780748310155
"TMEM9B","blue",0.937283635591935,-0.674658401885089,0.937283635591935,0.674658401885089
"APPL2","blue",0.937169148901555,-0.756499241830642,0.937169148901555,0.756499241830642
"SIAE","blue",0.936994695307711,-0.731551404113117,0.936994695307711,0.731551404113117
"CNNM4","blue",0.934879077503609,-0.709492416158428,0.934879077503609,0.709492416158428
"C14orf176","blue",0.934297232598124,-0.76133600672274,0.934297232598124,0.76133600672274
"BCAS1","blue",0.93414959332368,-0.716724601920215,0.93414959332368,0.716724601920215
"ETHE1","blue",0.933794186526202,-0.694707559582142,0.933794186526202,0.694707559582142
"TMEM131","blue",0.933222849430592,-0.732261958761787,0.933222849430592,0.732261958761787
"B3GALT5","blue",0.932992230232277,-0.75283416988547,0.932992230232277,0.75283416988547
"CA4","blue",0.932942763804447,-0.832595802915348,0.932942763804447,0.832595802915348
"FCGBP","blue",0.932532728354727,-0.779686510074299,0.932532728354727,0.779686510074299
"ZBTB7C","blue",0.930588518912467,-0.756532799773705,0.930588518912467,0.756532799773705
"HEPACAM2","blue",0.929900188910519,-0.734207340728209,0.929900188910519,0.734207340728209
"PDZD3","blue",0.929542640051298,-0.751327638866354,0.929542640051298,0.751327638866354
"ITM2C","blue",0.929253233568224,-0.752119927926278,0.929253233568224,0.752119927926278
"SLC22A23","blue",0.928744725874368,-0.702498869923835,0.928744725874368,0.702498869923835
"C15orf48","blue",0.927953287730575,-0.682345497631897,0.927953287730575,0.682345497631897
"PADI2","blue",0.927363081949702,-0.712037493965587,0.927363081949702,0.712037493965587
"CCL28","blue",0.926621045456433,-0.762657154378803,0.926621045456433,0.762657154378803
"BTNL8","blue",0.926049368418954,-0.771223742785423,0.926049368418954,0.771223742785423
"CA1","blue",0.924687918189587,-0.803367632052197,0.924687918189587,0.803367632052197
"ENTPD8","blue",0.924507770894633,-0.708755427393859,0.924507770894633,0.708755427393859
"NXPE1","blue",0.924275499163809,-0.707541128215094,0.924275499163809,0.707541128215094
"CDKN2B-AS1","blue",0.924072719508399,-0.7688856693227,0.924072719508399,0.7688856693227
"TMEM72","blue",0.924041203604824,-0.79222422194785,0.924041203604824,0.79222422194785
"TMEM236","blue",0.923566880877448,-0.747510187050594,0.923566880877448,0.747510187050594
"ADTRP","blue",0.923383580885507,-0.758026047142885,0.923383580885507,0.758026047142885
"TMIGD1","blue",0.922857275941217,-0.808894446323161,0.922857275941217,0.808894446323161
"PDCD4","blue",0.922119322476498,-0.74653175287928,0.922119322476498,0.74653175287928
"UGT1A8","blue",0.920965636659759,-0.754980652567614,0.920965636659759,0.754980652567614
"LIMA1","blue",0.920916600247063,-0.740979015978629,0.920916600247063,0.740979015978629
"SULT1B1","blue",0.920037190499394,-0.707103494310879,0.920037190499394,0.707103494310879
"NR3C2","blue",0.919962481466393,-0.765674752162919,0.919962481466393,0.765674752162919
"MS4A12","blue",0.91989042501882,-0.809222057089317,0.91989042501882,0.809222057089317
"TRPM6","blue",0.919674108476344,-0.797196081275143,0.919674108476344,0.797196081275143
"SLC26A3","blue",0.919572666427418,-0.770153758639983,0.919572666427418,0.770153758639983
"REP15","blue",0.919433663512494,-0.738278673067908,0.919433663512494,0.738278673067908
"CA2","blue",0.919427699670637,-0.737785858704484,0.919427699670637,0.737785858704484
"TMEM30B","blue",0.918744975406771,-0.655687214451493,0.918744975406771,0.655687214451493
"MOB3B","blue",0.91863136953202,-0.724582357536495,0.91863136953202,0.724582357536495
"CALML4","blue",0.918146498835214,-0.668795343727041,0.918146498835214,0.668795343727041
"PTPRH","blue",0.917890212960555,-0.683775883236712,0.917890212960555,0.683775883236712
"TSPAN1","blue",0.917880598787478,-0.665809094368178,0.917880598787478,0.665809094368178
"LRRC66","blue",0.917648431097495,-0.732764616070117,0.917648431097495,0.732764616070117
"SIPA1L3","blue",0.916871473280136,-0.69366211556053,0.916871473280136,0.69366211556053
"TUBAL3","blue",0.916430822047565,-0.761483640301332,0.916430822047565,0.761483640301332
"GUCA2A","blue",0.915964022565566,-0.772822539429666,0.915964022565566,0.772822539429666
"TMEM171","blue",0.915373981388803,-0.698380858865324,0.915373981388803,0.698380858865324
"ARL14","blue",0.914663412686862,-0.675014118635907,0.914663412686862,0.675014118635907
"CEACAM7","blue",0.914435823604103,-0.758051430243829,0.914435823604103,0.758051430243829
"GLTP","blue",0.91419807489728,-0.777358715639017,0.91419807489728,0.777358715639017
"B3GNT6","blue",0.914170465157118,-0.764395183987652,0.914170465157118,0.764395183987652
"GUCA2B","blue",0.91390441799,-0.804824112483393,0.91390441799,0.804824112483393
"CASP7","blue",0.913891416609778,-0.729569419707645,0.913891416609778,0.729569419707645
"ANO7","blue",0.913807996586516,-0.708898480562354,0.913807996586516,0.708898480562354
"SDCBP2","blue",0.913389375176768,-0.709793107752087,0.913389375176768,0.709793107752087
"CNNM2","blue",0.912636998963405,-0.777449104780847,0.912636998963405,0.777449104780847
"FER1L6","blue",0.912620192657741,-0.696043210179723,0.912620192657741,0.696043210179723
"LGALS4","blue",0.91243710611369,-0.612170935334254,0.91243710611369,0.612170935334254
"TLCD2","blue",0.911955646502368,-0.734949731386471,0.911955646502368,0.734949731386471
"LOC100129480","blue",0.911830984030703,-0.620769640261961,0.911830984030703,0.620769640261961
"SQRDL","blue",0.910833459739984,-0.690359233769122,0.910833459739984,0.690359233769122
"VSIG2","blue",0.910465169635586,-0.744710141584723,0.910465169635586,0.744710141584723
"CWH43","blue",0.91012054862666,-0.742714673675054,0.91012054862666,0.742714673675054
"CLCA4","blue",0.909939315309283,-0.813884014425961,0.909939315309283,0.813884014425961
"KLF4","blue",0.909834368505751,-0.715625580525093,0.909834368505751,0.715625580525093
"CDKN2B","blue",0.909503300840803,-0.771762484980246,0.909503300840803,0.771762484980246
"MARVELD3","blue",0.908958245625978,-0.635189483143322,0.908958245625978,0.635189483143322
"HSD11B2","blue",0.908940327230295,-0.674495703370303,0.908940327230295,0.674495703370303
"SLC26A2","blue",0.908899724602907,-0.738987332595906,0.908899724602907,0.738987332595906
"VIPR1","blue",0.908888076512302,-0.668404546201621,0.908888076512302,0.668404546201621
"C2orf88","blue",0.908565989405666,-0.79195371536743,0.908565989405666,0.79195371536743
"OSTBETA","blue",0.907473330796562,-0.761469885158274,0.907473330796562,0.761469885158274
"ZG16","blue",0.90689020260635,-0.760919858816093,0.90689020260635,0.760919858816093
"ALPI","blue",0.906844613649365,-0.816877275608392,0.906844613649365,0.816877275608392
"GNA11","blue",0.906728211175343,-0.790786811646649,0.906728211175343,0.790786811646649
"P2RX4","blue",0.906124323282132,-0.683051012935135,0.906124323282132,0.683051012935135
"NEURL","blue",0.905792566236151,-0.740417108525679,0.905792566236151,0.740417108525679
"LOC100289255","blue",0.905401584624273,-0.64986404247615,0.905401584624273,0.64986404247615
"SMPD3","blue",0.904879428832521,-0.698416076702306,0.904879428832521,0.698416076702306
"TRIM36","blue",0.904531260835821,-0.680046192661569,0.904531260835821,0.680046192661569
"ABHD3","blue",0.904176388430354,-0.731560822838398,0.904176388430354,0.731560822838398
"LGALS9C","blue",0.904155446951901,-0.749342180501559,0.904155446951901,0.749342180501559
"RIOK3","blue",0.903919053529081,-0.692676067842243,0.903919053529081,0.692676067842243
"CLCA1","blue",0.903866790136089,-0.734918384734211,0.903866790136089,0.734918384734211
"LOC646627","blue",0.903695479955845,-0.746981363801879,0.903695479955845,0.746981363801879
"TDP2","blue",0.903620363598463,-0.64085389520195,0.903620363598463,0.64085389520195
"EDN3","blue",0.903010351476271,-0.755963437324334,0.903010351476271,0.755963437324334
"SCGB2A1","blue",0.902284916475011,-0.686371368551249,0.902284916475011,0.686371368551249
"C11orf86","blue",0.901799398306246,-0.77327729561375,0.901799398306246,0.77327729561375
"VILL","blue",0.901745323760944,-0.654791284951566,0.901745323760944,0.654791284951566
"UGT1A10","blue",0.901655103308136,-0.721682130931337,0.901655103308136,0.721682130931337
"CDC42EP5","blue",0.900678005547813,-0.666827638264643,0.900678005547813,0.666827638264643
"PAFAH2","blue",0.900089633522329,-0.656870161741448,0.900089633522329,0.656870161741448
"ATP2A3","blue",0.900077915448973,-0.743477969047565,0.900077915448973,0.743477969047565
"B3GALT1","blue",0.899508291578186,-0.729024473264423,0.899508291578186,0.729024473264423
"TTC22","blue",0.899157861574201,-0.68082998552902,0.899157861574201,0.68082998552902
"PLCE1","blue",0.898436027177617,-0.738007768830158,0.898436027177617,0.738007768830158
"MALL","blue",0.898279080124997,-0.759444583218102,0.898279080124997,0.759444583218102
"TMEM54","blue",0.897843080235439,-0.684741521934634,0.897843080235439,0.684741521934634
"TRPM4","blue",0.89776806930644,-0.672688299498013,0.89776806930644,0.672688299498013
"ADAMDEC1","blue",0.897654073950654,-0.769601509234165,0.897654073950654,0.769601509234165
"TPSG1","blue",0.897421632153346,-0.719006422192602,0.897421632153346,0.719006422192602
"BARX2","blue",0.896929313507103,-0.735131967660923,0.896929313507103,0.735131967660923
"GPA33","blue",0.896378828725971,-0.620363903392882,0.896378828725971,0.620363903392882
"ITPKA","blue",0.89637430459149,-0.732344586254735,0.89637430459149,0.732344586254735
"TTLL6","blue",0.896354119545038,-0.730350298477321,0.896354119545038,0.730350298477321
"GDPD2","blue",0.896055600993902,-0.748758473559596,0.896055600993902,0.748758473559596
"FAM211A","blue",0.895963434119742,-0.692796563926178,0.895963434119742,0.692796563926178
"SLC22A5","blue",0.895765776668345,-0.717941525077573,0.895765776668345,0.717941525077573
"LOC100505633","blue",0.89567302621905,-0.681195123006858,0.89567302621905,0.681195123006858
"PLXNA2","blue",0.894781382917023,-0.71406754676948,0.894781382917023,0.71406754676948
"PLCD1","blue",0.894471435014355,-0.756429456541196,0.894471435014355,0.756429456541196
"C6orf136","blue",0.894304576153645,-0.620713289892636,0.894304576153645,0.620713289892636
"LIPH","blue",0.894241841167639,-0.612165475969275,0.894241841167639,0.612165475969275
"CLDN23","blue",0.893911431627803,-0.719023930231099,0.893911431627803,0.719023930231099
"RBM47","blue",0.893212172257597,-0.614521144478469,0.893212172257597,0.614521144478469
"PPP1R36","blue",0.892969622303148,-0.692703527386238,0.892969622303148,0.692703527386238
"ARHGAP44","blue",0.892644411714255,-0.69989437347866,0.892644411714255,0.69989437347866
"SRI","blue",0.892535214366345,-0.656814431321342,0.892535214366345,0.656814431321342
"ZBTB7B","blue",0.892208934364653,-0.678337506637312,0.892208934364653,0.678337506637312
"C4orf19","blue",0.891875821108175,-0.623903383341502,0.891875821108175,0.623903383341502
"KIF13B","blue",0.891743614677761,-0.706797421681204,0.891743614677761,0.706797421681204
"CHP2","blue",0.891407515700311,-0.705303653371921,0.891407515700311,0.705303653371921
"PLA2G10","blue",0.891368994110193,-0.675975681898069,0.891368994110193,0.675975681898069
"NXPE4","blue",0.891306754154957,-0.691871655539638,0.891306754154957,0.691871655539638
"PYY","blue",0.890671538811302,-0.748921557300475,0.890671538811302,0.748921557300475
"GALNT12","blue",0.890670798366639,-0.708775321909734,0.890670798366639,0.708775321909734
"HRCT1","blue",0.890487465520098,-0.714122825024826,0.890487465520098,0.714122825024826
"SLC4A4","blue",0.890207916831756,-0.712836704284812,0.890207916831756,0.712836704284812
"CD177","blue",0.890176655998126,-0.772278486794919,0.890176655998126,0.772278486794919
"PEX26","blue",0.890123394936698,-0.764942528489323,0.890123394936698,0.764942528489323
"ABP1","blue",0.889101898548863,-0.65813492692553,0.889101898548863,0.65813492692553
"AQP8","blue",0.889058414908986,-0.75861702097288,0.889058414908986,0.75861702097288
"SCAMP2","blue",0.888590008730316,-0.70827240481889,0.888590008730316,0.70827240481889
"TSPAN3","blue",0.888492677691724,-0.728118213336142,0.888492677691724,0.728118213336142
"ABCA5","blue",0.888153375686551,-0.667593279293246,0.888153375686551,0.667593279293246
"NHSL1","blue",0.888043502484489,-0.662659766405692,0.888043502484489,0.662659766405692
"C5orf30","blue",0.887601878015281,-0.680040579858584,0.887601878015281,0.680040579858584
"CASP5","blue",0.887458493879767,-0.716052718751095,0.887458493879767,0.716052718751095
"CA7","blue",0.886896369700472,-0.818086389099608,0.886896369700472,0.818086389099608
"PAQR5","blue",0.886822876729083,-0.646249132868495,0.886822876729083,0.646249132868495
"CCDC68","blue",0.886545528523427,-0.707909366319078,0.886545528523427,0.707909366319078
"MTM1","blue",0.885922414549975,-0.657949358130822,0.885922414549975,0.657949358130822
"PRR5L","blue",0.885507928696931,-0.644984061073438,0.885507928696931,0.644984061073438
"SCNN1B","blue",0.885474651277648,-0.756624138401863,0.885474651277648,0.756624138401863
"TMEM61","blue",0.885263578800003,-0.698405225391222,0.885263578800003,0.698405225391222
"KIAA1211","blue",0.884841993584041,-0.783844595855484,0.884841993584041,0.783844595855484
"MCTP2","blue",0.884610730356244,-0.641476674451729,0.884610730356244,0.641476674451729
"BEST2","blue",0.88459411895818,-0.688972657990484,0.88459411895818,0.688972657990484
"KLK1","blue",0.883931796365445,-0.616399789409977,0.883931796365445,0.616399789409977
"SPIB","blue",0.883848804517685,-0.807132876768149,0.883848804517685,0.807132876768149
"GRAMD3","blue",0.883826846079215,-0.742805842036256,0.883826846079215,0.742805842036256
"C17orf110","blue",0.883560765070196,-0.664850886200305,0.883560765070196,0.664850886200305
"NEDD4L","blue",0.883506196241781,-0.674622568097096,0.883506196241781,0.674622568097096
"SYTL2","blue",0.882837560110172,-0.681576341672693,0.882837560110172,0.681576341672693
"LGALS3","blue",0.882445990468084,-0.623182976592058,0.882445990468084,0.623182976592058
"ENDOD1","blue",0.882146610593468,-0.729625641428592,0.882146610593468,0.729625641428592
"WSCD1","blue",0.882080743069204,-0.773594190126074,0.882080743069204,0.773594190126074
"GPR15","blue",0.881629436034983,-0.781291373302517,0.881629436034983,0.781291373302517
"NAT1","blue",0.881626531878666,-0.680992291741072,0.881626531878666,0.680992291741072
"ACVRL1","blue",0.881046160818008,-0.812903464138295,0.881046160818008,0.812903464138295
"IL10RB","blue",0.880950133945967,-0.648286597105291,0.880950133945967,0.648286597105291
"DNM2","blue",0.880551684473461,-0.655612633289475,0.880551684473461,0.655612633289475
"CLIC5","blue",0.879878031549644,-0.682993568142079,0.879878031549644,0.682993568142079
"GPRIN2","blue",0.879707917796125,-0.621936697648372,0.879707917796125,0.621936697648372
"CHST5","blue",0.879658807719408,-0.716478135755749,0.879658807719408,0.716478135755749
"HAPLN1","blue",0.879595605187581,-0.789322836447938,0.879595605187581,0.789322836447938
"IL1R2","blue",0.879205444403355,-0.707252732018277,0.879205444403355,0.707252732018277
"MMP28","blue",0.879156901626285,-0.76419242330063,0.879156901626285,0.76419242330063
"MYO1A","blue",0.878854976702818,-0.591987412770275,0.878854976702818,0.591987412770275
"ATP8A1","blue",0.878638617534873,-0.68825963664219,0.878638617534873,0.68825963664219
"PLAC8","blue",0.878538959514769,-0.716657736025095,0.878538959514769,0.716657736025095
"ATOH1","blue",0.878393475282474,-0.648019670909739,0.878393475282474,0.648019670909739
"GCG","blue",0.878316802069495,-0.745349476551903,0.878316802069495,0.745349476551903
"SCIN","blue",0.878246578493944,-0.717573815794812,0.878246578493944,0.717573815794812
"SLC25A34","blue",0.877715704614746,-0.745215990950371,0.877715704614746,0.745215990950371
"ZZEF1","blue",0.877465415513912,-0.76008690478407,0.877465415513912,0.76008690478407
"LRRC26","blue",0.877302944879048,-0.648328646542825,0.877302944879048,0.648328646542825
"SMPDL3A","blue",0.877163646806723,-0.702709020718666,0.877163646806723,0.702709020718666
"TMEM59","blue",0.877077359172156,-0.644956975642184,0.877077359172156,0.644956975642184
"SH3BGRL2","blue",0.877036025410979,-0.51174825031258,0.877036025410979,0.51174825031258
"CA12","blue",0.87698258613227,-0.697358577261826,0.87698258613227,0.697358577261826
"CES3","blue",0.876596378436148,-0.639137640576483,0.876596378436148,0.639137640576483
"BEST4","blue",0.876374286715894,-0.822747421109214,0.876374286715894,0.822747421109214
"MIER3","blue",0.876022200924918,-0.649217861173612,0.876022200924918,0.649217861173612
"C1orf210","blue",0.876017461987264,-0.582605355353601,0.876017461987264,0.582605355353601
"MOGAT2","blue",0.875060291960682,-0.617054325522025,0.875060291960682,0.617054325522025
"SLC35A3","blue",0.874729731624239,-0.591197321011779,0.874729731624239,0.591197321011779
"WDR78","blue",0.874514335089902,-0.708798036483348,0.874514335089902,0.708798036483348
"DSC2","blue",0.874443979484686,-0.606359721797178,0.874443979484686,0.606359721797178
"ATG4D","blue",0.874428827753735,-0.720794634331893,0.874428827753735,0.720794634331893
"KRT20","blue",0.874271438356635,-0.659462965279259,0.874271438356635,0.659462965279259
"GPD1L","blue",0.874217962096591,-0.721850931887247,0.874217962096591,0.721850931887247
"FABP2","blue",0.874110064503459,-0.69215361193651,0.874110064503459,0.69215361193651
"SI","blue",0.873981752002954,-0.689142289605854,0.873981752002954,0.689142289605854
"BTNL3","blue",0.873844023287787,-0.728991467502832,0.873844023287787,0.728991467502832
"KIAA1522","blue",0.872724295026,-0.584438329936425,0.872724295026,0.584438329936425
"PSEN1","blue",0.872549289862687,-0.69193802667374,0.872549289862687,0.69193802667374
"SCARA5","blue",0.872026475348462,-0.818472352098057,0.872026475348462,0.818472352098057
"SPDEF","blue",0.871765238243531,-0.636529685305081,0.871765238243531,0.636529685305081
"GGT6","blue",0.871627279018785,-0.633824937386443,0.871627279018785,0.633824937386443
"NAAA","blue",0.871537865793287,-0.686839964585605,0.871537865793287,0.686839964585605
"LOC389332","blue",0.870831800256021,-0.655133021062281,0.870831800256021,0.655133021062281
"DHDDS","blue",0.870619997571965,-0.731724417453439,0.870619997571965,0.731724417453439
"FUCA1","blue",0.870438825550435,-0.678171036270949,0.870438825550435,0.678171036270949
"PTGDR2","blue",0.870424071854562,-0.768697357876035,0.870424071854562,0.768697357876035
"PARM1","blue",0.869575775991311,-0.724172466857739,0.869575775991311,0.724172466857739
"NANS","blue",0.869512793492959,-0.586930561058548,0.869512793492959,0.586930561058548
"SIDT1","blue",0.869252049263269,-0.634337896251615,0.869252049263269,0.634337896251615
"DPF3","blue",0.868902617565594,-0.690400042986612,0.868902617565594,0.690400042986612
"DISP2","blue",0.868741433671177,-0.775416241644533,0.868741433671177,0.775416241644533
"CAPN9","blue",0.868167321443328,-0.641293770394769,0.868167321443328,0.641293770394769
"ATP13A4","blue",0.868100158439993,-0.676178439493933,0.868100158439993,0.676178439493933
"B4GALT4","blue",0.867747184775147,-0.578841354136872,0.867747184775147,0.578841354136872
"FAM3D","blue",0.867555404198659,-0.626316660472721,0.867555404198659,0.626316660472721
"MUC4","blue",0.867467801297576,-0.668737510207045,0.867467801297576,0.668737510207045
"VPS4B","blue",0.866897882523245,-0.658365405606663,0.866897882523245,0.658365405606663
"EPHA10","blue",0.866633101497447,-0.646439426728645,0.866633101497447,0.646439426728645
"RHBDL2","blue",0.866592466433857,-0.634045688913136,0.866592466433857,0.634045688913136
"PLEKHA7","blue",0.866558640234606,-0.605054343187654,0.866558640234606,0.605054343187654
"ADCY6","blue",0.866066129793363,-0.700036412155307,0.866066129793363,0.700036412155307
"CDHR5","blue",0.865743394562974,-0.601554053740285,0.865743394562974,0.601554053740285
"SHROOM3","blue",0.865348810930317,-0.641443110869154,0.865348810930317,0.641443110869154
"RPS6KA1","blue",0.86475149501126,-0.594809357090617,0.86475149501126,0.594809357090617
"NEO1","blue",0.864255115059025,-0.71793080005337,0.864255115059025,0.71793080005337
"CLDN8","blue",0.864051198228407,-0.718794546825088,0.864051198228407,0.718794546825088
"DYRK2","blue",0.863475307178851,-0.676358947613435,0.863475307178851,0.676358947613435
"C5orf65","blue",0.86271598826465,-0.700060702061605,0.86271598826465,0.700060702061605
"VDR","blue",0.862605879998663,-0.61386009177518,0.862605879998663,0.61386009177518
"SLC36A1","blue",0.862528498015111,-0.685545456750041,0.862528498015111,0.685545456750041
"C14orf129","blue",0.862412390394339,-0.65981663910951,0.862412390394339,0.65981663910951
"LRRFIP2","blue",0.861641570036082,-0.662965730478029,0.861641570036082,0.662965730478029
"TEP1","blue",0.861305806125289,-0.698227115762439,0.861305806125289,0.698227115762439
"CLRN3","blue",0.861190339489729,-0.541759990785931,0.861190339489729,0.541759990785931
"PTGER4","blue",0.861129793607844,-0.717194485932993,0.861129793607844,0.717194485932993
"CHGA","blue",0.86078940564808,-0.768715551714671,0.86078940564808,0.768715551714671
"SMPDL3B","blue",0.860485814234267,-0.612293308504553,0.860485814234267,0.612293308504553
"AKAP5","blue",0.860254535523909,-0.648535892571714,0.860254535523909,0.648535892571714
"HECTD3","blue",0.860073630400653,-0.698605524787736,0.860073630400653,0.698605524787736
"ST6GALNAC1","blue",0.858852076896159,-0.624167852748501,0.858852076896159,0.624167852748501
"SELENBP1","blue",0.858827700905743,-0.726129626022576,0.858827700905743,0.726129626022576
"CCL14-CCL15","blue",0.858610159880003,-0.591602240576756,0.858610159880003,0.591602240576756
"APOBR","blue",0.858123844926243,-0.603792387000219,0.858123844926243,0.603792387000219
"FAM162A","blue",0.857840876504561,-0.576963111665441,0.857840876504561,0.576963111665441
"TNK1","blue",0.857559536490278,-0.652523073305749,0.857559536490278,0.652523073305749
"LOC100505989","blue",0.857370096169666,-0.576442411168373,0.857370096169666,0.576442411168373
"PHLPP2","blue",0.856949628945187,-0.721077109744719,0.856949628945187,0.721077109744719
"BBIP1","blue",0.856886015919585,-0.700740450567894,0.856886015919585,0.700740450567894
"SPINK2","blue",0.856777911875591,-0.724943511781965,0.856777911875591,0.724943511781965
"LINC00483","blue",0.856451431582316,-0.611123166814706,0.856451431582316,0.611123166814706
"ZFYVE28","blue",0.856354148734439,-0.722624622447595,0.856354148734439,0.722624622447595
"GFI1","blue",0.856118241304269,-0.649781626789427,0.856118241304269,0.649781626789427
"BMP2","blue",0.855904942540481,-0.667172982107687,0.855904942540481,0.667172982107687
"MEP1A","blue",0.855385318768761,-0.671865196126327,0.855385318768761,0.671865196126327
"SLC2A13","blue",0.855115115627889,-0.714309657019713,0.855115115627889,0.714309657019713
"SLC44A4","blue",0.854919014709919,-0.55322888481816,0.854919014709919,0.55322888481816
"AMN","blue",0.854698500260349,-0.629855067573006,0.854698500260349,0.629855067573006
"NAPEPLD","blue",0.854589237681255,-0.628873358038912,0.854589237681255,0.628873358038912
"PAPSS2","blue",0.854326236986102,-0.668055720489865,0.854326236986102,0.668055720489865
"CDC14A","blue",0.854059425161185,-0.756596131234863,0.854059425161185,0.756596131234863
"GALNT7","blue",0.853910515873846,-0.611222538065893,0.853910515873846,0.611222538065893
"PLCD3","blue",0.853262325875895,-0.701204043415768,0.853262325875895,0.701204043415768
"FAM83E","blue",0.852976134888124,-0.55986972595278,0.852976134888124,0.55986972595278
"VSIG10","blue",0.85290766048166,-0.546092158970234,0.85290766048166,0.546092158970234
"HIGD1A","blue",0.852714475442586,-0.63439331512991,0.852714475442586,0.63439331512991
"PACSIN2","blue",0.852523592146993,-0.700795331945686,0.852523592146993,0.700795331945686
"PIGZ","blue",0.851803600826778,-0.691108836596008,0.851803600826778,0.691108836596008
"RIPK3","blue",0.851692706042571,-0.631804202061058,0.851692706042571,0.631804202061058
"C15orf38-AP3S2","blue",0.851250666055929,-0.745140930424442,0.851250666055929,0.745140930424442
"TP53I3","blue",0.85095875269843,-0.784472870921868,0.85095875269843,0.784472870921868
"CCL15","blue",0.85083756030675,-0.606520158713827,0.85083756030675,0.606520158713827
"LPCAT4","blue",0.850541777371179,-0.702084075115061,0.850541777371179,0.702084075115061
"TMCC3","blue",0.850133209715533,-0.691169841543815,0.850133209715533,0.691169841543815
"SEMA6D","blue",0.84933229005086,-0.76304393952522,0.84933229005086,0.76304393952522
"FAM118B","blue",0.849199320007445,-0.675716586602053,0.849199320007445,0.675716586602053
"KCTD9","blue",0.849164853455093,-0.747688505234402,0.849164853455093,0.747688505234402
"B3GNT7","blue",0.849026073306902,-0.711336533927436,0.849026073306902,0.711336533927436
"SLC9A1","blue",0.848814662002307,-0.742291906480708,0.848814662002307,0.742291906480708
"GIPC1","blue",0.848717865081745,-0.675898430358842,0.848717865081745,0.675898430358842
"NHEJ1","blue",0.848206232676245,-0.589809205038656,0.848206232676245,0.589809205038656
"B4GALNT3","blue",0.848012067848003,-0.595481902585847,0.848012067848003,0.595481902585847
"DENND1C","blue",0.847722317347555,-0.596531547221906,0.847722317347555,0.596531547221906
"CDC42BPG","blue",0.847425763724962,-0.578047408442478,0.847425763724962,0.578047408442478
"LGALS2","blue",0.847337284327725,-0.691528785325416,0.847337284327725,0.691528785325416
"XRCC6BP1","blue",0.847148354145011,-0.607028852523535,0.847148354145011,0.607028852523535
"MINK1","blue",0.846256264002116,-0.620360364785427,0.846256264002116,0.620360364785427
"CALCOCO2","blue",0.845917844495475,-0.641342391173108,0.845917844495475,0.641342391173108
"RAPGEFL1","blue",0.845742575770174,-0.572958626798566,0.845742575770174,0.572958626798566
"GPBP1L1","blue",0.845599229074163,-0.57107327148757,0.845599229074163,0.57107327148757
"RAVER2","blue",0.845457259414193,-0.653450675373218,0.845457259414193,0.653450675373218
"ABCC13","blue",0.8451951052928,-0.616513216351901,0.8451951052928,0.616513216351901
"PTK2B","blue",0.844891910105538,-0.720095826209421,0.844891910105538,0.720095826209421
"FXYD3","blue",0.844838441002207,-0.530911184553208,0.844838441002207,0.530911184553208
"USP2","blue",0.84467223342213,-0.73974923243305,0.84467223342213,0.73974923243305
"ISX","blue",0.844624242095711,-0.619879224744858,0.844624242095711,0.619879224744858
"GCNT3","blue",0.844508826244964,-0.659041468783626,0.844508826244964,0.659041468783626
"FAM132A","blue",0.844332653442827,-0.732160491259649,0.844332653442827,0.732160491259649
"FRMD1","blue",0.843621715895173,-0.67347182861324,0.843621715895173,0.67347182861324
"SLC6A7","blue",0.843103014719666,-0.673044664352612,0.843103014719666,0.673044664352612
"PLS1","blue",0.84300047801528,-0.503922773656929,0.84300047801528,0.503922773656929
"LOC389023","blue",0.842920066347013,-0.678378009996844,0.842920066347013,0.678378009996844
"TJP3","blue",0.842694784197112,-0.575180888417928,0.842694784197112,0.575180888417928
"ERN2","blue",0.842617392946084,-0.561124569923749,0.842617392946084,0.561124569923749
"TMEM45B","blue",0.841767614386736,-0.558066238174073,0.841767614386736,0.558066238174073
"NBEAL1","blue",0.841766770698974,-0.656865783547143,0.841766770698974,0.656865783547143
"PRKACB","blue",0.841090965464182,-0.671207507613594,0.841090965464182,0.671207507613594
"NMNAT1","blue",0.840987942879065,-0.681305639256144,0.840987942879065,0.681305639256144
"MXD1","blue",0.840981257821108,-0.681974149175886,0.840981257821108,0.681974149175886
"LGALS9B","blue",0.840933316135073,-0.685765343478944,0.840933316135073,0.685765343478944
"FAM120AOS","blue",0.840331754656013,-0.683027009015069,0.840331754656013,0.683027009015069
"PAG1","blue",0.839982932701285,-0.641240045542505,0.839982932701285,0.641240045542505
"GALNT8","blue",0.839310440882968,-0.589600122583995,0.839310440882968,0.589600122583995
"TMC4","blue",0.839072157654477,-0.538219198653347,0.839072157654477,0.538219198653347
"MB","blue",0.839024657656383,-0.607929349011857,0.839024657656383,0.607929349011857
"DHRS9","blue",0.838647669978233,-0.691429094838139,0.838647669978233,0.691429094838139
"MUC2","blue",0.838323700575015,-0.692922525179413,0.838323700575015,0.692922525179413
"PAQR8","blue",0.838289557362211,-0.700029486878112,0.838289557362211,0.700029486878112
"AMPD1","blue",0.837566970976212,-0.72580872546088,0.837566970976212,0.72580872546088
"BCL10","blue",0.83750314561931,-0.590277227938678,0.83750314561931,0.590277227938678
"AKR1B10","blue",0.837417183680864,-0.66234226741946,0.837417183680864,0.66234226741946
"MFSD4","blue",0.837391159644093,-0.665646552754567,0.837391159644093,0.665646552754567
"ELL3","blue",0.836147262238104,-0.591361738984845,0.836147262238104,0.591361738984845
"MAPK3","blue",0.835908184196021,-0.690828252572027,0.835908184196021,0.690828252572027
"ITLN1","blue",0.835846048600806,-0.697717040088825,0.835846048600806,0.697717040088825
"B4GALNT2","blue",0.835572814885109,-0.692855709010112,0.835572814885109,0.692855709010112
"SOS2","blue",0.835288033631383,-0.726890142282874,0.835288033631383,0.726890142282874
"SAMD13","blue",0.834019585151674,-0.587803456841499,0.834019585151674,0.587803456841499
"BRPF3","blue",0.833879221244046,-0.630215360749832,0.833879221244046,0.630215360749832
"FAM189A1","blue",0.83363213468933,-0.679330965516765,0.83363213468933,0.679330965516765
"ZNF91","blue",0.833252262901835,-0.570934951146594,0.833252262901835,0.570934951146594
"LOC115110","blue",0.833235341521115,-0.647901734004099,0.833235341521115,0.647901734004099
"WNT2B","blue",0.832938811553617,-0.794769774528215,0.832938811553617,0.794769774528215
"FAM101A","blue",0.832767751069512,-0.601047314601947,0.832767751069512,0.601047314601947
"ACOT11","blue",0.832531387301312,-0.616565501783337,0.832531387301312,0.616565501783337
"CLDN7","blue",0.831894521346235,-0.508545341453178,0.831894521346235,0.508545341453178
"SLC6A19","blue",0.831491438512177,-0.732211877661644,0.831491438512177,0.732211877661644
"HOXD-AS1","blue",0.831068612799867,-0.748057122382042,0.831068612799867,0.748057122382042
"MYO1D","blue",0.831027936559348,-0.566005990869609,0.831027936559348,0.566005990869609
"SEMA6A","blue",0.830917811276313,-0.748706687012672,0.830917811276313,0.748706687012672
"EAPP","blue",0.830819211034725,-0.617549222205028,0.830819211034725,0.617549222205028
"MYO5B","blue",0.830141512478311,-0.499063206269002,0.830141512478311,0.499063206269002
"O3FAR1","blue",0.829404676737664,-0.624965523313216,0.829404676737664,0.624965523313216
"GBA2","blue",0.828899054482592,-0.675502989403062,0.828899054482592,0.675502989403062
"SPPL2A","blue",0.828641093336219,-0.659276944113488,0.828641093336219,0.659276944113488
"MBOAT1","blue",0.828566061466844,-0.635827091554852,0.828566061466844,0.635827091554852
"CASD1","blue",0.827477400020167,-0.692649415320105,0.827477400020167,0.692649415320105
"CNTN3","blue",0.827355450856787,-0.614477845938624,0.827355450856787,0.614477845938624
"C14orf142","blue",0.82726707900083,-0.6857023800668,0.82726707900083,0.6857023800668
"C2CD2L","blue",0.826366318384714,-0.716122658920621,0.826366318384714,0.716122658920621
"SCUBE1","blue",0.826267494502343,-0.777103562277373,0.826267494502343,0.777103562277373
"ANO10","blue",0.825655637776615,-0.637178991800345,0.825655637776615,0.637178991800345
"ZNF575","blue",0.825312105991621,-0.735699314326329,0.825312105991621,0.735699314326329
"ACSS2","blue",0.825109926237856,-0.593742324026544,0.825109926237856,0.593742324026544
"TLR3","blue",0.825057701327863,-0.715954467889573,0.825057701327863,0.715954467889573
"CDS1","blue",0.824587771702057,-0.535297187728458,0.824587771702057,0.535297187728458
"GDPD3","blue",0.824519665954948,-0.70784672578907,0.824519665954948,0.70784672578907
"HOXD1","blue",0.82449941084326,-0.742127904900651,0.82449941084326,0.742127904900651
"EIF2AK3","blue",0.824420055677227,-0.576828042737906,0.824420055677227,0.576828042737906
"CYSTM1","blue",0.824147024635548,-0.588859340376726,0.824147024635548,0.588859340376726
"GBP3","blue",0.824107042221532,-0.645532680617882,0.824107042221532,0.645532680617882
"SLC35B3","blue",0.82406181697859,-0.593964647404404,0.82406181697859,0.593964647404404
"CDKL1","blue",0.82381126580353,-0.764536847531686,0.82381126580353,0.764536847531686
"MYO15B","blue",0.823776687237976,-0.713793015017033,0.823776687237976,0.713793015017033
"TRAF3IP2","blue",0.82364617545507,-0.665988604205158,0.82364617545507,0.665988604205158
"PLEKHB2","blue",0.823585415542877,-0.598021501152018,0.823585415542877,0.598021501152018
"CCNG2","blue",0.823462236683257,-0.704509833403606,0.823462236683257,0.704509833403606
"SEMA4G","blue",0.823077131178306,-0.529075310425645,0.823077131178306,0.529075310425645
"B3GALT4","blue",0.822610533701621,-0.713631335325603,0.822610533701621,0.713631335325603
"RASSF6","blue",0.822445406965723,-0.60978268847901,0.822445406965723,0.60978268847901
"SLC35A1","blue",0.822395494116949,-0.563695137175401,0.822395494116949,0.563695137175401
"PTGDR","blue",0.822279559768495,-0.70736666379112,0.822279559768495,0.70736666379112
"BCL2L15","blue",0.822037557281049,-0.535309372967195,0.822037557281049,0.535309372967195
"STAP2","blue",0.821849499738751,-0.557461366083499,0.821849499738751,0.557461366083499
"MRPL35","blue",0.821578831357483,-0.624013525016764,0.821578831357483,0.624013525016764
"CANT1","blue",0.821359120241464,-0.5471916135127,0.821359120241464,0.5471916135127
"PRRG2","blue",0.821209519977645,-0.53191122777748,0.821209519977645,0.53191122777748
"SCNN1A","blue",0.821031121984891,-0.563221824530227,0.821031121984891,0.563221824530227
"ACO2","blue",0.820513185215581,-0.667199708119661,0.820513185215581,0.667199708119661
"SLC16A9","blue",0.819955965345305,-0.619213780585191,0.819955965345305,0.619213780585191
"CHP1","blue",0.819943085462134,-0.650785422504664,0.819943085462134,0.650785422504664
"F2RL1","blue",0.819939916429813,-0.503164535386735,0.819939916429813,0.503164535386735
"GNG12","blue",0.819833820287127,-0.637440930094978,0.819833820287127,0.637440930094978
"SH3RF1","blue",0.819360592856722,-0.562395170644213,0.819360592856722,0.562395170644213
"SST","blue",0.819299980982755,-0.750117446763877,0.819299980982755,0.750117446763877
"PLCL2","blue",0.819238105162275,-0.690392686191369,0.819238105162275,0.690392686191369
"CD164","blue",0.818675635963522,-0.518647046080542,0.818675635963522,0.518647046080542
"CCNJL","blue",0.818137387625586,-0.673145067429587,0.818137387625586,0.673145067429587
"AP5M1","blue",0.8179551091567,-0.654086201151013,0.8179551091567,0.654086201151013
"NRARP","blue",0.817948995024392,-0.603248102708905,0.817948995024392,0.603248102708905
"LOC344887","blue",0.817567707940667,-0.672265177576368,0.817567707940667,0.672265177576368
"C4orf33","blue",0.817552363920253,-0.555417852749175,0.817552363920253,0.555417852749175
"PDCD6IP","blue",0.816692338438923,-0.555923524860713,0.816692338438923,0.555923524860713
"SLC17A4","blue",0.816405419568231,-0.650847391451303,0.816405419568231,0.650847391451303
"BCL2L14","blue",0.816169530437061,-0.54976236135351,0.816169530437061,0.54976236135351
"PDE8A","blue",0.815976871220834,-0.658331443673221,0.815976871220834,0.658331443673221
"C10orf99","blue",0.815403702378685,-0.608455593578937,0.815403702378685,0.608455593578937
"ANK3","blue",0.81514862282368,-0.699508367468668,0.81514862282368,0.699508367468668
"MICALCL","blue",0.814770008740029,-0.670014518288843,0.814770008740029,0.670014518288843
"GIPR","blue",0.814708486732427,-0.636656799583205,0.814708486732427,0.636656799583205
"TINAG","blue",0.814459728895404,-0.637172016702953,0.814459728895404,0.637172016702953
"PLEKHA6","blue",0.814374359821992,-0.485661783781336,0.814374359821992,0.485661783781336
"NXPE2","blue",0.814035895217777,-0.541356513987997,0.814035895217777,0.541356513987997
"SESN2","blue",0.81402482925117,-0.636260769377595,0.81402482925117,0.636260769377595
"PITPNM3","blue",0.813420115370197,-0.681502006529781,0.813420115370197,0.681502006529781
"LPAR5","blue",0.813209421097247,-0.525464534485793,0.813209421097247,0.525464534485793
"PHGR1","blue",0.812669427781532,-0.567948928410457,0.812669427781532,0.567948928410457
"IVNS1ABP","blue",0.812607183744772,-0.560007412350705,0.812607183744772,0.560007412350705
"KIAA1737","blue",0.812014946818501,-0.729093446622235,0.812014946818501,0.729093446622235
"PTPRF","blue",0.811966678116903,-0.533655367656014,0.811966678116903,0.533655367656014
"IMPA2","blue",0.811829974259202,-0.600387549555489,0.811829974259202,0.600387549555489
"PPP1R14D","blue",0.811463794961513,-0.583634386187236,0.811463794961513,0.583634386187236
"OSBPL7","blue",0.811403585831333,-0.606090630699101,0.811403585831333,0.606090630699101
"TMEM246","blue",0.811211762362564,-0.656710049209774,0.811211762362564,0.656710049209774
"CCNYL1","blue",0.811019703796395,-0.697999866848053,0.811019703796395,0.697999866848053
"PTPN18","blue",0.810932690737564,-0.652431615918353,0.810932690737564,0.652431615918353
"LTK","blue",0.81084387888497,-0.708323162251424,0.81084387888497,0.708323162251424
"MYO7B","blue",0.810523501399062,-0.529985455851836,0.810523501399062,0.529985455851836
"CAB39","blue",0.809631423650653,-0.636955534809579,0.809631423650653,0.636955534809579
"TESK2","blue",0.809510903583423,-0.621153644806307,0.809510903583423,0.621153644806307
"UCN3","blue",0.809493536170968,-0.654062226016404,0.809493536170968,0.654062226016404
"SLC25A23","blue",0.80949114460981,-0.810217844928769,0.80949114460981,0.810217844928769
"KBTBD11","blue",0.809254895118803,-0.609807256526133,0.809254895118803,0.609807256526133
"ENTPD5","blue",0.809169726836346,-0.57486063216511,0.809169726836346,0.57486063216511
"TCF7L2","blue",0.808896772443348,-0.621022494833916,0.808896772443348,0.621022494833916
"IGSF9","blue",0.8087329186643,-0.522961448964185,0.8087329186643,0.522961448964185
"DOLPP1","blue",0.808676822940977,-0.625620971548175,0.808676822940977,0.625620971548175
"MAP2K6","blue",0.807429662245389,-0.639505697207735,0.807429662245389,0.639505697207735
"RNF138","blue",0.80724872780336,-0.604465164341586,0.80724872780336,0.604465164341586
"GLOD5","blue",0.807184308254407,-0.614096433647264,0.807184308254407,0.614096433647264
"PHF7","blue",0.807179229888484,-0.619547339484776,0.807179229888484,0.619547339484776
"AKAP9","blue",0.806980317354203,-0.581209334751558,0.806980317354203,0.581209334751558
"KRCC1","blue",0.806896143903901,-0.615142928738387,0.806896143903901,0.615142928738387
"TLN2","blue",0.806486562321853,-0.6245118994192,0.806486562321853,0.6245118994192
"PRKCD","blue",0.806207608738898,-0.56692688957475,0.806207608738898,0.56692688957475
"RIMKLA","blue",0.805795302180844,-0.626248926502721,0.805795302180844,0.626248926502721
"UGT2A3","blue",0.805751179436976,-0.588732960427363,0.805751179436976,0.588732960427363
"CLCN2","blue",0.805264837692351,-0.637625512224935,0.805264837692351,0.637625512224935
"KTN1","blue",0.805030043925658,-0.638389512284399,0.805030043925658,0.638389512284399
"PIGR","blue",0.804760572236359,-0.682973319848378,0.804760572236359,0.682973319848378
"SUCLG2","blue",0.803682701700985,-0.534969105351105,0.803682701700985,0.534969105351105
"DOK4","blue",0.803678856720584,-0.598739042591492,0.803678856720584,0.598739042591492
"ERBB2","blue",0.802839629216554,-0.540647471167949,0.802839629216554,0.540647471167949
"PPARGC1B","blue",0.802786275360385,-0.67814546721195,0.802786275360385,0.67814546721195
"HPGD","blue",0.80158027234634,-0.656497445940507,0.80158027234634,0.656497445940507
"GNPTAB","blue",0.801577624321176,-0.681830948645686,0.801577624321176,0.681830948645686
"GPR108","blue",0.801445340928471,-0.718862447083738,0.801445340928471,0.718862447083738
"DDX60","blue",0.801410868133975,-0.688922225076571,0.801410868133975,0.688922225076571
"LRRC31","blue",0.8013352148971,-0.48824130143613,0.8013352148971,0.48824130143613
"LRRC1","blue",0.801325725578876,-0.651066772572293,0.801325725578876,0.651066772572293
"IGSF3","blue",0.801180128187669,-0.67190543606554,0.801180128187669,0.67190543606554
"MS4A8B","blue",0.800864130040544,-0.604834991346365,0.800864130040544,0.604834991346365
"VWA5A","blue",0.800788544966693,-0.761511958613512,0.800788544966693,0.761511958613512
"THAP4","blue",0.80039937134334,-0.6037608369267,0.80039937134334,0.6037608369267
"LOC285758","blue",0.800272399758298,-0.61718716696577,0.800272399758298,0.61718716696577
"MIER1","blue",0.799594411380576,-0.653178190755507,0.799594411380576,0.653178190755507
"MPND","blue",0.798867109904398,-0.646865388101221,0.798867109904398,0.646865388101221
"C14orf109","blue",0.798410476281011,-0.632903486162929,0.798410476281011,0.632903486162929
"CLMN","blue",0.798403784303014,-0.541550824205179,0.798403784303014,0.541550824205179
"C1orf21","blue",0.798098889478677,-0.70654467437781,0.798098889478677,0.70654467437781
"C21orf88","blue",0.797014532504424,-0.661907514385087,0.797014532504424,0.661907514385087
"SIRT6","blue",0.796726498664273,-0.630272224160248,0.796726498664273,0.630272224160248
"USP53","blue",0.796037020385037,-0.556218513359553,0.796037020385037,0.556218513359553
"FAM160A1","blue",0.795715684430982,-0.494373899716777,0.795715684430982,0.494373899716777
"LIMK2","blue",0.795177522359477,-0.578848387050809,0.795177522359477,0.578848387050809
"ABHD11-AS1","blue",0.795102966191039,-0.555143675263126,0.795102966191039,0.555143675263126
"PIGS","blue",0.794969696623016,-0.695372211650993,0.794969696623016,0.695372211650993
"HEATR5A","blue",0.794656573618969,-0.675714196016909,0.794656573618969,0.675714196016909
"PLEKHH1","blue",0.793798763535695,-0.539717253657358,0.793798763535695,0.539717253657358
"GSDMB","blue",0.793586392197171,-0.583297953407399,0.793586392197171,0.583297953407399
"SGPP2","blue",0.793158354280855,-0.564921390189349,0.793158354280855,0.564921390189349
"SGSM3","blue",0.792709399855754,-0.650370752935603,0.792709399855754,0.650370752935603
"TNFRSF11A","blue",0.79260068379872,-0.597588910376606,0.79260068379872,0.597588910376606
"TMEM98","blue",0.792205804863169,-0.639658898161268,0.792205804863169,0.639658898161268
"MGAT4A","blue",0.791645033011536,-0.629512040160119,0.791645033011536,0.629512040160119
"USP30","blue",0.791643120625196,-0.546289684773265,0.791643120625196,0.546289684773265
"CASP10","blue",0.79088459764313,-0.673119732684289,0.79088459764313,0.673119732684289
"MVP","blue",0.79073041185781,-0.615761032425308,0.79073041185781,0.615761032425308
"ILDR1","blue",0.790511763337952,-0.520572141716882,0.790511763337952,0.520572141716882
"SPECC1","blue",0.790438299772497,-0.692511940641639,0.790438299772497,0.692511940641639
"COX5A","blue",0.790064802278782,-0.508781096972243,0.790064802278782,0.508781096972243
"CYP4F12","blue",0.789944083403178,-0.538784126773973,0.789944083403178,0.538784126773973
"SPINT1","blue",0.789865463511507,-0.498423971755654,0.789865463511507,0.498423971755654
"CKMT1A","blue",0.789694782268808,-0.54238565834129,0.789694782268808,0.54238565834129
"PLA2G4F","blue",0.78944761601983,-0.608960789945643,0.78944761601983,0.608960789945643
"SYNE2","blue",0.789442040114139,-0.52098065855146,0.789442040114139,0.52098065855146
"GIPC2","blue",0.789345566404515,-0.480289944177007,0.789345566404515,0.480289944177007
"TST","blue",0.789334343501574,-0.506295974616774,0.789334343501574,0.506295974616774
"EXPH5","blue",0.789180180226428,-0.467060980148137,0.789180180226428,0.467060980148137
"MCU","blue",0.788907068389689,-0.599155795319724,0.788907068389689,0.599155795319724
"ZNF552","blue",0.788469735201583,-0.45588801170699,0.788469735201583,0.45588801170699
"FAM73B","blue",0.788049902061981,-0.701382399761883,0.788049902061981,0.701382399761883
"PLD1","blue",0.787310820046604,-0.611097616876616,0.787310820046604,0.611097616876616
"CTDP1","blue",0.786343992007484,-0.609352144131911,0.786343992007484,0.609352144131911
"UQCR10","blue",0.785981936131674,-0.551963616533014,0.785981936131674,0.551963616533014
"C1orf106","blue",0.785650209466903,-0.461863973128269,0.785650209466903,0.461863973128269
"LGR4","blue",0.785527624401911,-0.588431090524496,0.785527624401911,0.588431090524496
"UQCRC1","blue",0.78544044782296,-0.546296610650193,0.78544044782296,0.546296610650193
"GAB1","blue",0.785322204344925,-0.719599819823712,0.785322204344925,0.719599819823712
"TRIM10","blue",0.785117584178789,-0.531911438567445,0.785117584178789,0.531911438567445
"03-Mar","blue",0.78467211811196,-0.63737123821111,0.78467211811196,0.63737123821111
"HK2","blue",0.784211161171982,-0.525622030213255,0.784211161171982,0.525622030213255
"ATG4A","blue",0.784071861459381,-0.651981208310926,0.784071861459381,0.651981208310926
"ACSF2","blue",0.78394508813417,-0.567007930558584,0.78394508813417,0.567007930558584
"CAPN13","blue",0.783079661955357,-0.595344656139158,0.783079661955357,0.595344656139158
"MAST2","blue",0.782498563175494,-0.7144523561543,0.782498563175494,0.7144523561543
"SDHAP2","blue",0.7823351084854,-0.586159501176845,0.7823351084854,0.586159501176845
"PRSS12","blue",0.782189696543938,-0.653079834360635,0.782189696543938,0.653079834360635
"FZD5","blue",0.782157609147049,-0.461498725697347,0.782157609147049,0.461498725697347
"SGK2","blue",0.781419078068747,-0.478996847706187,0.781419078068747,0.478996847706187
"SLC44A1","blue",0.7810725677365,-0.469457249393349,0.7810725677365,0.469457249393349
"ARHGEF16","blue",0.780603909263302,-0.465175502158693,0.780603909263302,0.465175502158693
"CES2","blue",0.780463153351258,-0.54360577367008,0.780463153351258,0.54360577367008
"SLC17A5","blue",0.780206772329454,-0.541481823237326,0.780206772329454,0.541481823237326
"PRELID2","blue",0.779916106956111,-0.53031633690511,0.779916106956111,0.53031633690511
"IL18","blue",0.779119384732218,-0.525468010585877,0.779119384732218,0.525468010585877
"TMPRSS2","blue",0.779034282157859,-0.490029987916097,0.779034282157859,0.490029987916097
"CDC42SE2","blue",0.777995544082342,-0.587333330151399,0.777995544082342,0.587333330151399
"ZFP3","blue",0.777953824488423,-0.666569774667684,0.777953824488423,0.666569774667684
"TRPA1","blue",0.77783684183589,-0.752089228206465,0.77783684183589,0.752089228206465
"FBLIM1","blue",0.777417540110077,-0.757937916515152,0.777417540110077,0.757937916515152
"SERINC2","blue",0.777272054547803,-0.440054870117901,0.777272054547803,0.440054870117901
"KIAA1161","blue",0.777065603757424,-0.594024918117877,0.777065603757424,0.594024918117877
"IMPA1","blue",0.776318110421912,-0.552790899828345,0.776318110421912,0.552790899828345
"CLSTN1","blue",0.775975213247054,-0.667085814417034,0.775975213247054,0.667085814417034
"STX19","blue",0.775305812378013,-0.495860562145736,0.775305812378013,0.495860562145736
"FLNB","blue",0.774504904109556,-0.53224428382552,0.774504904109556,0.53224428382552
"CAPN2","blue",0.774364805610549,-0.639742461809798,0.774364805610549,0.639742461809798
"CRYBA2","blue",0.773851875623725,-0.656298528673895,0.773851875623725,0.656298528673895
"C1orf201","blue",0.77358378503777,-0.71084505729799,0.77358378503777,0.71084505729799
"DENND1B","blue",0.773577014052953,-0.546903185191934,0.773577014052953,0.546903185191934
"LTBP4","blue",0.773441201974859,-0.734648638765237,0.773441201974859,0.734648638765237
"HSBP1L1","blue",0.773071471108312,-0.524664952511093,0.773071471108312,0.524664952511093
"TNFSF10","blue",0.773051515417271,-0.589067852793234,0.773051515417271,0.589067852793234
"ANKRD13A","blue",0.772342726810355,-0.692511003584536,0.772342726810355,0.692511003584536
"XK","blue",0.772299594023101,-0.60427183947035,0.772299594023101,0.60427183947035
"CAMK2N1","blue",0.77209799840896,-0.556376433655976,0.77209799840896,0.556376433655976
"ATP2B1","blue",0.772014381647053,-0.614278944264072,0.772014381647053,0.614278944264072
"VPS37B","blue",0.771244577650159,-0.534924692511626,0.771244577650159,0.534924692511626
"SLC35G1","blue",0.771210031653279,-0.632617357111442,0.771210031653279,0.632617357111442
"PIP5K1B","blue",0.771205394784171,-0.590877188828125,0.771205394784171,0.590877188828125
"PROM2","blue",0.771166662365149,-0.569085188273609,0.771166662365149,0.569085188273609
"VAMP8","blue",0.771017357079531,-0.461837337412999,0.771017357079531,0.461837337412999
"JOSD1","blue",0.770801146041079,-0.695940775845734,0.770801146041079,0.695940775845734
"BAD","blue",0.77051457947856,-0.66164972903598,0.77051457947856,0.66164972903598
"C17orf109","blue",0.77035399409925,-0.7672553045375,0.77035399409925,0.7672553045375
"FLJ32063","blue",0.769666307956341,-0.55294257516827,0.769666307956341,0.55294257516827
"EPB41L4B","blue",0.769429868281369,-0.426391163106767,0.769429868281369,0.426391163106767
"CAST","blue",0.768381134120124,-0.588042656327155,0.768381134120124,0.588042656327155
"ATP5F1","blue",0.767554050888065,-0.544235449279644,0.767554050888065,0.544235449279644
"P2RY2","blue",0.767363212387497,-0.549882188713865,0.767363212387497,0.549882188713865
"DIRC2","blue",0.76668051389173,-0.596385110365404,0.76668051389173,0.596385110365404
"CGN","blue",0.766326924135506,-0.455773848507997,0.766326924135506,0.455773848507997
"WASL","blue",0.766176056807573,-0.629063065596989,0.766176056807573,0.629063065596989
"CTSS","blue",0.765651245420763,-0.518280165343647,0.765651245420763,0.518280165343647
"TAX1BP3","blue",0.765201616616693,-0.65670975375175,0.765201616616693,0.65670975375175
"COX6B2","blue",0.764993336645337,-0.641499504100469,0.764993336645337,0.641499504100469
"FMN1","blue",0.764710760719125,-0.528465841294786,0.764710760719125,0.528465841294786
"CCNDBP1","blue",0.764353720513897,-0.620110279177795,0.764353720513897,0.620110279177795
"GLTPD1","blue",0.764348507625519,-0.572573057341786,0.764348507625519,0.572573057341786
"ATP5A1","blue",0.763875613935452,-0.614863592991426,0.763875613935452,0.614863592991426
"ZADH2","blue",0.763632062381936,-0.649242092609255,0.763632062381936,0.649242092609255
"HADH","blue",0.763495539015463,-0.589081484816183,0.763495539015463,0.589081484816183
"TMEM144","blue",0.763468596785958,-0.555544173946649,0.763468596785958,0.555544173946649
"MFSD6L","blue",0.763204426005918,-0.491780620139597,0.763204426005918,0.491780620139597
"SLC16A5","blue",0.762851907620629,-0.571757121288737,0.762851907620629,0.571757121288737
"FAM63A","blue",0.762715593965285,-0.664709482648293,0.762715593965285,0.664709482648293
"TBC1D10A","blue",0.761983981909528,-0.656638702944874,0.761983981909528,0.656638702944874
"CXCL14","blue",0.761840840786166,-0.756120001616906,0.761840840786166,0.756120001616906
"ATP6V0D1","blue",0.761602221583218,-0.69889241968184,0.761602221583218,0.69889241968184
"NEU4","blue",0.761550136393746,-0.563905684250502,0.761550136393746,0.563905684250502
"ANKRD9","blue",0.761346336885812,-0.613198582930511,0.761346336885812,0.613198582930511
"MAML3","blue",0.760922258937744,-0.566423269722497,0.760922258937744,0.566423269722497
"SLC37A1","blue",0.760842279926689,-0.56315018014889,0.760842279926689,0.56315018014889
"DGKA","blue",0.76058101728095,-0.648828549920303,0.76058101728095,0.648828549920303
"PDE9A","blue",0.760266019541704,-0.691433304978836,0.760266019541704,0.691433304978836
"TSPAN8","blue",0.760158965377851,-0.442974397900872,0.760158965377851,0.442974397900872
"GOLPH3L","blue",0.760040685852268,-0.505984699031659,0.760040685852268,0.505984699031659
"CKMT1B","blue",0.759520111376428,-0.513337201049466,0.759520111376428,0.513337201049466
"MCOLN2","blue",0.759464070168405,-0.602793657513402,0.759464070168405,0.602793657513402
"C19orf33","blue",0.759429134933275,-0.422279760587681,0.759429134933275,0.422279760587681
"GOLGA2P5","blue",0.759164394725548,-0.536602978949652,0.759164394725548,0.536602978949652
"TMEM50A","blue",0.758456086083785,-0.645994875107286,0.758456086083785,0.645994875107286
"RNF186","blue",0.757652840398383,-0.521411269632392,0.757652840398383,0.521411269632392
"POLD4","blue",0.756985769708403,-0.528188296391367,0.756985769708403,0.528188296391367
"FAM134B","blue",0.756858457841123,-0.575832274054819,0.756858457841123,0.575832274054819
"TTC7A","blue",0.756564828738989,-0.693731533039276,0.756564828738989,0.693731533039276
"FRYL","blue",0.756116488822078,-0.535715967585007,0.756116488822078,0.535715967585007
"PI16","blue",0.755470497122254,-0.756713477793506,0.755470497122254,0.756713477793506
"AIFM3","blue",0.75419289250418,-0.520237849688256,0.75419289250418,0.520237849688256
"PKP2","blue",0.753802552948892,-0.457055697230623,0.753802552948892,0.457055697230623
"MAGI3","blue",0.753722674683837,-0.603448169231953,0.753722674683837,0.603448169231953
"MUC12","blue",0.752995977924077,-0.603311889351257,0.752995977924077,0.603311889351257
"RAB4B","blue",0.751775898616285,-0.631949534201751,0.751775898616285,0.631949534201751
"CORO2A","blue",0.751736530715289,-0.519873095295961,0.751736530715289,0.519873095295961
"AGR3","blue",0.751678633420682,-0.469422124486703,0.751678633420682,0.469422124486703
"ASAP2","blue",0.751439254595665,-0.637881062548702,0.751439254595665,0.637881062548702
"STARD5","blue",0.750983855161484,-0.516363427317109,0.750983855161484,0.516363427317109
"BPNT1","blue",0.750752027630425,-0.525264637765111,0.750752027630425,0.525264637765111
"ENTPD4","blue",0.750564107533285,-0.646630985096527,0.750564107533285,0.646630985096527
"ZFAND2B","blue",0.749119084911596,-0.566210481017334,0.749119084911596,0.566210481017334
"MAOA","blue",0.749070801686092,-0.573833941633124,0.749070801686092,0.573833941633124
"B3GNT8","blue",0.748940055600753,-0.596413179882746,0.748940055600753,0.596413179882746
"EDN2","blue",0.748708333917373,-0.571289345431226,0.748708333917373,0.571289345431226
"IDH3A","blue",0.748084389899396,-0.646151589684776,0.748084389899396,0.646151589684776
"KRT19","blue",0.747564961900295,-0.458642424144454,0.747564961900295,0.458642424144454
"BAIAP2L2","blue",0.747135010214365,-0.502904265118784,0.747135010214365,0.502904265118784
"FAM108C1","blue",0.747092304611765,-0.473255849148284,0.747092304611765,0.473255849148284
"MTNR1A","blue",0.747036473400132,-0.654547534336049,0.747036473400132,0.654547534336049
"SHD","blue",0.746920151378629,-0.482351059838055,0.746920151378629,0.482351059838055
"CKB","blue",0.746476892890212,-0.59978567710374,0.746476892890212,0.59978567710374
"GRAMD4","blue",0.746307483101921,-0.564099434130599,0.746307483101921,0.564099434130599
"NIPAL1","blue",0.746225347102248,-0.493343805836257,0.746225347102248,0.493343805836257
"BCAT2","blue",0.745365059070231,-0.602816225252107,0.745365059070231,0.602816225252107
"NR2F6","blue",0.744485294233202,-0.542926388968926,0.744485294233202,0.542926388968926
"C17orf59","blue",0.744429833373119,-0.665275393849988,0.744429833373119,0.665275393849988
"FOXD2","blue",0.744020178325299,-0.513153806171405,0.744020178325299,0.513153806171405
"RAB26","blue",0.743845488227499,-0.547783928256592,0.743845488227499,0.547783928256592
"TPRG1L","blue",0.743488895228798,-0.599332928940465,0.743488895228798,0.599332928940465
"CPT1A","blue",0.742944344948216,-0.553022524333063,0.742944344948216,0.553022524333063
"MADCAM1","blue",0.74252179911494,-0.749292624346564,0.74252179911494,0.749292624346564
"DOCK5","blue",0.742501722808,-0.527268454696782,0.742501722808,0.527268454696782
"DAB2IP","blue",0.742314554861138,-0.658979358599304,0.742314554861138,0.658979358599304
"RHOC","blue",0.741848003526275,-0.66961006131924,0.741848003526275,0.66961006131924
"SLC25A24","blue",0.741135006639059,-0.51491109399527,0.741135006639059,0.51491109399527
"RER1","blue",0.741038041273602,-0.561804388788894,0.741038041273602,0.561804388788894
"PRR13","blue",0.740127613836587,-0.507723851042127,0.740127613836587,0.507723851042127
"GAK","blue",0.739518440949143,-0.597180272575033,0.739518440949143,0.597180272575033
"FGD4","blue",0.739429564660248,-0.521390163863161,0.739429564660248,0.521390163863161
"SMCR7","blue",0.738866566561003,-0.608217006033768,0.738866566561003,0.608217006033768
"OR7E14P","blue",0.737414827711416,-0.573267886507032,0.737414827711416,0.573267886507032
"TFCP2L1","blue",0.736261952282616,-0.472270611700428,0.736261952282616,0.472270611700428
"SOSTDC1","blue",0.735424644528641,-0.632074256550351,0.735424644528641,0.632074256550351
"NAALADL1","blue",0.735098746322612,-0.712963535294625,0.735098746322612,0.712963535294625
"CEACAM1","blue",0.735029143165494,-0.53754131982094,0.735029143165494,0.53754131982094
"THSD4","blue",0.734954094766863,-0.637176679009848,0.734954094766863,0.637176679009848
"CCDC162P","blue",0.734534170479637,-0.460530541160811,0.734534170479637,0.460530541160811
"MPP5","blue",0.733552586856463,-0.62085534510005,0.733552586856463,0.62085534510005
"EPN3","blue",0.732755707145502,-0.481655704736419,0.732755707145502,0.481655704736419
"MARCKS","blue",0.732311147832186,-0.627831812741972,0.732311147832186,0.627831812741972
"AFG3L2","blue",0.731616232884048,-0.566599255015615,0.731616232884048,0.566599255015615
"CPNE2","blue",0.730971916563814,-0.673857404241923,0.730971916563814,0.673857404241923
"CTSA","blue",0.730898160287536,-0.575191856417449,0.730898160287536,0.575191856417449
"ATP2C2","blue",0.730878007952815,-0.448366470427065,0.730878007952815,0.448366470427065
"LDLRAP1","blue",0.730862918416953,-0.498151365545835,0.730862918416953,0.498151365545835
"SSTR1","blue",0.730498399338612,-0.551712358459696,0.730498399338612,0.551712358459696
"ATP5B","blue",0.729908090084883,-0.53426567478218,0.729908090084883,0.53426567478218
"LETM1","blue",0.729874502975028,-0.590818047541305,0.729874502975028,0.590818047541305
"ARV1","blue",0.729275236079924,-0.505025286197208,0.729275236079924,0.505025286197208
"PPYR1","blue",0.729068373832564,-0.592629365696874,0.729068373832564,0.592629365696874
"AKAP7","blue",0.727057969651913,-0.501270615156788,0.727057969651913,0.501270615156788
"SLC26A6","blue",0.726735344655202,-0.508473837655466,0.726735344655202,0.508473837655466
"SYNJ2BP","blue",0.726514856663847,-0.625123327861435,0.726514856663847,0.625123327861435
"XDH","blue",0.72638393660505,-0.537044269710208,0.72638393660505,0.537044269710208
"CREB3L1","blue",0.726075253509386,-0.590294950485633,0.726075253509386,0.590294950485633
"DGKQ","blue",0.725975529886212,-0.562343442077601,0.725975529886212,0.562343442077601
"BLOC1S1","blue",0.725559734678623,-0.545440680192672,0.725559734678623,0.545440680192672
"SDHD","blue",0.725333013709105,-0.525703120223479,0.725333013709105,0.525703120223479
"ACVR1C","blue",0.724749220235594,-0.547110563669444,0.724749220235594,0.547110563669444
"NRIP1","blue",0.724679692901698,-0.503551655710353,0.724679692901698,0.503551655710353
"SLITRK6","blue",0.724552898921861,-0.623647332032632,0.724552898921861,0.623647332032632
"UBE2J1","blue",0.724123159674647,-0.562523458638469,0.724123159674647,0.562523458638469
"TCEA3","blue",0.723955290961654,-0.462829648361171,0.723955290961654,0.462829648361171
"BCL2L11","blue",0.723749531485613,-0.476144090944836,0.723749531485613,0.476144090944836
"CACFD1","blue",0.723052717031663,-0.524873653279028,0.723052717031663,0.524873653279028
"PLEKHG6","blue",0.722981029603418,-0.480001371745714,0.722981029603418,0.480001371745714
"TBX10","blue",0.722632104086928,-0.548687239736634,0.722632104086928,0.548687239736634
"MKNK2","blue",0.72201740933505,-0.564348466517769,0.72201740933505,0.564348466517769
"ATP1B3","blue",0.721491927963147,-0.631549860894664,0.721491927963147,0.631549860894664
"MGST3","blue",0.720262968420698,-0.576728293641371,0.720262968420698,0.576728293641371
"SATB2","blue",0.720169939970997,-0.394912947112884,0.720169939970997,0.394912947112884
"CEP70","blue",0.718835447874748,-0.529799909685685,0.718835447874748,0.529799909685685
"BCMO1","blue",0.718648865378678,-0.538209819369,0.718648865378678,0.538209819369
"SH3BP1","blue",0.718619759901404,-0.508323744579198,0.718619759901404,0.508323744579198
"TNFSF13","blue",0.717293535498848,-0.558418087346575,0.717293535498848,0.558418087346575
"UBL3","blue",0.717248299160204,-0.534707951366968,0.717248299160204,0.534707951366968
"HERC3","blue",0.717024116659618,-0.627639108815064,0.717024116659618,0.627639108815064
"TPK1","blue",0.716983487588526,-0.616872902457685,0.716983487588526,0.616872902457685
"PVRL3","blue",0.716855636009367,-0.490165412598293,0.716855636009367,0.490165412598293
"ZSWIM6","blue",0.716838988664905,-0.594269931993583,0.716838988664905,0.594269931993583
"NET1","blue",0.716065503164431,-0.475417978161056,0.716065503164431,0.475417978161056
"HRASLS2","blue",0.716047343882859,-0.660213261930802,0.716047343882859,0.660213261930802
"PGGT1B","blue",0.715922227079368,-0.538733261432101,0.715922227079368,0.538733261432101
"LOC282997","blue",0.715660593786048,-0.691396422643907,0.715660593786048,0.691396422643907
"ATP6V0D2","blue",0.715256238279497,-0.554741142809276,0.715256238279497,0.554741142809276
"SULT1A4","blue",0.714736153134987,-0.554294232572449,0.714736153134987,0.554294232572449
"TMEM125","blue",0.714661763741013,-0.426141298293119,0.714661763741013,0.426141298293119
"HNF1B","blue",0.713240856746043,-0.360035533493064,0.713240856746043,0.360035533493064
"MYL12B","blue",0.712435442920232,-0.5107466604118,0.712435442920232,0.5107466604118
"PANK3","blue",0.711749027213944,-0.465503445512801,0.711749027213944,0.465503445512801
"HTR4","blue",0.711651046020417,-0.68253148018106,0.711651046020417,0.68253148018106
"EFNA2","blue",0.711600514833434,-0.502867648683717,0.711600514833434,0.502867648683717
"LOC100289019","blue",0.711449484645917,-0.50110105387241,0.711449484645917,0.50110105387241
"LGALS9","blue",0.711080148579514,-0.504712176526761,0.711080148579514,0.504712176526761
"BTBD3","blue",0.710593317694838,-0.629534592393972,0.710593317694838,0.629534592393972
"PGAP3","blue",0.710179068490293,-0.477943856459845,0.710179068490293,0.477943856459845
"KIAA1671","blue",0.710116803611117,-0.525291949765702,0.710116803611117,0.525291949765702
"BHLHE41","blue",0.709786245487731,-0.673605451050661,0.709786245487731,0.673605451050661
"UGDH","blue",0.709457232330325,-0.553049132710937,0.709457232330325,0.553049132710937
"PPM1A","blue",0.708587251335016,-0.598932480649042,0.708587251335016,0.598932480649042
"HOXB7","blue",0.708085079657171,-0.46943977286934,0.708085079657171,0.46943977286934
"PIGN","blue",0.707927198111129,-0.476788499777901,0.707927198111129,0.476788499777901
"CAMK2D","blue",0.707779310791267,-0.596044603792912,0.707779310791267,0.596044603792912
"MAGIX","blue",0.707446782612655,-0.508470058859775,0.707446782612655,0.508470058859775
"VIMP","blue",0.707280128445521,-0.533098314420267,0.707280128445521,0.533098314420267
"C1orf226","blue",0.70696300931932,-0.576136978028848,0.70696300931932,0.576136978028848
"S100A14","blue",0.706714134936887,-0.37860852679649,0.706714134936887,0.37860852679649
"GAL3ST1","blue",0.706470564217123,-0.539375633019691,0.706470564217123,0.539375633019691
"DDX26B","blue",0.706449026159503,-0.54517828346349,0.706449026159503,0.54517828346349
"CTSE","blue",0.705776287512695,-0.567171029918511,0.705776287512695,0.567171029918511
"FAM102B","blue",0.70523482940094,-0.531579958057822,0.70523482940094,0.531579958057822
"MAPK7","blue",0.70520724440966,-0.664126799617096,0.70520724440966,0.664126799617096
"ABCC3","blue",0.705111692648014,-0.379311697260172,0.705111692648014,0.379311697260172
"MPI","blue",0.704117644502441,-0.6308763708411,0.704117644502441,0.6308763708411
"CDX1","blue",0.703914791033147,-0.385464672518634,0.703914791033147,0.385464672518634
"FKBP1B","blue",0.703884659112058,-0.593963524799176,0.703884659112058,0.593963524799176
"LOC283070","blue",0.703741415876552,-0.478115845525562,0.703741415876552,0.478115845525562
"CDK3","blue",0.703308588881195,-0.543711786400527,0.703308588881195,0.543711786400527
"MUC13","blue",0.703176621856816,-0.407928890020716,0.703176621856816,0.407928890020716
"TSPAN15","blue",0.703017842892733,-0.581319799387647,0.703017842892733,0.581319799387647
"GHITM","blue",0.702870467902136,-0.499788026132433,0.702870467902136,0.499788026132433
"EDEM3","blue",0.701369452407634,-0.466692309640956,0.701369452407634,0.466692309640956
"ZSWIM5","blue",0.701158104135866,-0.530622172283253,0.701158104135866,0.530622172283253
"TMEM170A","blue",0.700849276996559,-0.457788696709574,0.700849276996559,0.457788696709574
"RAB27B","blue",0.70050006952475,-0.471335208433929,0.70050006952475,0.471335208433929
"ACER3","blue",0.700451834023878,-0.553555354526381,0.700451834023878,0.553555354526381
"TMEM44","blue",0.699916190637652,-0.573503562024957,0.699916190637652,0.573503562024957
"FAM21B","blue",0.699113276549216,-0.620649302522055,0.699113276549216,0.620649302522055
"TMEM63B","blue",0.698669467400684,-0.43418350754954,0.698669467400684,0.43418350754954
"INSL5","blue",0.698505927352072,-0.585737650796952,0.698505927352072,0.585737650796952
"MYZAP","blue",0.698123489409056,-0.684116157905522,0.698123489409056,0.684116157905522
"AGFG2","blue",0.697571015239849,-0.51224958587707,0.697571015239849,0.51224958587707
"LITAF","blue",0.696536259855179,-0.515119029291576,0.696536259855179,0.515119029291576
"MMP15","blue",0.696441197725069,-0.469945574453559,0.696441197725069,0.469945574453559
"LRP10","blue",0.69604534598967,-0.654704070084265,0.69604534598967,0.654704070084265
"BAK1","blue",0.694813036989202,-0.474567253491329,0.694813036989202,0.474567253491329
"OPTN","blue",0.694738940200798,-0.597285046916621,0.694738940200798,0.597285046916621
"CHMP1B","blue",0.694673470563389,-0.560245547041454,0.694673470563389,0.560245547041454
"CCDC64B","blue",0.694198443822247,-0.407322255850793,0.694198443822247,0.407322255850793
"IL17RE","blue",0.694102393679821,-0.415786530881074,0.694102393679821,0.415786530881074
"NUDT12","blue",0.694036501238201,-0.487844720783692,0.694036501238201,0.487844720783692
"GCSHP3","blue",0.693924528122316,-0.586327942206768,0.693924528122316,0.586327942206768
"KIAA1468","blue",0.693027730025916,-0.488842435863905,0.693027730025916,0.488842435863905
"TPRN","blue",0.692891540564302,-0.462022932504015,0.692891540564302,0.462022932504015
"COL17A1","blue",0.692759301771817,-0.436888681346264,0.692759301771817,0.436888681346264
"C19orf21","blue",0.692526329828162,-0.439704099206443,0.692526329828162,0.439704099206443
"PRR15L","blue",0.692229845624572,-0.346914381301925,0.692229845624572,0.346914381301925
"DQX1","blue",0.691818466932518,-0.515934059653563,0.691818466932518,0.515934059653563
"ATP5G3","blue",0.691806484626206,-0.402092772101433,0.691806484626206,0.402092772101433
"FAM177A1","blue",0.691675718990927,-0.475878917255967,0.691675718990927,0.475878917255967
"C7orf43","blue",0.691424699416701,-0.613832600890249,0.691424699416701,0.613832600890249
"ACVR1B","blue",0.690655725844524,-0.421313131669534,0.690655725844524,0.421313131669534
"ATP10B","blue",0.690643299352374,-0.380001860281231,0.690643299352374,0.380001860281231
"EXD3","blue",0.690456209700133,-0.652975230053005,0.690456209700133,0.652975230053005
"NUDT22","blue",0.689671953356174,-0.490979523092728,0.689671953356174,0.490979523092728
"OCEL1","blue",0.689645181655178,-0.535942202910691,0.689645181655178,0.535942202910691
"DSG2","blue",0.689438506711372,-0.353732323843317,0.689438506711372,0.353732323843317
"SLC6A9","blue",0.689305510210784,-0.664324288415305,0.689305510210784,0.664324288415305
"LMTK2","blue",0.688753939115698,-0.564839146594653,0.688753939115698,0.564839146594653
"EFCAB4B","blue",0.688274971573894,-0.465386613633149,0.688274971573894,0.465386613633149
"PLEKHJ1","blue",0.688237391348408,-0.460815537565584,0.688237391348408,0.460815537565584
"FAM98C","blue",0.687997346064044,-0.491575617764705,0.687997346064044,0.491575617764705
"NPY6R","blue",0.686902558622258,-0.60186514468374,0.686902558622258,0.60186514468374
"C12orf36","blue",0.686626657718269,-0.494995807057207,0.686626657718269,0.494995807057207
"GSR","blue",0.686366937093493,-0.439094796577887,0.686366937093493,0.439094796577887
"CCDC88C","blue",0.686237086593278,-0.549578987740013,0.686237086593278,0.549578987740013
"RAP1GAP","blue",0.686024865877537,-0.334428466004365,0.686024865877537,0.334428466004365
"NBL1","blue",0.685932273247829,-0.600200548541278,0.685932273247829,0.600200548541278
"NOXA1","blue",0.685748500372557,-0.462355058095722,0.685748500372557,0.462355058095722
"HES2","blue",0.685608121751719,-0.438558014957376,0.685608121751719,0.438558014957376
"FUT2","blue",0.685201421383862,-0.425190726870209,0.685201421383862,0.425190726870209
"CIB1","blue",0.685192950619661,-0.48899976482044,0.685192950619661,0.48899976482044
"RETNLB","blue",0.684085570561951,-0.497194921641357,0.684085570561951,0.497194921641357
"ANKS4B","blue",0.682944673234316,-0.33729971646533,0.682944673234316,0.33729971646533
"ZDHHC23","blue",0.682521421047765,-0.364514704243878,0.682521421047765,0.364514704243878
"CHGB","blue",0.682403440051925,-0.588735973291314,0.682403440051925,0.588735973291314
"TTC39A","blue",0.682293667064791,-0.439893560779291,0.682293667064791,0.439893560779291
"MLL5","blue",0.682020184484964,-0.577774699520385,0.682020184484964,0.577774699520385
"SH3KBP1","blue",0.681506063352069,-0.584441314681311,0.681506063352069,0.584441314681311
"FLJ27352","blue",0.678611887147416,-0.5845127872723,0.678611887147416,0.5845127872723
"SOWAHB","blue",0.678385283252233,-0.362335387986188,0.678385283252233,0.362335387986188
"C10orf57","blue",0.677855977323876,-0.477723724837367,0.677855977323876,0.477723724837367
"ABHD5","blue",0.677479744149247,-0.579668111978358,0.677479744149247,0.579668111978358
"NIPAL2","blue",0.677048293906844,-0.410158051958191,0.677048293906844,0.410158051958191
"NCOR1","blue",0.675687291153157,-0.52729158651815,0.675687291153157,0.52729158651815
"GP2","blue",0.675610754339049,-0.552964613061964,0.675610754339049,0.552964613061964
"C5orf63","blue",0.675303574961979,-0.434016501713506,0.675303574961979,0.434016501713506
"MED11","blue",0.674683171167388,-0.51289704503115,0.674683171167388,0.51289704503115
"SPINK5","blue",0.672804408647042,-0.510842857690905,0.672804408647042,0.510842857690905
"GNE","blue",0.67271017896881,-0.424530588994978,0.67271017896881,0.424530588994978
"SSFA2","blue",0.67241157738807,-0.460351651638834,0.67241157738807,0.460351651638834
"RPS6KA6","blue",0.672354468335719,-0.543120448905,0.672354468335719,0.543120448905
"C7orf59","blue",0.671647294336839,-0.551023954953342,0.671647294336839,0.551023954953342
"DLL1","blue",0.670780663001417,-0.679069565756864,0.670780663001417,0.679069565756864
"DNAJC4","blue",0.670533645688036,-0.619027141259359,0.670533645688036,0.619027141259359
"PRSS8","blue",0.669474415081104,-0.372431444981271,0.669474415081104,0.372431444981271
"HSD17B11","blue",0.669007011565447,-0.459199039701633,0.669007011565447,0.459199039701633
"CD2AP","blue",0.668986066243629,-0.379340589251881,0.668986066243629,0.379340589251881
"TMPRSS4","blue",0.66886035446091,-0.342902764770844,0.66886035446091,0.342902764770844
"DPP10","blue",0.668697944256762,-0.517651254521478,0.668697944256762,0.517651254521478
"PFKFB2","blue",0.668426871079565,-0.442187364262197,0.668426871079565,0.442187364262197
"CMAS","blue",0.668099409715113,-0.3996387488531,0.668099409715113,0.3996387488531
"TGFA","blue",0.667456587739219,-0.404240975436347,0.667456587739219,0.404240975436347
"HPS1","blue",0.667393541415899,-0.646473020696225,0.667393541415899,0.646473020696225
"FAM21A","blue",0.667295595695939,-0.606339407277019,0.667295595695939,0.606339407277019
"OVOL2","blue",0.667252871691912,-0.403880109303909,0.667252871691912,0.403880109303909
"FAM59A","blue",0.665684466498777,-0.453943955801577,0.665684466498777,0.453943955801577
"CLTB","blue",0.665511017466786,-0.524618075821005,0.665511017466786,0.524618075821005
"GNAQ","blue",0.664352397321144,-0.570016733937871,0.664352397321144,0.570016733937871
"LOC729013","blue",0.663616490964243,-0.42926790805149,0.663616490964243,0.42926790805149
"ABO","blue",0.662327035008664,-0.549084868531126,0.662327035008664,0.549084868531126
"FAM174B","blue",0.66224595865563,-0.490506372127146,0.66224595865563,0.490506372127146
"LLGL2","blue",0.662202221854492,-0.295921792548605,0.662202221854492,0.295921792548605
"NIPSNAP3A","blue",0.661784319473475,-0.385248548878064,0.661784319473475,0.385248548878064
"LOC283177","blue",0.661650952113756,-0.453833815665471,0.661650952113756,0.453833815665471
"PRSS3","blue",0.661227477403547,-0.362509948881855,0.661227477403547,0.362509948881855
"CDHR2","blue",0.661225320285004,-0.445969101359201,0.661225320285004,0.445969101359201
"RALGAPA1","blue",0.661037632635704,-0.51508351548435,0.661037632635704,0.51508351548435
"GAL3ST2","blue",0.658036855426917,-0.417435310584415,0.658036855426917,0.417435310584415
"KRT8","blue",0.657088556939259,-0.318143014186986,0.657088556939259,0.318143014186986
"SEMA3B","blue",0.656019375924267,-0.588496919160631,0.656019375924267,0.588496919160631
"SLC22A4","blue",0.655936847054179,-0.63747855802412,0.655936847054179,0.63747855802412
"LOC440335","blue",0.655874037033698,-0.334370909361833,0.655874037033698,0.334370909361833
"ACHE","blue",0.655725192351566,-0.596157412878545,0.655725192351566,0.596157412878545
"BSG","blue",0.655529188519211,-0.658265856873996,0.655529188519211,0.658265856873996
"FOXA1","blue",0.655405676410374,-0.394027290597875,0.655405676410374,0.394027290597875
"FUT3","blue",0.654979781844226,-0.398642299240415,0.654979781844226,0.398642299240415
"HOTTIP","blue",0.653799097183648,-0.487703842450793,0.653799097183648,0.487703842450793
"SYTL5","blue",0.652588569194925,-0.325499310618458,0.652588569194925,0.325499310618458
"KCNS3","blue",0.652220520306561,-0.621765396528018,0.652220520306561,0.621765396528018
"FUT6","blue",0.651951198871547,-0.330292262059628,0.651951198871547,0.330292262059628
"TC2N","blue",0.65155794512018,-0.425198904149924,0.65155794512018,0.425198904149924
"CTDSPL","blue",0.651345724823408,-0.506821013738999,0.651345724823408,0.506821013738999
"SOWAHA","blue",0.651207460208255,-0.473274172274219,0.651207460208255,0.473274172274219
"ULK3","blue",0.650545741436236,-0.60485012635831,0.650545741436236,0.60485012635831
"FAM150B","blue",0.650454518505781,-0.552426698422726,0.650454518505781,0.552426698422726
"SH2B1","blue",0.649991676805451,-0.627789565208099,0.649991676805451,0.627789565208099
"ATP5G1","blue",0.649799557856918,-0.424319869525701,0.649799557856918,0.424319869525701
"SLC9A3R1","blue",0.649116571927231,-0.441612209819999,0.649116571927231,0.441612209819999
"SFTPA2","blue",0.647263255940373,-0.558190424341455,0.647263255940373,0.558190424341455
"CLCN3","blue",0.647250959482481,-0.407204736402434,0.647250959482481,0.407204736402434
"HR","blue",0.646953596129031,-0.518499413529988,0.646953596129031,0.518499413529988
"UAP1","blue",0.645357670997379,-0.445616354562634,0.645357670997379,0.445616354562634
"MYO5C","blue",0.644118385856278,-0.428040705374955,0.644118385856278,0.428040705374955
"CRYM","blue",0.6438420245812,-0.373701492137677,0.6438420245812,0.373701492137677
"HNF1A-AS1","blue",0.643750410870513,-0.350378614408224,0.643750410870513,0.350378614408224
"PRADC1","blue",0.643160952445172,-0.476614407340204,0.643160952445172,0.476614407340204
"EYA2","blue",0.642454662563256,-0.537197133828381,0.642454662563256,0.537197133828381
"FA2H","blue",0.641645750211492,-0.328888298919845,0.641645750211492,0.328888298919845
"TMBIM4","blue",0.641163514465988,-0.436723477583675,0.641163514465988,0.436723477583675
"RASEF","blue",0.639872151399463,-0.32168734442448,0.639872151399463,0.32168734442448
"ZNF821","blue",0.639530767084489,-0.595125818524413,0.639530767084489,0.595125818524413
"C9orf152","blue",0.639298940301086,-0.309673010266162,0.639298940301086,0.309673010266162
"CD24","blue",0.639295880929233,-0.334184294832815,0.639295880929233,0.334184294832815
"MLPH","blue",0.637154031049339,-0.344808618810907,0.637154031049339,0.344808618810907
"INPP5J","blue",0.636844526162105,-0.533889506301618,0.636844526162105,0.533889506301618
"CMTM4","blue",0.636564498860948,-0.360798180623213,0.636564498860948,0.360798180623213
"DGAT1","blue",0.636059026277881,-0.454848444579239,0.636059026277881,0.454848444579239
"EFCAB4A","blue",0.63569605908034,-0.37794982698219,0.63569605908034,0.37794982698219
"SLC28A2","blue",0.635346248608206,-0.468189151209751,0.635346248608206,0.468189151209751
"MRAP2","blue",0.635273103688899,-0.400523092426405,0.635273103688899,0.400523092426405
"WFDC2","blue",0.634801843568442,-0.51910830913291,0.634801843568442,0.51910830913291
"MBOAT2","blue",0.633874410673182,-0.373059896403428,0.633874410673182,0.373059896403428
"OMP","blue",0.631297049312293,-0.414905622912547,0.631297049312293,0.414905622912547
"IFI27","blue",0.630972135299333,-0.437925755422082,0.630972135299333,0.437925755422082
"S100A10","blue",0.630690712687026,-0.356537010603264,0.630690712687026,0.356537010603264
"LOC729966","blue",0.629790700972192,-0.408484669836028,0.629790700972192,0.408484669836028
"ARMC7","blue",0.629549854861289,-0.513185124044467,0.629549854861289,0.513185124044467
"KLF5","blue",0.62785801632179,-0.299603617934065,0.62785801632179,0.299603617934065
"ALDH3A1","blue",0.627830138403919,-0.369361253204348,0.627830138403919,0.369361253204348
"UGT8","blue",0.626951240844441,-0.369103111885031,0.626951240844441,0.369103111885031
"STARD10","blue",0.625651575269275,-0.293066861464634,0.625651575269275,0.293066861464634
"COBL","blue",0.624940319873456,-0.423552092780107,0.624940319873456,0.423552092780107
"PLGRKT","blue",0.624102259823082,-0.450397742627168,0.624102259823082,0.450397742627168
"TET2","blue",0.623865265024002,-0.551746182734131,0.623865265024002,0.551746182734131
"HIST1H1C","blue",0.623819219581102,-0.489797041490089,0.623819219581102,0.489797041490089
"MPDU1","blue",0.622259899257269,-0.383167539379818,0.622259899257269,0.383167539379818
"AVIL","blue",0.622173761682187,-0.567356529659683,0.622173761682187,0.567356529659683
"CARD16","blue",0.622132102160361,-0.550274214905633,0.622132102160361,0.550274214905633
"PRR15","blue",0.62177863916954,-0.339987806941617,0.62177863916954,0.339987806941617
"TRIM40","blue",0.620093276599898,-0.505956367685802,0.620093276599898,0.505956367685802
"SLC9A3","blue",0.619849510171192,-0.56522045497229,0.619849510171192,0.56522045497229
"HOXA6","blue",0.619609941315481,-0.541590023580729,0.619609941315481,0.541590023580729
"FABP1","blue",0.615186516616278,-0.295780967454047,0.615186516616278,0.295780967454047
"LOC283710","blue",0.614400095535958,-0.487116485456761,0.614400095535958,0.487116485456761
"SFN","blue",0.613389847415862,-0.359124659444954,0.613389847415862,0.359124659444954
"AUH","blue",0.613027769780025,-0.382993165302987,0.613027769780025,0.382993165302987
"STRADB","blue",0.612802075687934,-0.389413807673352,0.612802075687934,0.389413807673352
"TTC19","blue",0.611569670042622,-0.362609866649111,0.611569670042622,0.362609866649111
"HOXA5","blue",0.611182636440308,-0.583119749415729,0.611182636440308,0.583119749415729
"AIM1","blue",0.610772154666092,-0.449308243836564,0.610772154666092,0.449308243836564
"EPS8L3","blue",0.610688544467243,-0.311332617715325,0.610688544467243,0.311332617715325
"SPINT2","blue",0.610483876059414,-0.285707980959943,0.610483876059414,0.285707980959943
"ME2","blue",0.610348985409478,-0.475441605239428,0.610348985409478,0.475441605239428
"PAK4","blue",0.610025856512336,-0.364747966203289,0.610025856512336,0.364747966203289
"REEP4","blue",0.609873144386084,-0.428865576114848,0.609873144386084,0.428865576114848
"GUCY2C","blue",0.606970520077857,-0.373972905830836,0.606970520077857,0.373972905830836
"TFF3","blue",0.606929040412502,-0.27775813529434,0.606929040412502,0.27775813529434
"APOBEC3B","blue",0.605993577049593,-0.483139511994665,0.605993577049593,0.483139511994665
"MTMR11","blue",0.604509701623332,-0.403069695343787,0.604509701623332,0.403069695343787
"OR2A4","blue",0.603664264587465,-0.466245556210064,0.603664264587465,0.466245556210064
"FAM110C","blue",0.603310772140485,-0.286536208779752,0.603310772140485,0.286536208779752
"KIAA0528","blue",0.603149463186026,-0.484805383778194,0.603149463186026,0.484805383778194
"LOC150381","blue",0.602283660148707,-0.424266970649494,0.602283660148707,0.424266970649494
"GMFB","blue",0.602192697224602,-0.398586302131801,0.602192697224602,0.398586302131801
"LINC00278","blue",0.601733750278799,-0.472870266454632,0.601733750278799,0.472870266454632
"GLOD4","blue",0.601478638887,-0.420091387831396,0.601478638887,0.420091387831396
"AKR1C3","blue",0.600468865321817,-0.421551674809861,0.600468865321817,0.421551674809861
"KLC4","blue",0.600234958657695,-0.360431389432543,0.600234958657695,0.360431389432543
"RNF19B","blue",0.60023216618754,-0.479117209719476,0.60023216618754,0.479117209719476
"INSM1","blue",0.600191570969192,-0.551441149715985,0.600191570969192,0.551441149715985
"CNTFR","blue",0.600111691294875,-0.550085071599842,0.600111691294875,0.550085071599842
"TMEM238","blue",0.599828023998989,-0.333790953855116,0.599828023998989,0.333790953855116
"SGK223","blue",0.598609889772455,-0.390472823704643,0.598609889772455,0.390472823704643
"ST3GAL4","blue",0.598200938799508,-0.455718371117893,0.598200938799508,0.455718371117893
"ZNF844","blue",0.597469900387528,-0.488101341585668,0.597469900387528,0.488101341585668
"OR2A7","blue",0.597083895910174,-0.459291235242316,0.597083895910174,0.459291235242316
"CNFN","blue",0.596517347341985,-0.405003128579333,0.596517347341985,0.405003128579333
"HHIP","blue",0.593790221251775,-0.279327138319855,0.593790221251775,0.279327138319855
"COL9A2","blue",0.592567161515488,-0.51160924258169,0.592567161515488,0.51160924258169
"CHCHD10","blue",0.591902635476473,-0.403921342915747,0.591902635476473,0.403921342915747
"RHOF","blue",0.590516946171692,-0.539555339881169,0.590516946171692,0.539555339881169
"ELOVL6","blue",0.589497629586191,-0.350297897695648,0.589497629586191,0.350297897695648
"NDUFA1","blue",0.589197892310559,-0.404549803820035,0.589197892310559,0.404549803820035
"FNIP2","blue",0.589117215634978,-0.412843992344229,0.589117215634978,0.412843992344229
"C10orf118","blue",0.588616646628283,-0.331713344724595,0.588616646628283,0.331713344724595
"EHF","blue",0.587653214766,-0.269615290588513,0.587653214766,0.269615290588513
"ENPP3","blue",0.587023165113664,-0.487202765307371,0.587023165113664,0.487202765307371
"TMEM120A","blue",0.586507002909319,-0.472773541777924,0.586507002909319,0.472773541777924
"TMEM129","blue",0.586437201332789,-0.534734172130331,0.586437201332789,0.534734172130331
"HNF4G","blue",0.585417912515784,-0.360566925380916,0.585417912515784,0.360566925380916
"C10orf108","blue",0.585056606715931,-0.555642457395069,0.585056606715931,0.555642457395069
"TAPBPL","blue",0.584869349971073,-0.548127622140592,0.584869349971073,0.548127622140592
"PI3","blue",0.584735646390669,-0.459048588909579,0.584735646390669,0.459048588909579
"FOXL1","blue",0.583710805465702,-0.560665865450049,0.583710805465702,0.560665865450049
"FAM83B","blue",0.582688566674557,-0.342781435466466,0.582688566674557,0.342781435466466
"FAM83F","blue",0.581628103860414,-0.32259987417348,0.581628103860414,0.32259987417348
"RETSAT","blue",0.581372463647693,-0.451590631466213,0.581372463647693,0.451590631466213
"RXFP4","blue",0.580410861770492,-0.393004967047282,0.580410861770492,0.393004967047282
"SLC13A2","blue",0.580174800482551,-0.421700030093853,0.580174800482551,0.421700030093853
"CAMK1D","blue",0.577929211386519,-0.331627904242051,0.577929211386519,0.331627904242051
"HAVCR1","blue",0.577717967386796,-0.314525602367881,0.577717967386796,0.314525602367881
"TRIM58","blue",0.577524348515231,-0.493834066177532,0.577524348515231,0.493834066177532
"CDH17","blue",0.575972318697273,-0.290825813338737,0.575972318697273,0.290825813338737
"ADRA2A","blue",0.575156855780101,-0.555025741675249,0.575156855780101,0.555025741675249
"SLC39A8","blue",0.574940500834914,-0.377136888588846,0.574940500834914,0.377136888588846
"TOR1B","blue",0.574672912227127,-0.382240836660894,0.574672912227127,0.382240836660894
"MUC20","blue",0.573860624939249,-0.344550276937461,0.573860624939249,0.344550276937461
"EGLN3","blue",0.573691479876136,-0.463506605735889,0.573691479876136,0.463506605735889
"ID3","blue",0.573065454157202,-0.472359267574105,0.573065454157202,0.472359267574105
"ABCG1","blue",0.572484353879943,-0.392292071470382,0.572484353879943,0.392292071470382
"KIAA1324","blue",0.572056769478052,-0.395698641717344,0.572056769478052,0.395698641717344
"FLJ22763","blue",0.5712422645461,-0.416322810123052,0.5712422645461,0.416322810123052
"E2F2","blue",0.570464451910428,-0.39890274015238,0.570464451910428,0.39890274015238
"PTPRR","blue",0.569834889731649,-0.418275046142324,0.569834889731649,0.418275046142324
"SLC6A8","blue",0.568460827623948,-0.463948340758981,0.568460827623948,0.463948340758981
"PCDH20","blue",0.568322782192361,-0.495075770561821,0.568322782192361,0.495075770561821
"TMEM141","blue",0.568083412800594,-0.253390174184836,0.568083412800594,0.253390174184836
"LOC113230","blue",0.567526617391802,-0.334283161319184,0.567526617391802,0.334283161319184
"CFTR","blue",0.567426237432395,-0.282970400230028,0.567426237432395,0.282970400230028
"ABCB1","blue",0.566178010787041,-0.458647895307193,0.566178010787041,0.458647895307193
"HIST1H2AI","blue",0.565088845837186,-0.43783506516147,0.565088845837186,0.43783506516147
"C1orf63","blue",0.564147161914531,-0.400884293468882,0.564147161914531,0.400884293468882
"LEFTY1","blue",0.562891641177415,-0.409074843088649,0.562891641177415,0.409074843088649
"C7orf31","blue",0.562886784277586,-0.461197208603189,0.562886784277586,0.461197208603189
"VAV3","blue",0.560538254235209,-0.364044659906332,0.560538254235209,0.364044659906332
"PNKD","blue",0.557881866373462,-0.305236056087563,0.557881866373462,0.305236056087563
"RNF223","blue",0.557218176120538,-0.285591250232032,0.557218176120538,0.285591250232032
"ZNF702P","blue",0.557003648841592,-0.410292718700395,0.557003648841592,0.410292718700395
"CASP1","blue",0.55626375992404,-0.452199526985758,0.55626375992404,0.452199526985758
"STX3","blue",0.556202076977107,-0.376438522869872,0.556202076977107,0.376438522869872
"MLXIP","blue",0.556177568079402,-0.489979720308424,0.556177568079402,0.489979720308424
"CNKSR1","blue",0.556092892116088,-0.261873490277821,0.556092892116088,0.261873490277821
"PPARG","blue",0.552395053465121,-0.256712427439392,0.552395053465121,0.256712427439392
"HOXB13","blue",0.552058578715176,-0.413670717804623,0.552058578715176,0.413670717804623
"CLDN3","blue",0.552056859088086,-0.260909867457062,0.552056859088086,0.260909867457062
"BMP8B","blue",0.551994814225659,-0.536369789562771,0.551994814225659,0.536369789562771
"FAR2","blue",0.55089072902012,-0.354005388326666,0.55089072902012,0.354005388326666
"MUC5B","blue",0.548786543162056,-0.362562259612553,0.548786543162056,0.362562259612553
"SCO1","blue",0.548201735420523,-0.354459906061262,0.548201735420523,0.354459906061262
"SLC22A18","blue",0.548055700263637,-0.310493715590766,0.548055700263637,0.310493715590766
"NUDT18","blue",0.547186687168505,-0.48950199588024,0.547186687168505,0.48950199588024
"ZNF704","blue",0.54694059306944,-0.324172339501382,0.54694059306944,0.324172339501382
"AGR2","blue",0.546535865035975,-0.25354817400495,0.546535865035975,0.25354817400495
"FLJ90757","blue",0.546474599025902,-0.350735951866586,0.546474599025902,0.350735951866586
"HIST1H2BD","blue",0.544075503774623,-0.367604454942992,0.544075503774623,0.367604454942992
"HLA-A","blue",0.543211061469742,-0.401511091027999,0.543211061469742,0.401511091027999
"OAS1","blue",0.541537121491167,-0.322313785106874,0.541537121491167,0.322313785106874
"HOXB-AS5","blue",0.540939865191967,-0.390440490472989,0.540939865191967,0.390440490472989
"DEGS2","blue",0.540821765119963,-0.319608395387481,0.540821765119963,0.319608395387481
"MAN2A1","blue",0.54079480539214,-0.357657188219179,0.54079480539214,0.357657188219179
"C11orf52","blue",0.540703932488816,-0.258547722772124,0.540703932488816,0.258547722772124
"EML2","blue",0.539749710057092,-0.35435206042056,0.539749710057092,0.35435206042056
"MUC1","blue",0.53927297941833,-0.376678286832823,0.53927297941833,0.376678286832823
"ASRGL1","blue",0.53859494634034,-0.421107837785419,0.53859494634034,0.421107837785419
"KLRC2","blue",0.535901475912477,-0.495755305975405,0.535901475912477,0.495755305975405
"ACSM3","blue",0.535319870354922,-0.20194064629001,0.535319870354922,0.20194064629001
"BEX5","blue",0.530787925544289,-0.40352253358106,0.530787925544289,0.40352253358106
"KCNK5","blue",0.530205555796374,-0.280203230827396,0.530205555796374,0.280203230827396
"WIPI1","blue",0.529394235462426,-0.392656184909375,0.529394235462426,0.392656184909375
"FGFBP1","blue",0.52863203609966,-0.347106648164727,0.52863203609966,0.347106648164727
"TRIM31","blue",0.528630329390531,-0.299447116840639,0.528630329390531,0.299447116840639
"ZG16B","blue",0.527453683058245,-0.289282084075792,0.527453683058245,0.289282084075792
"KCNJ2","blue",0.52569008396939,-0.358622722371303,0.52569008396939,0.358622722371303
"PLLP","blue",0.525202592851191,-0.365329497330548,0.525202592851191,0.365329497330548
"PPP1R1B","blue",0.524899449351727,-0.19413841203297,0.524899449351727,0.19413841203297
"RPL13AP20","blue",0.524620483840568,-0.385356740082245,0.524620483840568,0.385356740082245
"SYT13","blue",0.524434216245081,-0.335654748830149,0.524434216245081,0.335654748830149
"NDNF","blue",0.524237719539251,-0.588113615450548,0.524237719539251,0.588113615450548
"CCNG1","blue",0.524037919890603,-0.315978188279,0.524037919890603,0.315978188279
"ITGB6","blue",0.523263463560953,-0.256049263203535,0.523263463560953,0.256049263203535
"QSOX1","blue",0.521365805380909,-0.391692123305919,0.521365805380909,0.391692123305919
"C3orf52","blue",0.519881397651738,-0.169892918065164,0.519881397651738,0.169892918065164
"GPR128","blue",0.519432056490464,-0.406109654999248,0.519432056490464,0.406109654999248
"TMEM168","blue",0.519132761569966,-0.363823698000346,0.519132761569966,0.363823698000346
"IL22RA1","blue",0.516871531930185,-0.30975206192373,0.516871531930185,0.30975206192373
"HLA-C","blue",0.516583706478848,-0.418392740750598,0.516583706478848,0.418392740750598
"NDUFS4","blue",0.5165362966158,-0.28654120530583,0.5165362966158,0.28654120530583
"TP53TG1","blue",0.516033581156952,-0.416859193700617,0.516033581156952,0.416859193700617
"GALNT5","blue",0.514763536471669,-0.267494335280375,0.514763536471669,0.267494335280375
"IL2RG","blue",0.514706374179492,-0.296895841238165,0.514706374179492,0.296895841238165
"SPINK4","blue",0.512878384537149,-0.359983964535652,0.512878384537149,0.359983964535652
"PP7080","blue",0.512594172595693,-0.481201379065696,0.512594172595693,0.481201379065696
"ECH1","blue",0.512275251384129,-0.366326680348153,0.512275251384129,0.366326680348153
"C9orf24","blue",0.512190520461049,-0.522696989333169,0.512190520461049,0.522696989333169
"INADL","blue",0.509436052930212,-0.203576163618563,0.509436052930212,0.203576163618563
"FAM83G","blue",0.509397410937701,-0.262234679600301,0.509397410937701,0.262234679600301
"CPA6","blue",0.50928272241573,-0.368681929096874,0.50928272241573,0.368681929096874
"HOXB5","blue",0.508733810963301,-0.381929779014907,0.508733810963301,0.381929779014907
"KCNJ2-AS1","blue",0.508339218288052,-0.391021447582768,0.508339218288052,0.391021447582768
"TRIM15","blue",0.508210485246533,-0.233916367548755,0.508210485246533,0.233916367548755
"DAPK2","blue",0.507639886950245,-0.411377717363995,0.507639886950245,0.411377717363995
"SLC25A5","blue",0.506656234119267,-0.316172134358288,0.506656234119267,0.316172134358288
"IQGAP1","blue",0.505710119435984,-0.403161117539279,0.505710119435984,0.403161117539279
"PROM1","blue",0.505283304233784,-0.351908854120328,0.505283304233784,0.351908854120328
"PPP1R9A","blue",0.504871669340285,-0.422584233452674,0.504871669340285,0.422584233452674
"GSTM4","blue",0.502919617089622,-0.497832450526483,0.502919617089622,0.497832450526483
"YBEY","blue",0.502838909131005,-0.328138580396723,0.502838909131005,0.328138580396723
"MIR192","blue",0.50263043200107,-0.377967584193588,0.50263043200107,0.377967584193588
"HOXA13","blue",0.501730260822552,-0.442513588566296,0.501730260822552,0.442513588566296
"NEDD9","blue",0.498756539231398,-0.331620529089185,0.498756539231398,0.331620529089185
"TMC5","blue",0.49714696562756,-0.265204262692419,0.49714696562756,0.265204262692419
"MRPL41","blue",0.497135327044547,-0.360742832915243,0.497135327044547,0.360742832915243
"C11orf93","blue",0.495158711341819,-0.482174940106452,0.495158711341819,0.482174940106452
"PTGR2","blue",0.494867672410809,-0.295522366989756,0.494867672410809,0.295522366989756
"ARL4A","blue",0.494384738723512,-0.409370305571908,0.494384738723512,0.409370305571908
"PTCH1","blue",0.492835180382118,-0.414356142710595,0.492835180382118,0.414356142710595
"ZNF321P","blue",0.492657408868185,-0.235488315034131,0.492657408868185,0.235488315034131
"F3","blue",0.491200277731436,-0.503680788921039,0.491200277731436,0.503680788921039
"GPRC5C","blue",0.490796624072093,-0.248097224969036,0.490796624072093,0.248097224969036
"SYTL1","blue",0.489336101870561,-0.342743015236737,0.489336101870561,0.342743015236737
"HIST1H3E","blue",0.487526569937344,-0.376677388522343,0.487526569937344,0.376677388522343
"ESPN","blue",0.486805227388991,-0.290416201137705,0.486805227388991,0.290416201137705
"NOS2","blue",0.484570813243365,-0.494379260020468,0.484570813243365,0.494379260020468
"SLC15A1","blue",0.483714056298187,-0.3691698044677,0.483714056298187,0.3691698044677
"C17orf97","blue",0.480983306172154,-0.443991011249517,0.480983306172154,0.443991011249517
"GYG2P1","blue",0.477949170243753,-0.333450755761698,0.477949170243753,0.333450755761698
"TSPAN13","blue",0.477583488486254,-0.248887453739341,0.477583488486254,0.248887453739341
"FAM84A","blue",0.476301216238325,-0.200696345099698,0.476301216238325,0.200696345099698
"IHH","blue",0.475639541874678,-0.183862424030822,0.475639541874678,0.183862424030822
"PTPLB","blue",0.474988327476942,-0.284596317742279,0.474988327476942,0.284596317742279
"OPN3","blue",0.473044389740168,-0.322926516600749,0.473044389740168,0.322926516600749
"BLNK","blue",0.472263132703586,-0.184068530073881,0.472263132703586,0.184068530073881
"NBPF16","blue",0.471659264970488,-0.352246319936132,0.471659264970488,0.352246319936132
"NOX1","blue",0.471644113272259,-0.20209038927274,0.471644113272259,0.20209038927274
"REG4","blue",0.471229136556872,-0.344318674075901,0.471229136556872,0.344318674075901
"CAPN8","blue",0.470816215513278,-0.190557912327963,0.470816215513278,0.190557912327963
"LAMA3","blue",0.470458546276623,-0.305295835581351,0.470458546276623,0.305295835581351
"ADPRHL1","blue",0.468496634420011,-0.390641452107109,0.468496634420011,0.390641452107109
"ABCC6P2","blue",0.467707772936195,-0.329567823244653,0.467707772936195,0.329567823244653
"WNK4","blue",0.466790113922067,-0.200518980604935,0.466790113922067,0.200518980604935
"C11orf53","blue",0.465108613041861,-0.382766735996038,0.465108613041861,0.382766735996038
"CA8","blue",0.464723473157494,-0.356838263528171,0.464723473157494,0.356838263528171
"TMED6","blue",0.462850270921272,-0.339551504644655,0.462850270921272,0.339551504644655
"FN3K","blue",0.462250498546138,-0.365451096485821,0.462250498546138,0.365451096485821
"GALNT3","blue",0.460475439887739,-0.148889776017541,0.460475439887739,0.148889776017541
"LOC100499467","blue",0.459907080847674,-0.252676085202355,0.459907080847674,0.252676085202355
"SLC40A1","blue",0.458297994494933,-0.298256657918004,0.458297994494933,0.298256657918004
"PRAC","blue",0.458166658965656,-0.356547056540364,0.458166658965656,0.356547056540364
"CRIP1","blue",0.457399531214273,-0.361209520365799,0.457399531214273,0.361209520365799
"ENOSF1","blue",0.45702120867994,-0.349946500461823,0.45702120867994,0.349946500461823
"MESP1","blue",0.452976900545628,-0.472913120808171,0.452976900545628,0.472913120808171
"LMBRD2","blue",0.451216193624391,-0.314359603760109,0.451216193624391,0.314359603760109
"FLJ23867","blue",0.450610671281157,-0.254454515757011,0.450610671281157,0.254454515757011
"PRHOXNB","blue",0.450112866894588,-0.335054016901988,0.450112866894588,0.335054016901988
"MGC12982","blue",0.44872599015378,-0.228554312562642,0.44872599015378,0.228554312562642
"DMBT1","blue",0.448684746881435,-0.389170099913916,0.448684746881435,0.389170099913916
"CDX2","blue",0.446229823518913,-0.183718599688942,0.446229823518913,0.183718599688942
"CCDC14","blue",0.446182958960304,-0.251160177953082,0.446182958960304,0.251160177953082
"KREMEN1","blue",0.445890974978638,-0.356727275742553,0.445890974978638,0.356727275742553
"CLN3","blue",0.445513428690249,-0.312139892315081,0.445513428690249,0.312139892315081
"HIST1H2AC","blue",0.444962454397306,-0.31435150523504,0.444962454397306,0.31435150523504
"MGAT3","blue",0.44327104128702,-0.405970693296093,0.44327104128702,0.405970693296093
"FGFR3","blue",0.441746294302023,-0.191126165918242,0.441746294302023,0.191126165918242
"TMSB4Y","blue",0.441587528428785,-0.384434970245467,0.441587528428785,0.384434970245467
"TOR4A","blue",0.441306759460251,-0.253478014698988,0.441306759460251,0.253478014698988
"SPAG1","blue",0.441148626487801,-0.188641984970496,0.441148626487801,0.188641984970496
"C11orf92","blue",0.437974557745741,-0.452695475710692,0.437974557745741,0.452695475710692
"CEACAM5","blue",0.437202210290419,-0.177186675226815,0.437202210290419,0.177186675226815
"TMEM150B","blue",0.436158203534395,-0.343009670207482,0.436158203534395,0.343009670207482
"C10orf116","blue",0.435963816839268,-0.393515050535593,0.435963816839268,0.393515050535593
"SLC3A1","blue",0.434690053595079,-0.266079798079925,0.434690053595079,0.266079798079925
"ID1","blue",0.434506251447147,-0.308525606266511,0.434506251447147,0.308525606266511
"PPP1R14C","blue",0.433302006884402,-0.215972920480216,0.433302006884402,0.215972920480216
"MINOS1","blue",0.433291834037893,-0.327363253758546,0.433291834037893,0.327363253758546
"RORC","blue",0.433141405682203,-0.0759872921642721,0.433141405682203,0.0759872921642721
"ST6GALNAC4","blue",0.431393755529094,-0.382282193250133,0.431393755529094,0.382282193250133
"CDA","blue",0.429402443793808,-0.279232735562077,0.429402443793808,0.279232735562077
"NAPRT1","blue",0.428328660383427,-0.18699283675951,0.428328660383427,0.18699283675951
"LOC100505483","blue",0.427121494680288,-0.242953674479512,0.427121494680288,0.242953674479512
"L1TD1","blue",0.426398053530757,-0.392436285434585,0.426398053530757,0.392436285434585
"HOXA-AS3","blue",0.421457271935167,-0.382974241181368,0.421457271935167,0.382974241181368
"NEAT1","blue",0.420597876194097,-0.328369045945855,0.420597876194097,0.328369045945855
"C2orf89","blue",0.420204914385552,-0.172385008448072,0.420204914385552,0.172385008448072
"HOXA11-AS","blue",0.418427350404863,-0.417210979826462,0.418427350404863,0.417210979826462
"PLA2G2A","blue",0.416964497163971,-0.343829148320128,0.416964497163971,0.343829148320128
"CYCS","blue",0.416019994107797,-0.213210573692759,0.416019994107797,0.213210573692759
"ZNF468","blue",0.415574498734098,-0.153561129181556,0.415574498734098,0.153561129181556
"PCSK1","blue",0.413873081811791,-0.34442038223694,0.413873081811791,0.34442038223694
"GDA","blue",0.413313906374763,-0.211267513786336,0.413313906374763,0.211267513786336
"ACPP","blue",0.411670374307341,-0.263766952256105,0.411670374307341,0.263766952256105
"RHOV","blue",0.409175214691738,-0.270081811261621,0.409175214691738,0.270081811261621
"MTRNR2L2","blue",0.408865784876157,-0.277797978513488,0.408865784876157,0.277797978513488
"KRTAP5-2","blue",0.4049295233178,-0.266843206673657,0.4049295233178,0.266843206673657
"CDHR1","blue",0.404518526679362,-0.244912959458381,0.404518526679362,0.244912959458381
"MTRNR2L8","blue",0.40402299614039,-0.283769058821286,0.40402299614039,0.283769058821286
"SETD9","blue",0.402549758232068,-0.252535578294332,0.402549758232068,0.252535578294332
"TRIQK","blue",0.401988938477547,-0.137690977881681,0.401988938477547,0.137690977881681
"MPP7","blue",0.40184808176149,-0.403871764707767,0.40184808176149,0.403871764707767
"PTPRD","blue",0.401433338077296,-0.184683980799466,0.401433338077296,0.184683980799466
"NLRP2","blue",0.401007516714821,-0.381258232764964,0.401007516714821,0.381258232764964
"SLC52A3","blue",0.399386618970293,-0.267652194545402,0.399386618970293,0.267652194545402
"DMRT2","blue",0.398955162931842,-0.176602975712293,0.398955162931842,0.176602975712293
"AMT","blue",0.397989718133244,-0.263625555451021,0.397989718133244,0.263625555451021
"TMEM200A","blue",0.397685440055495,-0.352432405938597,0.397685440055495,0.352432405938597
"SLC25A5-AS1","blue",0.395244902836669,-0.245330608544486,0.395244902836669,0.245330608544486
"LOC100507346","blue",0.392436225559596,-0.366258170049209,0.392436225559596,0.366258170049209
"LIAS","blue",0.392049782072475,-0.24990382960497,0.392049782072475,0.24990382960497
"DOC2A","blue",0.389009418769234,-0.322191563090424,0.389009418769234,0.322191563090424
"TMEM63C","blue",0.388151954041706,-0.268668321732298,0.388151954041706,0.268668321732298
"MOGAT3","blue",0.386960757664067,-0.186642160678787,0.386960757664067,0.186642160678787
"ATP1B1","blue",0.384631923982215,-0.159093532609541,0.384631923982215,0.159093532609541
"PDZK1IP1","blue",0.384555320458616,-0.157061865353266,0.384555320458616,0.157061865353266
"GPRIN3","blue",0.381743529822661,-0.199044608740612,0.381743529822661,0.199044608740612
"ZNF503-AS1","blue",0.380645442287653,-0.164437999313685,0.380645442287653,0.164437999313685
"SLPI","blue",0.377882948907652,-0.180399940183831,0.377882948907652,0.180399940183831
"LOC100505738","blue",0.377590579441414,-0.314346634569886,0.377590579441414,0.314346634569886
"MGC21881","blue",0.3766232303673,-0.278094247773272,0.3766232303673,0.278094247773272
"WNK2","blue",0.376128107887843,-0.288813385047972,0.376128107887843,0.288813385047972
"ERAP1","blue",0.375177896682192,-0.31951600071407,0.375177896682192,0.31951600071407
"KLHL8","blue",0.374057925928676,-0.276384494878555,0.374057925928676,0.276384494878555
"S100A6","blue",0.370188110529257,-0.243068290295208,0.370188110529257,0.243068290295208
"ZNF69","blue",0.369941656302155,-0.153293114623415,0.369941656302155,0.153293114623415
"JUND","blue",0.369387713551929,-0.357958716772791,0.369387713551929,0.357958716772791
"SLC45A3","blue",0.368212179779941,-0.177170272077178,0.368212179779941,0.177170272077178
"COMTD1","blue",0.366388492971467,-0.145240672575684,0.366388492971467,0.145240672575684
"FAM105A","blue",0.364927089348845,-0.219196054909017,0.364927089348845,0.219196054909017
"HLA-F","blue",0.364726664067225,-0.295846422123482,0.364726664067225,0.295846422123482
"PLBD1","blue",0.364063987360983,-0.196800431091191,0.364063987360983,0.196800431091191
"LEFTY2","blue",0.361119824416212,-0.365851377384869,0.361119824416212,0.365851377384869
"UGT2B17","blue",0.357986543711337,-0.252324874750306,0.357986543711337,0.252324874750306
"FCGRT","blue",0.356445516984141,-0.270495056591478,0.356445516984141,0.270495056591478
"DACT2","blue",0.354797429377597,-0.303577073380273,0.354797429377597,0.303577073380273
"TTTY14","blue",0.353032257415322,-0.294111844606227,0.353032257415322,0.294111844606227
"PTPRN2","blue",0.352510408960536,-0.349744422132877,0.352510408960536,0.349744422132877
"EPS8L1","blue",0.348205813222034,-0.0553922954790848,0.348205813222034,0.0553922954790848
"AK1","blue",0.345838176789653,-0.363752616722634,0.345838176789653,0.363752616722634
"RASL11A","blue",0.345546198427638,-0.219863097151169,0.345546198427638,0.219863097151169
"C17orf28","blue",0.342549030279111,-0.228734082667283,0.342549030279111,0.228734082667283
"SERF1B","blue",0.342313009542172,-0.306984244377578,0.342313009542172,0.306984244377578
"GJB2","blue",0.340576186039571,-0.223695828138699,0.340576186039571,0.223695828138699
"PYGB","blue",0.334489881615826,-0.25892125888157,0.334489881615826,0.25892125888157
"HOXA7","blue",0.332183406287816,-0.333323032223005,0.332183406287816,0.333323032223005
"MIR210HG","blue",0.331040491842077,-0.12766710210335,0.331040491842077,0.12766710210335
"GNA14","blue",0.329774236266075,-0.234202027715773,0.329774236266075,0.234202027715773
"ZNF775","blue",0.328788117607682,-0.363258314809373,0.328788117607682,0.363258314809373
"RGL3","blue",0.328118841852983,-0.126031047460134,0.328118841852983,0.126031047460134
"WNT10A","blue",0.326942292954645,-0.291899090867181,0.326942292954645,0.291899090867181
"LCN15","blue",0.325824754496608,-0.211672916713352,0.325824754496608,0.211672916713352
"GGT1","blue",0.323461380566131,-0.152962268271499,0.323461380566131,0.152962268271499
"EPB49","blue",0.321949950093249,-0.293530671041367,0.321949950093249,0.293530671041367
"LCN2","blue",0.318693819838206,-0.205416089281757,0.318693819838206,0.205416089281757
"ADORA2B","blue",0.318244879992815,-0.122182025129674,0.318244879992815,0.122182025129674
"OTUD1","blue",0.317221950622936,-0.340403518940745,0.317221950622936,0.340403518940745
"LPIN3","blue",0.316832089121792,-0.199103580150224,0.316832089121792,0.199103580150224
"ARHGAP8","blue",0.312340464892364,-0.0124396452294252,0.312340464892364,0.0124396452294252
"KIAA1324L","blue",0.307962567185211,-0.323337550863734,0.307962567185211,0.323337550863734
"SAMD5","blue",0.307689151166453,-0.213322928771652,0.307689151166453,0.213322928771652
"LOC145837","blue",0.307661525684977,-0.16489227841186,0.307661525684977,0.16489227841186
"HOXB9","blue",0.306494161735852,-0.0494739328752141,0.306494161735852,0.0494739328752141
"UTY","blue",0.305060884739884,-0.275277387449674,0.305060884739884,0.275277387449674
"ADAP1","blue",0.302374283180334,-0.110044789182469,0.302374283180334,0.110044789182469
"LOC400643","blue",0.301362536306291,-0.0902637527186256,0.301362536306291,0.0902637527186256
"C7orf55","blue",0.299282862800551,-0.198555425498455,0.299282862800551,0.198555425498455
"USP9Y","blue",0.292923048937199,-0.312375404019758,0.292923048937199,0.312375404019758
"KCNG1","blue",0.291184376393091,-0.325765397630532,0.291184376393091,0.325765397630532
"ANXA13","blue",0.287285261814443,-0.10628502098718,0.287285261814443,0.10628502098718
"SLC7A4","blue",0.285956582756497,-0.113343277447705,0.285956582756497,0.113343277447705
"YBX2","blue",0.282939969006682,-0.146429747766476,0.282939969006682,0.146429747766476
"NDRG1","blue",0.278805973994187,-0.155525381162139,0.278805973994187,0.155525381162139
"TTTY15","blue",0.268463215739511,-0.255501728747827,0.268463215739511,0.255501728747827
"KIAA1984","blue",0.261921996478654,-0.0497129542406914,0.261921996478654,0.0497129542406914
"LOC100505806","blue",0.259319084171056,-0.111047024501207,0.259319084171056,0.111047024501207
"NR1I2","blue",0.252641787019011,-0.00698056207478624,0.252641787019011,0.00698056207478624
"TSPAN12","blue",0.25263831106933,-0.142046903214922,0.25263831106933,0.142046903214922
"PPDPF","blue",0.249014822374256,-0.0923602159449284,0.249014822374256,0.0923602159449284
"LOC100128770","blue",0.225393688088329,-0.0181598566996382,0.225393688088329,0.0181598566996382
"SH3YL1","blue",0.222697653401159,0.00950419577557533,0.222697653401159,0.00950419577557533
"GCNT1","blue",0.222495692125375,-0.0536843859810233,0.222495692125375,0.0536843859810233
"GALNT4","blue",0.200087356383469,0.06775062258845,0.200087356383469,0.06775062258845
"GPRC5A","blue",0.175398554326701,-0.00186556259997448,0.175398554326701,0.00186556259997448
"SH3D21","blue",0.15922998609108,-0.0294521777103665,0.15922998609108,0.0294521777103665
"SLC16A3","blue",0.1509750102535,-0.0567507430289629,0.1509750102535,0.0567507430289629
"HOXA3","blue",0.130744680695447,-0.0988211699961258,0.130744680695447,0.0988211699961258
"RNF157","blue",0.125201066752544,-0.0579794944951815,0.125201066752544,0.0579794944951815
