"ONTOLOGY","ID","Description","GeneRatio","BgRatio","RichFactor","FoldEnrichment","zScore","pvalue","p.adjust","qvalue","geneID","Count"
"BP","GO:0016053","organic acid biosynthetic process","48/656","334/18986",0.143712574850299,4.15933985687162,11.0200322215268,4.18055710085834e-17,2.03425908527767e-13,1.50984120137316e-13,"APOC2/APOC3/CYP2E1/FMO3/APOC1/AGXT/PAH/SLC27A5/CPS1/CYP2C9/RGN/MLXIPL/TRIB3/MTHFD1L/PSAT1/GATM/SHMT2/GAMT/PROX1/INSIG1/CYP2D6/LIPC/SCD/FASN/KYNU/ELOVL5/CYP3A4/CYP39A1/SLC1A3/GLS2/MIF/MTHFD1/ABHD2/CES1/LIPG/ERRFI1/CBS/OTC/SDS/FGFR4/FADS1/CYP27A1/PHGDH/FADS2/RBP1/PYCR1/ABAT/IL1B",48
"BP","GO:0046394","carboxylic acid biosynthetic process","47/656","331/18986",0.141993957703928,4.10959951366885,10.7968437862816,1.455148967454e-16,3.54037743781558e-13,2.62769268807088e-13,"APOC2/APOC3/CYP2E1/APOC1/AGXT/PAH/SLC27A5/CPS1/CYP2C9/RGN/MLXIPL/TRIB3/MTHFD1L/PSAT1/GATM/SHMT2/GAMT/PROX1/INSIG1/CYP2D6/LIPC/SCD/FASN/KYNU/ELOVL5/CYP3A4/CYP39A1/SLC1A3/GLS2/MIF/MTHFD1/ABHD2/CES1/LIPG/ERRFI1/CBS/OTC/SDS/FGFR4/FADS1/CYP27A1/PHGDH/FADS2/RBP1/PYCR1/ABAT/IL1B",47
"BP","GO:0006959","humoral immune response","45/656","310/18986",0.145161290322581,4.20126868607396,10.7507070737703,2.82333964504631e-16,4.57945690426512e-13,3.39890467443996e-13,"FCN3/COLEC11/FGB/FGA/HPX/CFHR1/TF/HRG/HAMP/CFI/KNG1/C5/C4BPA/CFB/C4BPB/C2/MMP7/SLC11A1/C8G/C4B/CXCL6/C3/CXCL2/LEAP2/TREM2/TREM1/C4A/SERPING1/CCL3/CXCL10/S100A9/CXCL11/CCL4/SPON2/ANG/CFH/C1R/CXCL9/MASP1/CCL4L1/CXCL3/CLU/C1S/IL1B/CCL18",45
"BP","GO:0009410","response to xenobiotic stimulus","54/656","451/18986",0.119733924611973,3.46534800713861,10.0241186011576,1.41302984527405e-15,1.71895080677588e-12,1.27581721029875e-12,"APOA2/CYP2E1/PLIN2/CPS1/CYP2C9/ACSL1/NNMT/SLCO1B3/AOX1/TNFRSF11B/CCND1/CYP2D6/PON3/CTPS1/MMP7/GSTO1/COMT/CDH3/MYC/COL18A1/CYP3A4/SLC29A1/LRP8/SLC1A3/E2F1/CYP2B6/AKR1C1/PDX1/CYP1B1/RAD54B/CA9/SMOX/UGT2B7/ERRFI1/UGT1A6/FBP1/FOSL1/CRYZ/COL1A1/UGT1A1/CYP4F2/DPEP1/OTC/KCNJ8/IGFBP2/ITGA2/CDK1/CCNO/GSTA1/ABAT/MAOB/UGT2B15/IL1B/CYP2W1",54
"BP","GO:0006956","complement activation","21/656","67/18986",0.313432835820896,9.0713960684383,12.5202488129114,4.3311845099211e-15,4.21510876505522e-12,3.12848295863985e-12,"FCN3/COLEC11/CFHR1/CFI/C5/C4BPA/CFB/C4BPB/C2/C8G/C4B/C3/TREM2/C4A/SERPING1/CFH/C1R/MASP1/CLU/C1S/IL1B",21
"BP","GO:0006869","lipid transport","53/656","459/18986",0.115468409586057,3.34189515914767,9.60831491713512,1.19362165789997e-14,9.68027164556873e-12,7.18476475132419e-12,"APOA2/APOC2/APOC3/APOA1/APOH/APOC1/SPP1/AQP9/RBP4/AGT/SLC27A5/PLIN2/NR0B2/APOM/ACSL1/ATP11A/SLCO1B3/SLCO4A1/LIPC/INHBA/COMT/TMEM97/SHH/SIGMAR1/GLTPD2/APOE/SLC13A3/MSR1/AKR1C1/MIF/TREM2/CES1/LIPG/PCSK9/FABP6/SYT7/CYP4F2/LCAT/SLC43A3/GRAMD1A/KCNJ8/STRA6/LDLR/AGTR1/TTPA/SLC2A1/RBP1/FABP3/PLA2G12B/RBP5/CLU/IL1B/PRAP1",53
"BP","GO:0008202","steroid metabolic process","44/656","334/18986",0.131736526946108,3.81272820213232,9.81102281556622,2.20906460609703e-14,1.53561548189545e-11,1.13974446067954e-11,"APOA2/APOA1/CYP2E1/GC/APOC1/SPP1/HSD11B1/SLC27A5/SEC14L2/NR0B2/CYP2C9/SERPINA6/PROX1/INSIG1/CYP2D6/LIPC/INHBA/DHCR7/SHH/SNAI1/HSD17B6/CYP3A4/MSMO1/CYP39A1/APOE/SQLE/CYP2B6/AKR1C1/EBPL/CYP1B1/CES1/PCSK9/UGT2B7/ERRFI1/UGT1A1/LCAT/SULT2B1/TM7SF2/LEPR/FGFR4/LDLR/IGFBP7/CYP27A1/UGT2B15",44
"BP","GO:1900047","negative regulation of hemostasis","18/656","51/18986",0.352941176470588,10.2148493543759,12.4656997140523,3.76355883531472e-14,2.28918466158018e-11,1.69904873210063e-11,"FGG/VTN/FGB/FGA/APOH/SERPINF2/F12/HRG/PROC/KNG1/SERPINE1/APOE/FAP/SERPING1/COMP/SERPINE2/TFPI/PROS1",18
"BP","GO:0002526","acute inflammatory response","25/656","110/18986",0.227272727272727,6.57774390243902,11.0987972094316,4.24136288780475e-14,2.2931635346731e-11,1.70200187930504e-11,"ORM2/ORM1/HP/AHSG/CRP/SERPINF2/F12/ITIH4/SAA2/TFR2/FCGR3A/SERPINA3/SAA1/CEBPB/SERPINA1/FCGR1A/FN1/C3/CREB3L3/IL1RN/UGT1A1/OSM/VNN1/FCGR3B/IL1B",25
"BP","GO:0006953","acute-phase response","17/656","48/18986",0.354166666666667,10.2503175813008,12.1390917433064,1.81635174923418e-13,8.45250420183301e-11,6.27350723959786e-11,"ORM2/ORM1/HP/AHSG/CRP/SERPINF2/ITIH4/SAA2/TFR2/SERPINA3/SAA1/CEBPB/SERPINA1/FN1/IL1RN/UGT1A1/IL1B",17
"BP","GO:1900046","regulation of hemostasis","20/656","71/18986",0.28169014084507,8.15269666781175,11.4227796017502,1.91075927291745e-13,8.45250420183301e-11,6.27350723959786e-11,"FGG/VTN/FGB/FGA/APOH/SERPINF2/SERPINC1/F12/HRG/PROC/KNG1/SERPINE1/APOE/FAP/SERPING1/F2R/COMP/SERPINE2/TFPI/PROS1",20
"BP","GO:0030195","negative regulation of blood coagulation","17/656","50/18986",0.34,9.84030487804878,11.8408835642109,3.95066549362707e-13,1.60199485766578e-10,1.18901169373987e-10,"FGG/VTN/FGB/FGA/APOH/SERPINF2/F12/HRG/PROC/KNG1/SERPINE1/APOE/FAP/SERPING1/SERPINE2/TFPI/PROS1",17
"BP","GO:0030193","regulation of blood coagulation","19/656","69/18986",0.27536231884058,7.96955638034641,10.9718418015375,1.20846292209313e-12,4.52336967608089e-10,3.35727634469759e-10,"FGG/VTN/FGB/FGA/APOH/SERPINF2/SERPINC1/F12/HRG/PROC/KNG1/SERPINE1/APOE/FAP/SERPING1/F2R/SERPINE2/TFPI/PROS1",19
"BP","GO:0050819","negative regulation of coagulation","17/656","54/18986",0.314814814814815,9.11139340560072,11.2919796112139,1.66268282546317e-12,5.77901044907415e-10,4.28922163470989e-10,"FGG/VTN/FGB/FGA/APOH/SERPINF2/F12/HRG/PROC/KNG1/SERPINE1/APOE/FAP/SERPING1/SERPINE2/TFPI/PROS1",17
"BP","GO:0050818","regulation of coagulation","19/656","76/18986",0.25,7.23551829268293,10.3040884329417,7.96741555739139e-12,2.58462960681777e-09,1.91833001946736e-09,"FGG/VTN/FGB/FGA/APOH/SERPINF2/SERPINC1/F12/HRG/PROC/KNG1/SERPINE1/APOE/FAP/SERPING1/F2R/SERPINE2/TFPI/PROS1",19
"BP","GO:0042060","wound healing","47/656","444/18986",0.105855855855856,3.06368792573061,8.32402177896773,9.18912087628896e-12,2.63809737937354e-09,1.95801417107548e-09,"CLDN1/FGL1/FGG/VTN/FGB/FGA/APOH/SERPINF2/SERPINC1/F12/HRG/SERPINA10/TNFRSF12A/SAA1/AJUBA/TIMP1/PROC/KNG1/SERPINA1/SERPINE1/C4BPB/SLC11A1/F10/VEGFA/FN1/TMEM97/SHH/APOE/FAP/SDC4/SERPING1/SYT7/LRG1/CYP4F2/F2R/EREG/MSX2/ITGA2/FKBP10/COL5A1/COMP/SERPINE2/PTK7/TFPI/TFPI2/PROS1/FERMT1",47
"BP","GO:0072330","monocarboxylic acid biosynthetic process","32/656","224/18986",0.142857142857143,4.1345818815331,8.92770950012406,9.47305494717595e-12,2.63809737937354e-09,1.95801417107548e-09,"APOC2/APOC3/CYP2E1/APOC1/SLC27A5/CYP2C9/RGN/MLXIPL/TRIB3/GATM/GAMT/PROX1/INSIG1/CYP2D6/LIPC/SCD/FASN/ELOVL5/CYP3A4/CYP39A1/MIF/ABHD2/CES1/LIPG/ERRFI1/SDS/FGFR4/FADS1/CYP27A1/FADS2/RBP1/IL1B",32
"BP","GO:0043691","reverse cholesterol transport","11/656","20/18986",0.55,15.9181402439024,12.6275122430938,9.75868327758401e-12,2.63809737937354e-09,1.95801417107548e-09,"APOA2/APOC2/APOC3/APOA1/APOM/LIPC/APOE/CES1/LIPG/LCAT/CLU",11
"BP","GO:0030198","extracellular matrix organization","40/656","339/18986",0.117994100294985,3.41499388445212,8.48764852291491,1.20695752373036e-11,3.09108174235366e-09,2.29422230688027e-09,"VTN/SERPINF2/AGT/HPN/PRDX4/TGFBI/TNFRSF11B/ADAMTSL2/ADAMTS2/MMP7/COL4A1/GAS2/P4HA1/COL18A1/ADAMTS4/FAP/CYP1B1/COL4A2/COL1A1/SMOC1/MMP9/TMPRSS6/FGFR4/ITGA2/SOX9/FKBP10/SULF1/COL10A1/COL5A1/OLFML2B/LOXL2/COMP/MMP11/COL5A2/COL11A1/AXIN2/COL1A2/FERMT1/POSTN/SERPINB5",40
"BP","GO:0043062","extracellular structure organization","40/656","340/18986",0.117647058823529,3.40494978479197,8.46503229416502,1.32415700341872e-11,3.22167398931774e-09,2.39114877827875e-09,"VTN/SERPINF2/AGT/HPN/PRDX4/TGFBI/TNFRSF11B/ADAMTSL2/ADAMTS2/MMP7/COL4A1/GAS2/P4HA1/COL18A1/ADAMTS4/FAP/CYP1B1/COL4A2/COL1A1/SMOC1/MMP9/TMPRSS6/FGFR4/ITGA2/SOX9/FKBP10/SULF1/COL10A1/COL5A1/OLFML2B/LOXL2/COMP/MMP11/COL5A2/COL11A1/AXIN2/COL1A2/FERMT1/POSTN/SERPINB5",40
"BP","GO:0045229","external encapsulating structure organization","40/656","341/18986",0.117302052785924,3.39496459480724,8.44250022995644,1.45216825740413e-11,3.36488130501357e-09,2.49743824117973e-09,"VTN/SERPINF2/AGT/HPN/PRDX4/TGFBI/TNFRSF11B/ADAMTSL2/ADAMTS2/MMP7/COL4A1/GAS2/P4HA1/COL18A1/ADAMTS4/FAP/CYP1B1/COL4A2/COL1A1/SMOC1/MMP9/TMPRSS6/FGFR4/ITGA2/SOX9/FKBP10/SULF1/COL10A1/COL5A1/OLFML2B/LOXL2/COMP/MMP11/COL5A2/COL11A1/AXIN2/COL1A2/FERMT1/POSTN/SERPINB5",40
"BP","GO:0046942","carboxylic acid transport","41/656","357/18986",0.11484593837535,3.32387955182073,8.38549953485625,1.58096162397956e-11,3.49679966467479e-09,2.59534896261908e-09,"AQP9/AGXT/SLC27A5/PLIN2/NR0B2/SLC22A3/ACSL1/SLCO1B3/SLC25A32/SLC5A6/SLCO4A1/SLC6A6/SLC11A1/SLC19A2/TTYH3/CLDN2/SLC7A5/SLC25A15/APOE/MFSD12/SLC1A3/SLC13A3/SLC38A4/AKR1C1/MIF/CES1/RGS4/FABP6/SLC43A1/CYP4F2/SLC43A3/KCNJ8/SLC7A1/SLC7A2/SLC2A1/RBP1/ABAT/FABP3/PLA2G12B/RBP5/IL1B",41
"BP","GO:0015849","organic acid transport","41/656","358/18986",0.114525139664804,3.31459497206704,8.36391079115416,1.72837503087902e-11,3.65664039141623e-09,2.71398385855649e-09,"AQP9/AGXT/SLC27A5/PLIN2/NR0B2/SLC22A3/ACSL1/SLCO1B3/SLC25A32/SLC5A6/SLCO4A1/SLC6A6/SLC11A1/SLC19A2/TTYH3/CLDN2/SLC7A5/SLC25A15/APOE/MFSD12/SLC1A3/SLC13A3/SLC38A4/AKR1C1/MIF/CES1/RGS4/FABP6/SLC43A1/CYP4F2/SLC43A3/KCNJ8/SLC7A1/SLC7A2/SLC2A1/RBP1/ABAT/FABP3/PLA2G12B/RBP5/IL1B",41
"BP","GO:0042730","fibrinolysis","12/656","27/18986",0.444444444444444,12.8631436314363,11.669438118318,2.83270610266508e-11,5.74331162315345e-09,4.26272571852802e-09,"FGG/VTN/FGB/FGA/APOH/SERPINF2/F12/HRG/SERPINE1/FAP/SERPING1/PROS1",12
"BP","GO:0015711","organic anion transport","47/656","462/18986",0.101731601731602,2.94432346109175,8.00383461549473,3.67498389540565e-11,6.99831298475337e-09,5.19419643296965e-09,"AQP9/AGXT/SLC27A5/PLIN2/NR0B2/SLC22A3/ACSL1/SLCO1B3/SLC25A32/SLC5A6/SLCO4A1/SLC6A6/SLC11A1/SLC19A2/TTYH3/CLDN2/SLC7A5/SLC25A15/GLTPD2/APOE/MFSD12/SLC1A3/SLC13A3/SLC38A4/SLC39A10/AKR1C1/MIF/CES1/RGS4/SLC2A9/FABP6/SLC43A1/CYP4F2/SLC43A3/KCNJ8/SLC7A1/SLC7A2/SLC2A1/RBP1/ABAT/FABP3/SLC2A3/SLC17A9/SLC35D3/PLA2G12B/RBP5/IL1B",47
"BP","GO:0015850","organic hydroxy compound transport","36/656","292/18986",0.123287671232877,3.56820080187103,8.36652805580172,3.73933698322211e-11,6.99831298475337e-09,5.19419643296965e-09,"APOA2/APOC2/APOC3/APOA1/APOC1/SPP1/AQP9/RBP4/AGT/SLC27A5/NR0B2/SLC22A3/APOM/SLCO1B3/LIPC/SLC19A2/COMT/TMEM97/SHH/APOE/MSR1/AKR1C1/TREM2/CES1/LIPG/PCSK9/SYT7/TGM2/LCAT/GRAMD1A/STRA6/LDLR/AGTR1/ABAT/MAOB/CLU",36
"BP","GO:0016125","sterol metabolic process","26/656","159/18986",0.163522012578616,4.73266605307562,8.94135063048943,4.00466667115395e-11,7.21729926734635e-09,5.35672957065466e-09,"APOA2/APOA1/APOC1/SEC14L2/NR0B2/CYP2C9/INSIG1/CYP2D6/LIPC/DHCR7/CYP3A4/MSMO1/CYP39A1/APOE/SQLE/EBPL/CYP1B1/CES1/PCSK9/ERRFI1/LCAT/SULT2B1/TM7SF2/LEPR/LDLR/CYP27A1",26
"BP","GO:0006958","complement activation, classical pathway","14/656","42/18986",0.333333333333333,9.64735772357723,10.6132456376027,6.50755744472119e-11,1.09340143708453e-08,8.11530129715754e-09,"CFI/C5/C4BPA/C4BPB/C2/C8G/C4B/C3/TREM2/C4A/SERPING1/C1R/CLU/C1S",14
"BP","GO:0034367","protein-containing complex remodeling","13/656","35/18986",0.371428571428571,10.7499128919861,10.9218115800218,6.51636696988313e-11,1.09340143708453e-08,8.11530129715754e-09,"APOA2/APOC2/APOC3/APOA1/APOC1/AGT/APOM/LIPC/APOE/LIPG/LCAT/DIAPH3/AGTR1",13
"BP","GO:0042632","cholesterol homeostasis","21/656","106/18986",0.19811320754717,5.73380694891855,9.24567170433901,7.50668951973832e-11,1.21758504010155e-08,9.03700061130602e-09,"APOA2/APOC2/APOC3/APOA1/DGAT2/APOM/INSIG1/LIPC/TMEM97/CYP39A1/APOE/AKR1C1/CES1/LIPG/PCSK9/ERRFI1/LCAT/FGFR4/LDLR/FABP3/PLA2G12B",21
"BP","GO:0055092","sterol homeostasis","21/656","107/18986",0.196261682242991,5.68021996808753,9.18427012834918,9.04190097605836e-11,1.41928677901613e-08,1.0534044906233e-08,"APOA2/APOC2/APOC3/APOA1/DGAT2/APOM/INSIG1/LIPC/TMEM97/CYP39A1/APOE/AKR1C1/CES1/LIPG/PCSK9/ERRFI1/LCAT/FGFR4/LDLR/FABP3/PLA2G12B",21
"BP","GO:0008203","cholesterol metabolic process","24/656","148/18986",0.162162162162162,4.69330916282136,8.53306615909297,2.70000273356851e-10,4.10569165673262e-08,3.04727282199789e-08,"APOA2/APOA1/APOC1/SEC14L2/NR0B2/CYP2C9/INSIG1/CYP2D6/LIPC/DHCR7/CYP3A4/MSMO1/CYP39A1/APOE/SQLE/CES1/PCSK9/ERRFI1/LCAT/SULT2B1/TM7SF2/LEPR/LDLR/CYP27A1",24
"BP","GO:0052547","regulation of peptidase activity","38/656","346/18986",0.109826589595376,3.17860919216129,7.73696113083763,3.28625369417686e-10,4.8457304472317e-08,3.59653474472753e-08,"VTN/AMBP/SERPINF2/SERPINC1/ITIH4/SERPINA3/SERPINA10/TIMP1/KNG1/SERPINA1/SERPINE1/SLCO1B3/SERPINA6/PRR7/HSPD1/RIPK2/HSPE1/VEGFA/MYC/PMAIP1/CTSH/BOK/SERPING1/F2R/PRSS22/DPEP1/MMP9/S100A8/BIRC5/S100A9/CST1/CSTA/SERPINE2/TFPI/TFPI2/EFNA3/IFI6/SERPINB5",38
"BP","GO:0002455","humoral immune response mediated by circulating immunoglobulin","15/656","56/18986",0.267857142857143,7.75234102787456,9.57302212696994,4.44830868719549e-10,6.36631472702743e-08,4.72512294296215e-08,"HPX/CFI/C5/C4BPA/C4BPB/C2/C8G/C4B/C3/TREM2/C4A/SERPING1/C1R/CLU/C1S",15
"BP","GO:0034368","protein-lipid complex remodeling","12/656","33/18986",0.363636363636364,10.5243902439024,10.3593178392755,4.77899414135157e-10,6.41529600604173e-08,4.76147718794842e-08,"APOA2/APOC2/APOC3/APOA1/APOC1/AGT/APOM/LIPC/APOE/LIPG/LCAT/AGTR1",12
"BP","GO:0034369","plasma lipoprotein particle remodeling","12/656","33/18986",0.363636363636364,10.5243902439024,10.3593178392755,4.77899414135157e-10,6.41529600604173e-08,4.76147718794842e-08,"APOA2/APOC2/APOC3/APOA1/APOC1/AGT/APOM/LIPC/APOE/LIPG/LCAT/AGTR1",12
"BP","GO:0061041","regulation of wound healing","23/656","140/18986",0.164285714285714,4.75476916376307,8.43555487486033,4.87805080607365e-10,6.41529600604173e-08,4.76147718794842e-08,"CLDN1/FGG/VTN/FGB/FGA/APOH/SERPINF2/SERPINC1/F12/HRG/TNFRSF12A/PROC/KNG1/SERPINE1/TMEM97/APOE/FAP/SERPING1/F2R/SERPINE2/TFPI/PROS1/FERMT1",23
"BP","GO:0007596","blood coagulation","30/656","234/18986",0.128205128205128,3.71052220137586,7.8924726998241,6.30968495424467e-10,8.07971762825121e-08,5.99682245928351e-08,"FGL1/FGG/VTN/FGB/FGA/APOH/SERPINF2/SERPINC1/F12/HRG/SERPINA10/SAA1/PROC/KNG1/SERPINA1/SERPINE1/C4BPB/F10/SHH/APOE/FAP/SERPING1/CYP4F2/F2R/ITGA2/COMP/SERPINE2/TFPI/TFPI2/PROS1",30
"BP","GO:0055088","lipid homeostasis","26/656","180/18986",0.144444444444444,4.1805216802168,8.11077558022244,6.64100144758223e-10,8.28592642152182e-08,6.14987205577722e-08,"APOA2/APOC2/APOC3/APOA1/DGAT2/APOM/MLXIPL/INSIG1/LIPC/TMEM97/CYP39A1/APOE/AKR1C1/TREM2/ANGPTL4/CES1/LIPG/PCSK9/GPAM/ERRFI1/LCAT/FGFR4/LDLR/RBP1/FABP3/PLA2G12B",26
"BP","GO:0006641","triglyceride metabolic process","20/656","108/18986",0.185185185185185,5.35964317976513,8.5952956617524,7.50989091715653e-10,9.13578230072092e-08,6.78064098335896e-08,"APOA2/APOC2/APOC3/APOH/APOC1/DGAT2/SLC27A5/CPS1/RGN/ACSL1/INSIG1/LIPC/C3/APOE/LIPG/PCSK9/GPAM/AGMO/LDLR/SIK1",20
"BP","GO:0006631","fatty acid metabolic process","41/656","405/18986",0.101234567901235,2.92993827160494,7.42698208549436,7.85459207585769e-10,9.32205976612769e-08,6.91889741008158e-08,"APOC2/APOC3/CYP2E1/APOC1/SLC27A5/CYP2C9/RGN/MLXIPL/TRIB3/ACSL1/INSIG1/CYP2D6/LIPC/SCD/FASN/CYP4F3/COMT/C3/ELOVL5/CYP3A4/MSMO1/AIG1/CYP2B6/AKR1C1/MIF/GDF15/CYP1B1/ABHD2/CES1/LIPG/UGT1A6/UGT1A1/CYP4F2/FADS1/GSTA1/SOX9/ECHDC3/ACSL6/FADS2/FABP3/IL1B",41
"BP","GO:0061045","negative regulation of wound healing","17/656","78/18986",0.217948717948718,6.30788774233896,8.88632559558833,1.02033372321939e-09,1.18212949932989e-07,8.77384712873614e-08,"FGG/VTN/FGB/FGA/APOH/SERPINF2/F12/HRG/PROC/KNG1/SERPINE1/APOE/FAP/SERPING1/SERPINE2/TFPI/PROS1",17
"BP","GO:0071466","cellular response to xenobiotic stimulus","27/656","198/18986",0.136363636363636,3.94664634146341,7.88490240016224,1.15405217845098e-09,1.30595765124244e-07,9.69290826013542e-08,"CYP2E1/CYP2C9/ACSL1/SLCO1B3/AOX1/CYP2D6/PON3/GSTO1/MYC/CYP3A4/SLC29A1/E2F1/CYP2B6/AKR1C1/CYP1B1/SMOX/UGT2B7/UGT1A6/FBP1/CRYZ/UGT1A1/CYP4F2/DPEP1/GSTA1/UGT2B15/IL1B/CYP2W1",27
"BP","GO:1902652","secondary alcohol metabolic process","24/656","159/18986",0.150943396226415,4.36861481822365,8.06929036793474,1.21904833951396e-09,1.33602557639222e-07,9.91607448591022e-08,"APOA2/APOA1/APOC1/SEC14L2/NR0B2/CYP2C9/INSIG1/CYP2D6/LIPC/DHCR7/CYP3A4/MSMO1/CYP39A1/APOE/SQLE/CES1/PCSK9/ERRFI1/LCAT/SULT2B1/TM7SF2/LEPR/LDLR/CYP27A1",24
"BP","GO:0034375","high-density lipoprotein particle remodeling","9/656","17/18986",0.529411764705882,15.3222740315638,11.1760982051729,1.26104948507147e-09,1.33602557639222e-07,9.91607448591022e-08,"APOA2/APOC3/APOA1/APOC1/APOM/LIPC/APOE/LIPG/LCAT",9
"BP","GO:0007599","hemostasis","30/656","241/18986",0.12448132780083,3.60274769760146,7.69261252751653,1.29044804953626e-09,1.33602557639222e-07,9.91607448591022e-08,"FGL1/FGG/VTN/FGB/FGA/APOH/SERPINF2/SERPINC1/F12/HRG/SERPINA10/SAA1/PROC/KNG1/SERPINA1/SERPINE1/C4BPB/F10/SHH/APOE/FAP/SERPING1/CYP4F2/F2R/ITGA2/COMP/SERPINE2/TFPI/TFPI2/PROS1",30
"BP","GO:0050817","coagulation","30/656","241/18986",0.12448132780083,3.60274769760146,7.69261252751653,1.29044804953626e-09,1.33602557639222e-07,9.91607448591022e-08,"FGL1/FGG/VTN/FGB/FGA/APOH/SERPINF2/SERPINC1/F12/HRG/SERPINA10/SAA1/PROC/KNG1/SERPINA1/SERPINE1/C4BPB/F10/SHH/APOE/FAP/SERPING1/CYP4F2/F2R/ITGA2/COMP/SERPINE2/TFPI/TFPI2/PROS1",30
"BP","GO:1905952","regulation of lipid localization","26/656","188/18986",0.138297872340426,4.00262714063311,7.82709303140883,1.72649371159956e-09,1.73862223041513e-07,1.29041747735183e-07,"APOA2/APOC2/APOC3/APOA1/CRP/APOC1/SPP1/AGT/PLIN2/ACSL1/HILPDA/TMEM97/SHH/C3/APOE/MSR1/MIF/TREM2/CES1/LIPG/PCSK9/CYP4F2/AGTR1/FABP3/IL1B/PRAP1",26
"BP","GO:0097006","regulation of plasma lipoprotein particle levels","18/656","91/18986",0.197802197802198,5.72480568212276,8.54687176343415,1.75077043342255e-09,1.73862223041513e-07,1.29041747735183e-07,"APOA2/APOC2/APOC3/APOA1/APOC1/AGT/DGAT2/APOM/LIPC/APOE/MSR1/TREM2/LIPG/PCSK9/LCAT/PLAGL2/LDLR/AGTR1",18
"BP","GO:0034384","high-density lipoprotein particle clearance","9/656","18/18986",0.5,14.4710365853659,10.8168918023017,2.44488145210827e-09,2.34306852876296e-07,1.73904171202667e-07,"APOA2/APOC2/APOC3/APOA1/APOM/APOE/TREM2/LIPG/LDLR",9
"BP","GO:0006805","xenobiotic metabolic process","21/656","127/18986",0.165354330708661,4.78569713846745,8.09775037665217,2.45574383409188e-09,2.34306852876296e-07,1.73904171202667e-07,"CYP2E1/CYP2C9/ACSL1/SLCO1B3/AOX1/CYP2D6/GSTO1/CYP3A4/SLC29A1/CYP2B6/AKR1C1/CYP1B1/SMOX/UGT2B7/UGT1A6/CRYZ/UGT1A1/CYP4F2/GSTA1/UGT2B15/CYP2W1",21
"BP","GO:0034381","plasma lipoprotein particle clearance","14/656","55/18986",0.254545454545455,7.36707317073171,8.94561896792514,3.53675774978312e-09,3.30958907893167e-07,2.45639996751131e-07,"APOA2/APOC2/APOC3/APOA1/APOC1/DGAT2/APOM/LIPC/APOE/MSR1/TREM2/LIPG/PCSK9/LDLR",14
"BP","GO:0015918","sterol transport","21/656","132/18986",0.159090909090909,4.60442073170732,7.8613418354036,5.04101919929711e-09,4.62822630637353e-07,3.43510166291725e-07,"APOA2/APOC2/APOC3/APOA1/APOC1/APOM/LIPC/COMT/TMEM97/SHH/APOE/MSR1/TREM2/CES1/LIPG/PCSK9/SYT7/LCAT/GRAMD1A/LDLR/CLU",21
"BP","GO:0045807","positive regulation of endocytosis","23/656","159/18986",0.144654088050314,4.18658920079767,7.63326023665739,6.25498643383588e-09,5.63643777537878e-07,4.1834032075031e-07,"FCN3/APOA2/COLEC11/APOA1/VTN/AHSG/TF/HAMP/TFR2/SERPINE1/C2/FCGR1A/SLC11A1/VEGFA/C4B/C3/APOE/TREM2/PCSK9/LYAR/C4A/ITGA2/CLU",23
"BP","GO:0031100","animal organ regeneration","15/656","67/18986",0.223880597014925,6.47956862031307,8.49983843340445,6.65162472831215e-09,5.88487380508489e-07,4.36779415173952e-07,"APOA2/CLDN1/VTN/SERPINA10/NR0B2/RGN/CEBPB/NNMT/CCND1/SLC7A5/PDX1/UGT1A1/CDK1/AURKA/ANXA3",15
"BP","GO:0006639","acylglycerol metabolic process","21/656","135/18986",0.155555555555556,4.50210027100271,7.72510252564681,7.62839048861343e-09,6.62852644957017e-07,4.91973830196103e-07,"APOA2/APOC2/APOC3/APOH/APOC1/DGAT2/SLC27A5/CPS1/RGN/ACSL1/INSIG1/LIPC/C3/APOE/ABHD2/LIPG/PCSK9/GPAM/AGMO/LDLR/SIK1",21
"BP","GO:0030301","cholesterol transport","20/656","123/18986",0.16260162601626,4.70602815784255,7.80066946331461,7.94002729134162e-09,6.77827592976637e-07,5.03088340472634e-07,"APOA2/APOC2/APOC3/APOA1/APOC1/APOM/LIPC/COMT/TMEM97/SHH/APOE/MSR1/TREM2/CES1/LIPG/PCSK9/SYT7/LCAT/LDLR/CLU",20
"BP","GO:0006638","neutral lipid metabolic process","21/656","136/18986",0.154411764705882,4.46899659253945,7.68057329795696,8.73408017631502e-09,7.32759209274981e-07,5.43858967058745e-07,"APOA2/APOC2/APOC3/APOH/APOC1/DGAT2/SLC27A5/CPS1/RGN/ACSL1/INSIG1/LIPC/C3/APOE/ABHD2/LIPG/PCSK9/GPAM/AGMO/LDLR/SIK1",21
"BP","GO:0071827","plasma lipoprotein particle organization","13/656","50/18986",0.26,7.52493902439025,8.73963560275241,9.71313963888528e-09,8.01087075979929e-07,5.945723836042e-07,"APOA2/APOC2/APOC3/APOA1/APOC1/AGT/APOM/LIPC/APOE/LIPG/LCAT/PLAGL2/AGTR1",13
"BP","GO:1903035","negative regulation of response to wounding","18/656","101/18986",0.178217821782178,5.15799323834822,7.92614401453165,1.00171947374112e-08,8.12394493204049e-07,6.02964827088734e-07,"FGG/VTN/FGB/FGA/APOH/SERPINF2/F12/SPP1/HRG/PROC/KNG1/SERPINE1/APOE/FAP/SERPING1/SERPINE2/TFPI/PROS1",18
"BP","GO:0015718","monocarboxylic acid transport","24/656","179/18986",0.134078212290503,3.88050143071263,7.32505409762111,1.35540601372055e-08,1.0812140430761e-06,8.02484561358967e-07,"AQP9/SLC27A5/PLIN2/NR0B2/SLC22A3/ACSL1/SLCO1B3/SLC5A6/SLCO4A1/CLDN2/APOE/AKR1C1/MIF/CES1/FABP6/CYP4F2/SLC43A3/KCNJ8/SLC2A1/RBP1/FABP3/PLA2G12B/RBP5/IL1B",24
"BP","GO:0051346","negative regulation of hydrolase activity","29/656","252/18986",0.115079365079365,3.33063540456833,7.04588158284493,1.4756114999372e-08,1.15811702559587e-06,8.59562488333536e-07,"APOA2/APOC3/VTN/AMBP/SERPINF2/SERPINC1/APOC1/ITIH4/SERPINA3/SERPINA10/TIMP1/KNG1/SERPINA1/SERPINE1/SLCO1B3/SERPINA6/VEGFA/ANGPTL4/SERPING1/DPEP1/MMP9/BIRC5/CST1/CSTA/SERPINE2/TFPI/TFPI2/IFI6/SERPINB5",29
"BP","GO:1901605","alpha-amino acid metabolic process","26/656","209/18986",0.124401913875598,3.60044929396662,7.15129045790803,1.65651811744342e-08,1.27946304118725e-06,9.49626342681435e-07,"AGXT/PAH/NIT2/ALDH4A1/CPS1/GPT2/TDO2/GCSH/PSAT1/SHMT2/CTPS1/FAH/PIPOX/KYNU/GLS2/MTHFD1/PPAT/IL4I1/ODC1/CBS/DPEP1/OTC/SDS/PHGDH/GLDC/PYCR1",26
"BP","GO:1903034","regulation of response to wounding","24/656","181/18986",0.132596685082873,3.83762296186498,7.2566018680941,1.6897280216692e-08,1.28472133647536e-06,9.53529085912339e-07,"CLDN1/FGG/VTN/FGB/FGA/APOH/SERPINF2/SERPINC1/F12/SPP1/HRG/TNFRSF12A/PROC/KNG1/SERPINE1/TMEM97/APOE/FAP/SERPING1/F2R/SERPINE2/TFPI/PROS1/FERMT1",24
"BP","GO:0006766","vitamin metabolic process","19/656","117/18986",0.162393162393162,4.69999478840942,7.59443709052414,1.9171001074973e-08,1.43517063432029e-06,1.06519359819e-06,"GC/RGN/NNMT/PSAT1/SLC25A32/SLC5A6/ALPL/SLC19A2/GSTO1/SNAI1/CYP3A4/CYP4F2/VNN1/CYP27A1/TTPA/SLC2A1/RBP1/SLC2A3/CYP2W1",19
"BP","GO:0071825","protein-lipid complex organization","13/656","53/18986",0.245283018867925,7.09899907961344,8.41129322488676,2.09339323605506e-08,1.54340174040059e-06,1.14552347574241e-06,"APOA2/APOC2/APOC3/APOA1/APOC1/AGT/APOM/LIPC/APOE/LIPG/LCAT/PLAGL2/AGTR1",13
"BP","GO:0010466","negative regulation of peptidase activity","25/656","198/18986",0.126262626262626,3.65430216802168,7.10262145846655,2.31401027056605e-08,1.680593130832e-06,1.24734787718965e-06,"VTN/AMBP/SERPINF2/SERPINC1/ITIH4/SERPINA3/SERPINA10/TIMP1/KNG1/SERPINA1/SERPINE1/SLCO1B3/SERPINA6/VEGFA/SERPING1/DPEP1/MMP9/BIRC5/CST1/CSTA/SERPINE2/TFPI/TFPI2/IFI6/SERPINB5",25
"BP","GO:0170039","proteinogenic amino acid metabolic process","23/656","174/18986",0.132183908045977,3.82567633865994,7.08362467412993,3.55711582894057e-08,2.54543023876836e-06,1.88923597664011e-06,"AGXT/PAH/NIT2/ALDH4A1/CPS1/GPT2/TDO2/GCSH/PSAT1/SHMT2/CTPS1/FAH/PIPOX/KYNU/GLS2/MTHFD1/PPAT/IL4I1/CBS/SDS/PHGDH/GLDC/PYCR1",23
"BP","GO:0034370","triglyceride-rich lipoprotein particle remodeling","7/656","12/18986",0.583333333333333,16.8828760162602,10.411572043634,3.87832299507638e-08,2.69598852772024e-06,2.00098138287324e-06,"APOA2/APOC2/APOC3/APOA1/LIPC/APOE/LCAT",7
"BP","GO:0034372","very-low-density lipoprotein particle remodeling","7/656","12/18986",0.583333333333333,16.8828760162602,10.411572043634,3.87832299507638e-08,2.69598852772024e-06,2.00098138287324e-06,"APOA2/APOC2/APOC3/APOA1/LIPC/APOE/LCAT",7
"BP","GO:0048732","gland development","40/656","450/18986",0.0888888888888889,2.57262872628726,6.38705180702433,5.0039338882082e-08,3.42379806345711e-06,2.54116666790433e-06,"CLDN1/APOA1/FGL1/VTN/SERPINA10/CPS1/HPN/RGN/CEBPB/MET/CCND1/PROX1/INHBB/FASN/VEGFA/NME1/SLC7A5/SHH/WDR77/SLC29A1/PDX1/CYP1B1/PCSK9/ERRFI1/UGT1A1/IQGAP3/TGM2/OTC/IGF2/MSX2/ITGA2/STRA6/AURKA/SOX9/SULF1/AREG/SERPINE2/WNT11/BMP7/SERPINB5",40
"BP","GO:0043086","negative regulation of catalytic activity","42/656","486/18986",0.0864197530864197,2.50116681722373,6.34216029325929,5.11180735236091e-08,3.42379806345711e-06,2.54116666790433e-06,"APOA2/APOC3/VTN/HP/AMBP/SERPINF2/SERPINC1/APOC1/ITIH4/AGT/SERPINA3/SERPINA10/TIMP1/KNG1/SERPINA1/SERPINE1/TRIB3/SLCO1B3/SERPINA6/NPM1/VEGFA/IPO5/APOE/DUSP10/ANGPTL4/ERRFI1/SERPING1/MCM2/DPEP1/MMP9/MAD2L1/BIRC5/PLK1/CST1/CSTA/SERPINE2/TFPI/TFPI2/THY1/IFI6/IL1B/SERPINB5",42
"BP","GO:0050878","regulation of body fluid levels","36/656","381/18986",0.094488188976378,2.73468407912426,6.47059221913173,5.13640071172152e-08,3.42379806345711e-06,2.54116666790433e-06,"FGL1/FGG/VTN/FGB/FGA/APOH/SERPINF2/SERPINC1/F12/HRG/SERPINA10/SAA1/PROC/KNG1/SERPINA1/SERPINE1/CCND1/C4BPB/F10/VEGFA/NME1/SHH/SLC29A1/APOE/FAP/SERPING1/CYP4F2/F2R/ITGA2/ANO1/COMP/CEL/SERPINE2/TFPI/TFPI2/PROS1",36
"BP","GO:0062012","regulation of small molecule metabolic process","34/656","348/18986",0.0977011494252874,2.82767381553126,6.50975503395301,5.39186604644962e-08,3.54551624081403e-06,2.63150674329568e-06,"APOC2/APOC3/APOA1/APOC1/SEC14L2/RGN/MLXIPL/TRIB3/NNMT/MST1/PROX1/INSIG1/ALDOB/SNAI1/ELOVL5/APOE/PMAIP1/GDF15/TREM2/CES1/UGT1A6/FBP1/UGT1A1/LEPR/DDIT4/IGF2/FGFR4/LDLR/IER3/GPD1/SOX9/SIK1/FABP3/IL1B",34
"BP","GO:0031638","zymogen activation","13/656","58/18986",0.224137931034483,6.48701640033642,7.91724126142109,6.6971400248727e-08,4.34510444813741e-06,3.22496665618782e-06,"FGG/FGB/FGA/APOH/SERPINF2/F12/HPN/SERPINE1/RIPK2/CTSH/SERPINE2/C1R/MASP1",13
"BP","GO:0006909","phagocytosis","27/656","239/18986",0.112970711297071,3.26960659250944,6.67974114643859,6.8284554954973e-08,4.37200847909077e-06,3.24493501455003e-06,"FCN3/APOA2/COLEC11/APOA1/AHSG/CRP/MARCO/MET/C4BPA/C4BPB/C2/FCGR1A/SLC11A1/C4B/C3/MSR1/TREM2/LYAR/C4A/SYT7/TGM2/LEPR/SPHK1/ITGA2/LDLR/ANXA3/SPON2",27
"BP","GO:0050764","regulation of phagocytosis","17/656","102/18986",0.166666666666667,4.82367886178862,7.32504822282328,7.21081387840448e-08,4.55685978341769e-06,3.38213293462827e-06,"FCN3/APOA2/COLEC11/APOA1/AHSG/C2/FCGR1A/SLC11A1/C4B/C3/TREM2/LYAR/C4A/SYT7/TGM2/SPHK1/ITGA2",17
"BP","GO:0170033","L-amino acid metabolic process","23/656","181/18986",0.12707182320442,3.6777220051206,6.8476900440022,7.46899084405507e-08,4.65950121117589e-06,3.45831411416369e-06,"AGXT/PAH/NIT2/ALDH4A1/CPS1/GPT2/TDO2/GCSH/PSAT1/SHMT2/CTPS1/FAH/PIPOX/KYNU/GLS2/MTHFD1/PPAT/IL4I1/CBS/SDS/PHGDH/GLDC/PYCR1",23
"BP","GO:0071621","granulocyte chemotaxis","19/656","129/18986",0.147286821705426,4.26278597088297,7.03433632377924,9.68098059743683e-08,5.9629938717883e-06,4.42577540703608e-06,"SAA1/VEGFA/CXCL6/CXCL2/TREM1/DPEP1/C5AR1/S100A8/CCL3/CXCL10/S100A9/CXCL11/CCL4/TNFAIP6/CXCL9/CCL4L1/CXCL3/IL1B/CCL18",19
"BP","GO:0032368","regulation of lipid transport","21/656","156/18986",0.134615384615385,3.89604831144465,6.87098387825737,1.01519829123977e-07,6.17494360646589e-06,4.58308597005743e-06,"APOA2/APOC2/APOC3/APOA1/APOC1/SPP1/AGT/ACSL1/TMEM97/SHH/APOE/MIF/TREM2/CES1/LIPG/PCSK9/CYP4F2/AGTR1/FABP3/IL1B/PRAP1",21
"BP","GO:0044282","small molecule catabolic process","35/656","375/18986",0.0933333333333333,2.70126016260163,6.29473569788302,1.06675121659116e-07,6.40840916041057e-06,4.75636572335836e-06,"AGXT/PAH/ALDH4A1/GPT2/TDO2/GCSH/GALK1/SORD/PON3/ALDOB/FAH/CYP4F3/PIPOX/KYNU/HSD17B6/CYP3A4/CYP39A1/APOE/AIG1/HK3/GLS2/ENO3/ABHD2/IL4I1/CBS/CYP4F2/DPEP1/OTC/SDS/CYP27A1/GLDC/DCXR/ABAT/ALDH1L1/CYP2W1",35
"BP","GO:0019730","antimicrobial humoral response","23/656","185/18986",0.124324324324324,3.59820369149637,6.71807074534098,1.12107259969051e-07,6.65260886596833e-06,4.93761243843151e-06,"COLEC11/FGB/FGA/TF/HRG/HAMP/KNG1/MMP7/SLC11A1/CXCL6/CXCL2/LEAP2/CCL3/CXCL10/S100A9/CXCL11/CCL4/SPON2/ANG/CXCL9/CCL4L1/CXCL3/CCL18",23
"BP","GO:0030199","collagen fibril organization","14/656","72/18986",0.194444444444444,5.62762533875339,7.44232676241869,1.41105240338876e-07,8.27250722275868e-06,6.1399122333885e-06,"SERPINF2/ADAMTS2/P4HA1/COL18A1/CYP1B1/COL1A1/FKBP10/COL5A1/LOXL2/COMP/MMP11/COL5A2/COL11A1/COL1A2",14
"BP","GO:0052548","regulation of endopeptidase activity","27/656","248/18986",0.108870967741935,3.15095151455547,6.45016511278333,1.46486103377739e-07,8.48573070281044e-06,6.29816817906042e-06,"VTN/SERPINF2/SERPINA3/SERPINA10/TIMP1/SERPINA1/SERPINE1/SERPINA6/PRR7/HSPD1/RIPK2/HSPE1/VEGFA/MYC/PMAIP1/BOK/SERPING1/F2R/DPEP1/MMP9/S100A8/BIRC5/S100A9/SERPINE2/EFNA3/IFI6/SERPINB5",27
"BP","GO:0006066","alcohol metabolic process","34/656","363/18986",0.09366391184573,2.71082779009608,6.22602377833944,1.49201759356803e-07,8.54136189447298e-06,6.33945803533363e-06,"APOA2/APOA1/APOC1/RBP4/DGAT2/SEC14L2/NR0B2/CYP2C9/GALK1/SORD/INSIG1/CYP2D6/LIPC/DHCR7/HSD17B6/CYP3A4/MSMO1/CYP39A1/APOE/SQLE/AKR1C1/CYP1B1/CES1/PCSK9/ERRFI1/LCAT/SULT2B1/TM7SF2/LEPR/SPHK1/LDLR/CYP27A1/CEL/ADH6",34
"BP","GO:0050766","positive regulation of phagocytosis","14/656","73/18986",0.191780821917808,5.55053458068827,7.36918782240301,1.69110095692247e-07,9.55959130486963e-06,7.09519496549802e-06,"FCN3/APOA2/COLEC11/APOA1/AHSG/C2/FCGR1A/SLC11A1/C4B/C3/TREM2/LYAR/C4A/ITGA2",14
"BP","GO:0001889","liver development","20/656","147/18986",0.136054421768707,3.93769703003153,6.7641423156017,1.70917477090764e-07,9.55959130486963e-06,7.09519496549802e-06,"CLDN1/FGL1/VTN/SERPINA10/CPS1/HPN/RGN/CEBPB/MET/CCND1/PROX1/SLC7A5/PDX1/PCSK9/ERRFI1/UGT1A1/OTC/ITGA2/AURKA/SOX9",20
"BP","GO:0140014","mitotic nuclear division","29/656","282/18986",0.102836879432624,2.97631248918872,6.3254133428449,1.74674918880616e-07,9.65872903719406e-06,7.16877567798317e-06,"RRS1/ANLN/TRIP13/UHRF1/TPX2/MZT1/UBE2C/UBE2S/CDCA5/SKA3/MYBL2/PKMYT1/SPC25/SPHK1/IGF2/EREG/NUF2/CDK1/AURKA/MAD2L1/KIF2C/BIRC5/NEK2/KIFC1/PLK1/CCNB1/IL1B/BMP7/PRAP1",29
"BP","GO:0031639","plasminogen activation","9/656","27/18986",0.333333333333333,9.64735772357723,8.50616067522285,1.78222149173374e-07,9.72945300604084e-06,7.22126749815608e-06,"FGG/FGB/FGA/APOH/SERPINF2/F12/HPN/SERPINE1/SERPINE2",9
"BP","GO:0007088","regulation of mitotic nuclear division","18/656","121/18986",0.148760330578512,4.30543237250554,6.9003090847263,1.79952891603715e-07,9.72945300604084e-06,7.22126749815608e-06,"TRIP13/UBE2C/SKA3/PKMYT1/SPC25/SPHK1/IGF2/EREG/NUF2/AURKA/MAD2L1/BIRC5/NEK2/PLK1/CCNB1/IL1B/BMP7/PRAP1",18
"BP","GO:0030593","neutrophil chemotaxis","15/656","85/18986",0.176470588235294,5.10742467718795,7.1798053069676,1.94468193148018e-07,1.03987058006402e-05,7.71799156380394e-06,"SAA1/CXCL6/CXCL2/TREM1/DPEP1/C5AR1/S100A8/CCL3/CXCL10/S100A9/CXCL11/TNFAIP6/CXCL9/CXCL3/IL1B",15
"BP","GO:0008652","amino acid biosynthetic process","14/656","74/18986",0.189189189189189,5.47552735662492,7.29738625461272,2.02026079396389e-07,1.06854228515525e-05,7.93079494747153e-06,"AGXT/PAH/CPS1/PSAT1/SHMT2/SLC1A3/GLS2/MTHFD1/CBS/OTC/SDS/PHGDH/PYCR1/ABAT",14
"BP","GO:0042180","cellular ketone metabolic process","26/656","237/18986",0.109704641350211,3.17507975712669,6.37435568199622,2.14043026089608e-07,1.11992834941079e-05,8.31218588017483e-06,"APOC2/APOC3/APOC1/TDO2/RGN/MLXIPL/TRIB3/PROX1/INSIG1/GLO1/INHBA/KYNU/HSD17B6/ELOVL5/CYP2B6/AKR1C1/GDF15/CES1/UGT1A6/UGT1A1/CYP4F2/FGFR4/GPD1/SOX9/FABP3/IL1B",26
"BP","GO:0061008","hepaticobiliary system development","20/656","150/18986",0.133333333333333,3.85894308943089,6.65017060440305,2.39068225076864e-07,1.2375595566213e-05,9.18525285821636e-06,"CLDN1/FGL1/VTN/SERPINA10/CPS1/HPN/RGN/CEBPB/MET/CCND1/PROX1/SLC7A5/PDX1/PCSK9/ERRFI1/UGT1A1/OTC/ITGA2/AURKA/SOX9",20
"BP","GO:0006633","fatty acid biosynthetic process","21/656","165/18986",0.127272727272727,3.68353658536585,6.54943947720426,2.67080629035847e-07,1.36801509567203e-05,1.01535029165872e-05,"APOC2/APOC3/CYP2E1/APOC1/CYP2C9/RGN/MLXIPL/TRIB3/INSIG1/CYP2D6/LIPC/SCD/FASN/ELOVL5/CYP3A4/MIF/ABHD2/LIPG/FADS1/FADS2/IL1B",21
"BP","GO:2000425","regulation of apoptotic cell clearance","6/656","10/18986",0.6,17.365243902439,9.79255759160207,3.10252700397786e-07,1.57259337514128e-05,1.16718970950088e-05,"C2/C4B/C3/TREM2/C4A/TGM2",6
"BP","GO:0046890","regulation of lipid biosynthetic process","23/656","196/18986",0.11734693877551,3.39626368840219,6.37933252251146,3.22153414990982e-07,1.61608094571765e-05,1.19946648598378e-05,"APOC2/APOC3/APOC1/SEC14L2/RGN/MLXIPL/TRIB3/PROX1/INSIG1/C3/SNAI1/ELOVL5/APOE/CCDC3/CES1/PAQR4/SPHK1/FGFR4/LDLR/IGFBP7/SIK1/FABP3/IL1B",23
"BP","GO:0030100","regulation of endocytosis","30/656","307/18986",0.0977198697068404,2.82821561928974,6.10936087949085,3.26669427231097e-07,1.62201370704747e-05,1.2038698225885e-05,"FCN3/APOA2/COLEC11/APOC2/APOC3/APOA1/VTN/AHSG/APOC1/TF/HAMP/TFR2/SERPINE1/C2/FCGR1A/SLC11A1/VEGFA/C4B/C3/APOE/TREM2/PACSIN3/PCSK9/LYAR/C4A/SYT7/TGM2/SPHK1/ITGA2/CLU",30
"BP","GO:0006910","phagocytosis, recognition","9/656","29/18986",0.310344827586207,8.98202270815812,8.1377274598872,3.57939809964999e-07,1.75932839928251e-05,1.30578573948954e-05,"FCN3/COLEC11/CRP/C4BPA/C4BPB/FCGR1A/C4B/TREM2/SPON2",9
"BP","GO:0007584","response to nutrient","21/656","168/18986",0.125,3.61775914634146,6.44723621678437,3.62773050767636e-07,1.76525366503532e-05,1.31018351282501e-05,"SPP1/MLXIPL/ACSL1/TNFRSF11B/C2/ALPL/STC2/KYNU/STC1/PDX1/CYP1B1/LIPG/COL1A1/UGT1A1/CBS/OTC/IGFBP2/ITGA2/CXCL10/POSTN/BMP7",21
"BP","GO:0003018","vascular process in circulatory system","28/656","276/18986",0.101449275362319,2.93615235065394,6.12961451445757,3.7622165625587e-07,1.8125688904367e-05,1.34530120126513e-05,"FGG/FGB/FGA/CRP/SERPINF2/AGT/CPS1/SLC22A3/KNG1/SLC5A6/SLC6A6/VEGFA/SLC7A5/SLC29A1/APOE/SLC1A3/SLC13A3/PTP4A3/CBS/F2R/KCNJ8/SLC7A1/LEPR/SLC7A2/AGTR1/SLC2A1/COMP/SLC2A3",28
"BP","GO:0001503","ossification","38/656","456/18986",0.0833333333333333,2.41183943089431,5.77305914200114,5.56452982887841e-07,2.63106837556069e-05,1.95279719569705e-05,"AHSG/SPP1/CBFB/CEBPB/SNX10/ALPL/HSPE1/CTHRC1/FASN/VEGFA/SHH/SNAI1/DDX21/STC1/FSTL3/COL1A1/CBS/NOTUM/IGFBP2/SMOC1/IGF2/CHRD/MSX2/CCL3/SOX9/VCAN/IFITM1/TNFAIP6/ASPN/AREG/COMP/COL5A2/COL11A1/EGR2/AXIN2/COL1A2/WNT11/BMP7",38
"BP","GO:0016054","organic acid catabolic process","26/656","249/18986",0.104417670682731,3.02206386521697,6.07603828110045,5.62332739536194e-07,2.63106837556069e-05,1.95279719569705e-05,"AGXT/PAH/ALDH4A1/GPT2/TDO2/GCSH/SORD/PON3/FAH/CYP4F3/PIPOX/KYNU/AIG1/GLS2/ABHD2/IL4I1/CBS/CYP4F2/DPEP1/OTC/SDS/GLDC/DCXR/ABAT/ALDH1L1/CYP2W1",26
"BP","GO:0046395","carboxylic acid catabolic process","26/656","249/18986",0.104417670682731,3.02206386521697,6.07603828110045,5.62332739536194e-07,2.63106837556069e-05,1.95279719569705e-05,"AGXT/PAH/ALDH4A1/GPT2/TDO2/GCSH/SORD/PON3/FAH/CYP4F3/PIPOX/KYNU/AIG1/GLS2/ABHD2/IL4I1/CBS/CYP4F2/DPEP1/OTC/SDS/GLDC/DCXR/ABAT/ALDH1L1/CYP2W1",26
"BP","GO:0030449","regulation of complement activation","8/656","23/18986",0.347826086956522,10.0668080593849,8.23077643334956,6.02548974695289e-07,2.79238410558788e-05,2.07252684930279e-05,"C4BPA/C4BPB/C3/TREM2/SERPING1/CFH/MASP1/IL1B",8
"BP","GO:0009636","response to toxic substance","27/656","270/18986",0.1,2.89420731707317,5.93033001113324,8.05377985504417e-07,3.69714082779669e-05,2.7440435633224e-05,"CLDN1/HP/AMBP/CPS1/SLC22A3/APOM/PRDX4/INHBB/PON3/SLC11A1/GSTO1/ALB/COMT/CP/APOE/CYP1B1/CES1/INMT/CDK1/CCL3/GSTA1/S100A9/TTPA/CCL4/MAOB/BMP7/MT1A",27
"BP","GO:0008228","opsonization","7/656","17/18986",0.411764705882353,11.9173242467719,8.51911418890199,8.18540973835476e-07,3.72244895204058e-05,2.76282742865668e-05,"FCN3/COLEC11/CRP/C4BPA/C4BPB/C4B/SPON2",7
"BP","GO:0051384","response to glucocorticoid","18/656","134/18986",0.134328358208955,3.88774117218784,6.34611498025859,8.51172665694498e-07,3.83500573265688e-05,2.84636785184973e-05,"APOA2/CLDN1/CPS1/ALPL/COMT/STC1/PDX1/CYP1B1/FOSL1/IL1RN/UGT1A1/IGFBP2/DDIT4/IGFBP7/ANXA3/AREG/AXIN2/MAOB",18
"BP","GO:0009069","serine family amino acid metabolic process","9/656","32/18986",0.28125,8.13995807926829,7.6470899888513,9.13520519814884e-07,4.07815674258644e-05,3.02683621775458e-05,"AGXT/GCSH/PSAT1/SHMT2/MTHFD1/CBS/SDS/PHGDH/GLDC",9
"BP","GO:0006520","amino acid metabolic process","28/656","289/18986",0.0968858131487889,2.80407629335809,5.84647160787528,9.5585782406942e-07,4.22836742901982e-05,3.13832363098773e-05,"AGXT/PAH/NIT2/ALDH4A1/CPS1/GPT2/TDO2/GCSH/PSAT1/SHMT2/CTPS1/FAH/PIPOX/KYNU/SLC1A3/GLS2/MTHFD1/PPAT/IL4I1/ODC1/CBS/DPEP1/OTC/SDS/PHGDH/GLDC/PYCR1/ABAT",28
"BP","GO:0001676","long-chain fatty acid metabolic process","16/656","109/18986",0.146788990825688,4.24837771313493,6.43412169916375,1.03583294324923e-06,4.50032419808104e-05,3.34017183109786e-05,"CYP2E1/SLC27A5/CYP2C9/ACSL1/CYP2D6/CYP4F3/ELOVL5/CYP3A4/AIG1/CYP2B6/CYP1B1/CYP4F2/FADS1/GSTA1/ACSL6/FADS2",16
"BP","GO:0010951","negative regulation of endopeptidase activity","16/656","109/18986",0.146788990825688,4.24837771313493,6.43412169916375,1.03583294324923e-06,4.50032419808104e-05,3.34017183109786e-05,"VTN/SERPINF2/SERPINA3/SERPINA10/TIMP1/SERPINA1/SERPINE1/SERPINA6/VEGFA/SERPING1/DPEP1/MMP9/BIRC5/SERPINE2/IFI6/SERPINB5",16
"BP","GO:0042445","hormone metabolic process","25/656","241/18986",0.103734439834025,3.00228974800121,5.91791483031045,1.04578948642175e-06,4.50337313356479e-05,3.3424347721593e-05,"SPP1/RBP4/DGAT2/HPN/CYP2C9/CYP2D6/ENPEP/INHBA/SHH/STC2/HSD17B6/CYP3A4/AKR1C1/CYP1B1/ECE2/UGT2B7/IL4I1/CTSB/UGT1A1/KLK6/RBP1/CEL/UGT2B15/ADH6/CYP2W1",25
"BP","GO:0000280","nuclear division","37/656","451/18986",0.082039911308204,2.37440511600238,5.58833878582359,1.142599273222e-06,4.87709479254233e-05,3.61981357933951e-05,"DCAF13/RRS1/ANLN/TRIP13/UHRF1/RAD54B/TPX2/MZT1/CKS2/UBE2C/MND1/UBE2S/CDCA5/SKA3/CDC25B/MYBL2/PKMYT1/SPC25/SPHK1/IGF2/EREG/NUF2/MSX2/CDK1/AURKA/MAD2L1/KIF2C/BIRC5/NEK2/KIFC1/PLK1/CCNB1/TOP2A/PTTG1/IL1B/BMP7/PRAP1",37
"BP","GO:0051783","regulation of nuclear division","19/656","151/18986",0.125827814569536,3.64171781618478,6.16549676869593,1.17361468029114e-06,4.96592089938844e-05,3.68574093188001e-05,"TRIP13/UBE2C/SKA3/PKMYT1/SPC25/SPHK1/IGF2/EREG/NUF2/MSX2/AURKA/MAD2L1/BIRC5/NEK2/PLK1/CCNB1/IL1B/BMP7/PRAP1",19
"BP","GO:0019216","regulation of lipid metabolic process","31/656","344/18986",0.0901162790697674,2.60815194271129,5.69424353153509,1.21221392706412e-06,5.08502842163275e-05,3.774143360941e-05,"APOA2/APOC2/APOC3/APOA1/APOC1/SERPINA3/SEC14L2/RGN/MLXIPL/TRIB3/PROX1/INSIG1/C3/SNAI1/ELOVL5/APOE/CCDC3/GDF15/TREM2/CES1/UGT1A6/PAQR4/UGT1A1/SPHK1/FGFR4/LDLR/IGFBP7/SOX9/SIK1/FABP3/IL1B",31
"BP","GO:0042178","xenobiotic catabolic process","8/656","25/18986",0.32,9.26146341463415,7.81938068388886,1.25013012794977e-06,5.19925914752443e-05,3.85892619792682e-05,"CYP2C9/ACSL1/CYP2D6/GSTO1/CYP3A4/CYP2B6/CRYZ/UGT1A1",8
"BP","GO:0051917","regulation of fibrinolysis","7/656","18/18986",0.388888888888889,11.2552506775068,8.23469940721411,1.2995357350803e-06,5.33319645626796e-05,3.95833539737716e-05,"VTN/APOH/SERPINF2/F12/HRG/SERPINE1/FAP",7
"BP","GO:1901606","alpha-amino acid catabolic process","15/656","98/18986",0.153061224489796,4.42990915878547,6.43989307584492,1.30425478482509e-06,5.33319645626796e-05,3.95833539737716e-05,"AGXT/PAH/ALDH4A1/GPT2/TDO2/GCSH/FAH/PIPOX/KYNU/GLS2/IL4I1/CBS/OTC/SDS/GLDC",15
"BP","GO:0009063","amino acid catabolic process","16/656","111/18986",0.144144144144144,4.17183036695232,6.34021448339929,1.32847514356721e-06,5.38696670716502e-05,3.99824405050797e-05,"AGXT/PAH/ALDH4A1/GPT2/TDO2/GCSH/FAH/PIPOX/KYNU/GLS2/IL4I1/CBS/OTC/SDS/GLDC/ABAT",16
"BP","GO:0062014","negative regulation of small molecule metabolic process","17/656","125/18986",0.136,3.93612195121951,6.23049751104945,1.43483930389878e-06,5.77018847336483e-05,4.28267390315503e-05,"APOC3/APOC1/TRIB3/MST1/PROX1/INSIG1/ALDOB/SNAI1/APOE/UGT1A6/FBP1/UGT1A1/LEPR/DDIT4/IER3/SOX9/SIK1",17
"BP","GO:0001649","osteoblast differentiation","26/656","262/18986",0.099236641221374,2.87211413144666,5.77244281017615,1.48476323571911e-06,5.87386821545461e-05,4.35962572678841e-05,"SPP1/CBFB/CEBPB/ALPL/HSPE1/CTHRC1/FASN/VEGFA/SHH/SNAI1/DDX21/COL1A1/IGFBP2/SMOC1/IGF2/CHRD/MSX2/CCL3/SOX9/VCAN/IFITM1/TNFAIP6/AREG/AXIN2/WNT11/BMP7",26
"BP","GO:0005996","monosaccharide metabolic process","26/656","262/18986",0.099236641221374,2.87211413144666,5.77244281017615,1.48476323571911e-06,5.87386821545461e-05,4.35962572678841e-05,"RBP4/RGN/KHK/NNMT/GALK1/SORD/MST1/ALDOB/GSTO1/FGGY/PMAIP1/HK3/ENO3/PDX1/ERRFI1/FBP1/SDS/LEPR/IGF2/GPD1/PC/DCXR/SLC2A1/SIK1/HKDC1/SLC2A3",26
"BP","GO:0170035","L-amino acid catabolic process","13/656","75/18986",0.173333333333333,5.01662601626016,6.59342042689933,1.56641721762663e-06,6.14692433949287e-05,4.56228987578689e-05,"AGXT/PAH/ALDH4A1/GPT2/GCSH/FAH/PIPOX/KYNU/GLS2/IL4I1/CBS/SDS/GLDC",13
"BP","GO:1905954","positive regulation of lipid localization","16/656","113/18986",0.141592920353982,4.09799266134254,6.24849065122781,1.6936073546957e-06,6.55210228406928e-05,4.86301575629863e-05,"APOA1/SPP1/PLIN2/ACSL1/HILPDA/C3/APOE/MSR1/MIF/TREM2/CES1/LIPG/CYP4F2/FABP3/IL1B/PRAP1",16
"BP","GO:0006721","terpenoid metabolic process","15/656","100/18986",0.15,4.34131097560976,6.33757179920268,1.69659861856294e-06,6.55210228406928e-05,4.86301575629863e-05,"CYP2E1/RBP4/DGAT2/CYP2C9/CYP2D6/HSD17B6/CYP3A4/LRP8/AKR1C1/CYP1B1/UGT1A1/RBP1/CEL/ADH6/CYP2W1",15
"BP","GO:0010232","vascular transport","14/656","88/18986",0.159090909090909,4.60442073170732,6.4112820138518,1.82470527611208e-06,6.93673115121983e-05,5.14848996903005e-05,"SLC22A3/SLC5A6/SLC6A6/SLC7A5/SLC29A1/APOE/SLC1A3/SLC13A3/KCNJ8/SLC7A1/LEPR/SLC7A2/SLC2A1/SLC2A3",14
"BP","GO:0150104","transport across blood-brain barrier","14/656","88/18986",0.159090909090909,4.60442073170732,6.4112820138518,1.82470527611208e-06,6.93673115121983e-05,5.14848996903005e-05,"SLC22A3/SLC5A6/SLC6A6/SLC7A5/SLC29A1/APOE/SLC1A3/SLC13A3/KCNJ8/SLC7A1/LEPR/SLC7A2/SLC2A1/SLC2A3",14
"BP","GO:0033559","unsaturated fatty acid metabolic process","16/656","114/18986",0.140350877192982,4.06204535729568,6.20341833289044,1.90808091093377e-06,7.16942622827883e-05,5.32119786904291e-05,"CYP2E1/CYP2C9/CYP2D6/SCD/CYP4F3/COMT/ELOVL5/CYP2B6/AKR1C1/MIF/CYP1B1/CYP4F2/FADS1/GSTA1/FADS2/IL1B",16
"BP","GO:0031960","response to corticosteroid","19/656","156/18986",0.121794871794872,3.52499609130707,5.99064848727586,1.93011680210548e-06,7.16942622827883e-05,5.32119786904291e-05,"APOA2/CLDN1/CPS1/ALPL/INHBA/COMT/STC1/PDX1/CYP1B1/FOSL1/IL1RN/UGT1A1/IGFBP2/DDIT4/IGFBP7/ANXA3/AREG/AXIN2/MAOB",19
"BP","GO:0097530","granulocyte migration","19/656","156/18986",0.121794871794872,3.52499609130707,5.99064848727586,1.93011680210548e-06,7.16942622827883e-05,5.32119786904291e-05,"SAA1/VEGFA/CXCL6/CXCL2/TREM1/DPEP1/C5AR1/S100A8/CCL3/CXCL10/S100A9/CXCL11/CCL4/TNFAIP6/CXCL9/CCL4L1/CXCL3/IL1B/CCL18",19
"BP","GO:0170041","non-proteinogenic amino acid metabolic process","12/656","65/18986",0.184615384615385,5.34315196998124,6.63537770655352,1.97082995675923e-06,7.21057035307551e-05,5.35173532381553e-05,"ALDH4A1/CPS1/TDO2/KYNU/SLC1A3/MTHFD1/ODC1/CBS/DPEP1/OTC/PHGDH/ABAT",12
"BP","GO:1901607","alpha-amino acid biosynthetic process","12/656","65/18986",0.184615384615385,5.34315196998124,6.63537770655352,1.97082995675923e-06,7.21057035307551e-05,5.35173532381553e-05,"AGXT/PAH/CPS1/PSAT1/SHMT2/GLS2/MTHFD1/CBS/OTC/SDS/PHGDH/PYCR1",12
"BP","GO:0006563","L-serine metabolic process","6/656","13/18986",0.461538461538462,13.3578799249531,8.43186475262721,2.31906257568263e-06,8.42131230841171e-05,6.25035639997417e-05,"AGXT/PSAT1/SHMT2/CBS/SDS/PHGDH",6
"BP","GO:0034377","plasma lipoprotein particle assembly","8/656","27/18986",0.296296296296296,8.57542908762421,7.45173486085779,2.41361115502167e-06,8.699727318767e-05,6.45699795156285e-05,"APOA2/APOC3/APOA1/APOC1/APOM/APOE/LCAT/PLAGL2",8
"BP","GO:0045833","negative regulation of lipid metabolic process","16/656","118/18986",0.135593220338983,3.92434890450599,6.02813881926525,3.03180272968003e-06,0.000108476118254581,8.05117272874009e-05,"APOA2/APOC2/APOC3/APOC1/TRIB3/PROX1/INSIG1/SNAI1/APOE/CCDC3/UGT1A6/UGT1A1/SPHK1/SOX9/SIK1/IL1B",16
"BP","GO:0045862","positive regulation of proteolysis","29/656","325/18986",0.0892307692307692,2.5825234521576,5.4437775061559,3.24518520916915e-06,0.000115263293633701,8.55492159251583e-05,"F12/TF/HAMP/HPN/RGN/TRIB3/PRR7/HSPD1/RIPK2/HSPE1/MYC/APOE/PMAIP1/TREM2/CTSH/BOK/PACSIN3/NKD2/F2R/PRSS22/FGFR4/S100A8/AURKA/S100A9/PLK1/AXIN2/EFNA3/CLU/IL1B",29
"BP","GO:0120254","olefinic compound metabolic process","19/656","163/18986",0.116564417177914,3.37361589106689,5.75752470151733,3.73370057365528e-06,0.000131653528923236,9.7714162228919e-05,"CYP2E1/RBP4/DGAT2/CYP2C9/CYP2D6/CYP4F3/INHBA/HSD17B6/ELOVL5/CYP3A4/CYP2B6/AKR1C1/CYP1B1/CYP4F2/FADS1/GSTA1/FADS2/CEL/ADH6",19
"BP","GO:0015908","fatty acid transport","16/656","120/18986",0.133333333333333,3.85894308943089,5.94336231517105,3.79128950242762e-06,0.000132722408049013,9.85074917291116e-05,"SLC27A5/PLIN2/ACSL1/SLCO4A1/APOE/MIF/FABP6/CYP4F2/SLC43A3/KCNJ8/SLC2A1/RBP1/FABP3/PLA2G12B/RBP5/IL1B",16
"BP","GO:0033700","phospholipid efflux","6/656","14/18986",0.428571428571429,12.4037456445993,8.07478504102126,3.93972596085986e-06,0.000135962457627972,0.000100912278997463,"APOA2/APOC2/APOC3/APOA1/APOC1/APOE",6
"BP","GO:1905907","negative regulation of amyloid fibril formation","6/656","14/18986",0.428571428571429,12.4037456445993,8.07478504102126,3.93972596085986e-06,0.000135962457627972,0.000100912278997463,"PFDN4/APOE/PFDN2/TREM2/LDLR/CLU",6
"BP","GO:0006268","DNA unwinding involved in DNA replication","7/656","21/18986",0.333333333333333,9.64735772357723,7.50054182289581,4.33690993632223e-06,0.000148615519367211,0.000110303469173622,"MCM3/MCM2/RECQL4/HMGA1/GINS1/GINS2/CDC45",7
"BP","GO:1990266","neutrophil migration","15/656","108/18986",0.138888888888889,4.01973238482385,5.95358188656347,4.54381173526702e-06,0.000154616698628037,0.00011475758604123,"SAA1/CXCL6/CXCL2/TREM1/DPEP1/C5AR1/S100A8/CCL3/CXCL10/S100A9/CXCL11/TNFAIP6/CXCL9/CXCL3/IL1B",15
"BP","GO:0061844","antimicrobial humoral immune response mediated by antimicrobial peptide","17/656","136/18986",0.125,3.61775914634146,5.7958808731935,4.65737557830615e-06,0.000157380483083595,0.000116808886031933,"HRG/HAMP/KNG1/MMP7/CXCL6/CXCL2/LEAP2/CCL3/CXCL10/S100A9/CXCL11/CCL4/ANG/CXCL9/CCL4L1/CXCL3/CCL18",17
"BP","GO:0170040","proteinogenic amino acid catabolic process","12/656","71/18986",0.169014084507042,4.89161800068705,6.21487206581786,5.18468631524094e-06,0.000173990921448017,0.000129137268585058,"AGXT/PAH/ALDH4A1/GPT2/GCSH/FAH/PIPOX/GLS2/IL4I1/CBS/SDS/GLDC",12
"BP","GO:0050673","epithelial cell proliferation","37/656","482/18986",0.0767634854771784,2.2216944135209,5.1395995823489,5.38857433780073e-06,0.000179594539231085,0.00013329631256665,"CLDN1/APOA1/FGL1/APOH/HPN/RGN/CEBPB/CCND1/PROX1/VEGFA/NME1/SHH/WDR77/CDH3/MYC/APOE/TACSTD2/DUSP10/FAP/PDX1/UHRF1/ERRFI1/IQGAP3/LRG1/SPARC/IGF2/C5AR1/EREG/SOX9/AGTR1/SULF1/LGR5/AREG/LOXL2/ANG/FERMT1/SERPINB5",37
"BP","GO:1901616","organic hydroxy compound catabolic process","11/656","60/18986",0.183333333333333,5.30604674796748,6.31976509098543,5.65290697532753e-06,0.000187122757428189,0.000138883808323299,"SORD/FAH/CYP4F3/COMT/HSD17B6/CYP3A4/CYP39A1/APOE/CYP4F2/CYP27A1/MAOB",11
"BP","GO:0065005","protein-lipid complex assembly","8/656","30/18986",0.266666666666667,7.71788617886179,6.96619948169451,5.80514805289062e-06,0.000190154107664619,0.000141133697492225,"APOA2/APOC3/APOA1/APOC1/APOM/APOE/LCAT/PLAGL2",8
"BP","GO:0001523","retinoid metabolic process","13/656","84/18986",0.154761904761905,4.47913037166086,6.04550319055629,5.82263913728489e-06,0.000190154107664619,0.000141133697492225,"RBP4/DGAT2/CYP2D6/HSD17B6/CYP3A4/LRP8/AKR1C1/CYP1B1/UGT1A1/RBP1/CEL/ADH6/CYP2W1",13
"BP","GO:0032963","collagen metabolic process","15/656","111/18986",0.135135135135135,3.9110909690178,5.81901898555629,6.41087506668637e-06,0.000207968787163306,0.000154355876167024,"SERPINF2/ADAMTS2/MMP7/INHBA/FAP/COL1A1/CTSB/F2R/MMP9/TMPRSS6/ITGA2/KLK6/COL5A1/MMP11/COL1A2",15
"BP","GO:0070371","ERK1 and ERK2 cascade","28/656","319/18986",0.0877742946708464,2.540370058873,5.2487892360019,6.53683911888672e-06,0.000210650722864257,0.000156346427444408,"FGG/FGB/FGA/SERPINF2/TF/MARCO/CHI3L1/RIPK2/VEGFA/INHBA/FN1/MYC/APOE/DUSP10/MIF/TREM2/CTSH/GRB10/IQGAP3/F2R/C5AR1/FGFR4/ICAM1/CDK1/CCL3/SOX9/DUSP4/IL1B",28
"BP","GO:0045861","negative regulation of proteolysis","27/656","303/18986",0.0891089108910891,2.57899661917411,5.24149523629241,7.22369956684767e-06,0.000229951169183937,0.000170671352558048,"VTN/AMBP/SERPINF2/SERPINC1/ITIH4/SERPINA3/SERPINA10/TIMP1/KNG1/SERPINA1/SERPINE1/SLCO1B3/SERPINA6/VEGFA/HSP90AB1/SHH/SERPING1/DPEP1/MMP9/BIRC5/CST1/CSTA/SERPINE2/TFPI/TFPI2/IFI6/SERPINB5",27
"BP","GO:0002237","response to molecule of bacterial origin","31/656","375/18986",0.0826666666666667,2.39254471544715,5.15247527915939,7.2302772061534e-06,0.000229951169183937,0.000170671352558048,"CLDN1/CPS1/CEBPB/SERPINE1/C2/RIPK2/SLC11A1/ALPL/IRAK2/C4B/SLC7A5/CXCL6/CXCL2/E2F1/DUSP10/MIF/PALM3/TREM2/UGT1A1/F2R/KCNJ8/C5AR1/MMP9/S100A8/CXCL10/CXCL11/SPON2/CXCL9/CXCL3/MAOB/IL1B",31
"BP","GO:0097421","liver regeneration","8/656","31/18986",0.258064516129032,7.46892210857592,6.81909690812516,7.58876772677403e-06,0.000239785349081055,0.000177970349081078,"CLDN1/VTN/SERPINA10/RGN/CEBPB/CCND1/SLC7A5/AURKA",8
"BP","GO:0044403","biological process involved in symbiotic interaction","28/656","322/18986",0.0869565217391304,2.51670201484624,5.19280273186919,7.79849064796948e-06,0.000244822293503352,0.000181708804164233,"FCN3/CLDN1/CFHR1/HRG/HPN/INHBB/HSPD1/FASN/IFITM3/HSP90AB1/FN1/CXCL6/APOE/LY6E/ZDHHC9/TREM1/CTSB/SLC7A1/ICAM1/ITGA2/CDK1/LDLR/CCL3/AGTR1/IFITM1/PC/CCL4/IFITM2",28
"BP","GO:0031099","regeneration","21/656","204/18986",0.102941176470588,2.97933106169297,5.37698213652624,8.49770378285489e-06,0.000265062991072897,0.000196731590276485,"APOA2/CLDN1/VTN/SPP1/SERPINA10/NR0B2/TM4SF4/RGN/CEBPB/NNMT/CCND1/SLC7A5/DUSP10/PDX1/UGT1A1/CDK1/AURKA/ANXA3/KLK6/THY1/POSTN",21
"BP","GO:0097242","amyloid-beta clearance","9/656","41/18986",0.219512195121951,6.35313801308745,6.49126070601305,8.63904187865532e-06,0.000267755272493865,0.000198729820219017,"MARCO/C3/APOE/MSR1/TREM2/C5AR1/LDLR/TTPA/CLU",9
"BP","GO:0098813","nuclear chromosome segregation","28/656","324/18986",0.0864197530864197,2.50116681722373,5.15582723656051,8.75924055220511e-06,0.00026976243371538,0.000200219549197973,"DCAF13/RRS1/TRIP13/UHRF1/TPX2/CDC6/ECT2/MZT1/UBE2C/MND1/CDCA5/SKA3/MYBL2/SPC25/NUF2/CDK1/AURKA/MAD2L1/KIF2C/BIRC5/NEK2/GEM/KIFC1/PLK1/CCNB1/TOP2A/PTTG1/PRAP1",28
"BP","GO:1903825","organic acid transmembrane transport","18/656","159/18986",0.113207547169811,3.27646111366774,5.45310958027065,1.00796208434247e-05,0.000308474434113866,0.000228951864374646,"SLC27A5/ACSL1/SLC25A32/SLC5A6/SLC6A6/SLC11A1/TTYH3/SLC7A5/SLC25A15/MFSD12/SLC1A3/SLC13A3/SLC38A4/RGS4/SLC43A1/SLC7A1/SLC7A2/SLC2A1",18
"BP","GO:1905918","regulation of CoA-transferase activity","5/656","10/18986",0.5,14.4710365853659,8.06073544440809,1.05798718244747e-05,0.000321760351861836,0.000238812764669556,"APOA2/APOA1/AGT/APOE/AGTR1",5
"BP","GO:0006694","steroid biosynthetic process","20/656","191/18986",0.104712041884817,3.03058357808709,5.33571195144175,1.07522940013363e-05,0.000324734649500805,0.000241020309004967,"APOA1/SLC27A5/SEC14L2/PROX1/INSIG1/INHBA/DHCR7/SNAI1/HSD17B6/CYP3A4/MSMO1/CYP39A1/APOE/SQLE/CES1/ERRFI1/TM7SF2/FGFR4/IGFBP7/CYP27A1",20
"BP","GO:0042157","lipoprotein metabolic process","14/656","102/18986",0.137254901960784,3.97244141559063,5.69432671930337,1.08111412287568e-05,0.000324734649500805,0.000241020309004967,"APOA2/APOC2/APOC3/APOA1/APOC1/APOM/OLR1/APOE/ZDHHC9/LIPG/PCSK9/NOTUM/LCAT/LDLR",14
"BP","GO:0016101","diterpenoid metabolic process","13/656","89/18986",0.146067415730337,4.2274938339271,5.77351077888421,1.11680752571147e-05,0.000333397878534478,0.000247450217676206,"RBP4/DGAT2/CYP2D6/HSD17B6/CYP3A4/LRP8/AKR1C1/CYP1B1/UGT1A1/RBP1/CEL/ADH6/CYP2W1",13
"BP","GO:2001233","regulation of apoptotic signaling pathway","32/656","403/18986",0.0794044665012407,2.29812987956182,4.98297540894159,1.17729904324455e-05,0.000345657273511704,0.000256549225651385,"FGG/FGB/FGA/AGT/TNFRSF12A/SERPINE1/G0S2/GRINA/INHBB/EEF1E1/TRAP1/INHBA/SNAI1/MYC/PMAIP1/MIF/PDX1/TREM2/CTSH/BOK/TPD52L1/PLAGL2/VNN1/MMP9/ICAM1/S100A8/IER3/S100A9/PYCR1/CLU/IFI6/IL1B",32
"BP","GO:0034114","regulation of heterotypic cell-cell adhesion","7/656","24/18986",0.291666666666667,8.44143800813008,6.9007517756049,1.17918428694909e-05,0.000345657273511704,0.000256549225651385,"APOA1/FGG/FGB/FGA/IL1RN/IL1B/BMP7",7
"BP","GO:0098856","intestinal lipid absorption","7/656","24/18986",0.291666666666667,8.44143800813008,6.9007517756049,1.17918428694909e-05,0.000345657273511704,0.000256549225651385,"APOA2/APOA1/CLDN2/AKR1C1/LDLR/CEL/PRAP1",7
"BP","GO:0043467","regulation of generation of precursor metabolites and energy","17/656","146/18986",0.116438356164384,3.36996742398931,5.43818957670031,1.21677833820069e-05,0.000352639843840588,0.000261731737775988,"MLXIPL/KHK/SHMT2/ALDOB/TRAP1/CXXC5/GRB10/AK4/FBP1/BNIP3/DDIT4/IGF2/CDK1/IER3/GPD1/PHLDA2/CCNB1",17
"BP","GO:0032371","regulation of sterol transport","12/656","77/18986",0.155844155844156,4.51045296167247,5.83915801122452,1.23199287819359e-05,0.000352639843840588,0.000261731737775988,"APOA2/APOC2/APOC3/APOA1/APOC1/TMEM97/SHH/APOE/TREM2/CES1/LIPG/PCSK9",12
"BP","GO:0032374","regulation of cholesterol transport","12/656","77/18986",0.155844155844156,4.51045296167247,5.83915801122452,1.23199287819359e-05,0.000352639843840588,0.000261731737775988,"APOA2/APOC2/APOC3/APOA1/APOC1/TMEM97/SHH/APOE/TREM2/CES1/LIPG/PCSK9",12
"BP","GO:0032508","DNA duplex unwinding","12/656","77/18986",0.155844155844156,4.51045296167247,5.83915801122452,1.23199287819359e-05,0.000352639843840588,0.000261731737775988,"DSCC1/RFC3/RUVBL1/RAD54B/MCM3/MCM2/RECQL4/HMGA1/GINS1/GINS2/CDC45/TOP2A",12
"BP","GO:0097529","myeloid leukocyte migration","23/656","243/18986",0.0946502057613169,2.73937318076884,5.16240819596721,1.29268218655351e-05,0.000367847457296456,0.000273018933952915,"SAA1/C5/SERPINE1/VEGFA/CXCL6/CXCL2/MIF/TREM2/TREM1/DPEP1/C5AR1/S100A8/CCL3/CXCL10/S100A9/CXCL11/CCL4/TNFAIP6/CXCL9/CCL4L1/CXCL3/IL1B/CCL18",23
"BP","GO:0000070","mitotic sister chromatid segregation","20/656","194/18986",0.103092783505155,2.98371888358059,5.25376301089133,1.35553113723674e-05,0.000383489215918255,0.000284628355682941,"RRS1/TRIP13/UHRF1/TPX2/MZT1/UBE2C/CDCA5/SKA3/MYBL2/SPC25/NUF2/CDK1/MAD2L1/KIF2C/BIRC5/NEK2/KIFC1/PLK1/CCNB1/PRAP1",20
"BP","GO:0071103","DNA conformation change","13/656","91/18986",0.142857142857143,4.1345818815331,5.67025845630353,1.42961404844384e-05,0.000402109939868655,0.000298448786139995,"DSCC1/RFC3/RUVBL1/RAD54B/MCM3/TOP1MT/MCM2/RECQL4/HMGA1/GINS1/GINS2/CDC45/TOP2A",13
"BP","GO:0006767","water-soluble vitamin metabolic process","11/656","66/18986",0.166666666666667,4.82367886178862,5.88665792847909,1.46821280984097e-05,0.000410593306476216,0.000304745199671166,"RGN/NNMT/PSAT1/SLC25A32/SLC5A6/ALPL/SLC19A2/GSTO1/VNN1/SLC2A1/SLC2A3",11
"BP","GO:0009070","serine family amino acid biosynthetic process","6/656","17/18986",0.352941176470588,10.2148493543759,7.19062218076652,1.48554480908403e-05,0.000410719377329709,0.000304838770332973,"AGXT/PSAT1/SHMT2/MTHFD1/CBS/PHGDH",6
"BP","GO:0046112","nucleobase biosynthetic process","6/656","17/18986",0.352941176470588,10.2148493543759,7.19062218076652,1.48554480908403e-05,0.000410719377329709,0.000304838770332973,"CPS1/CTPS1/DHODH/HPRT1/PAICS/PPAT",6
"BP","GO:0006706","steroid catabolic process","7/656","25/18986",0.28,8.10378048780488,6.72364702729703,1.58913978245347e-05,0.000435641457881836,0.000323336111361883,"SPP1/HSD11B1/HSD17B6/CYP3A4/CYP39A1/APOE/CYP27A1",7
"BP","GO:0070328","triglyceride homeostasis","9/656","44/18986",0.204545454545455,5.91996951219512,6.18090148524913,1.59359185168448e-05,0.000435641457881836,0.000323336111361883,"APOC2/APOC3/APOA1/DGAT2/MLXIPL/LIPC/APOE/ANGPTL4/PLA2G12B",9
"BP","GO:0001666","response to hypoxia","27/656","317/18986",0.0851735015772871,2.46509771485727,4.9763587580364,1.64018256783986e-05,0.000445873093581495,0.000330930102338051,"AJUBA/HILPDA/VEGFA/INHBA/COMT/STC2/MYC/SLC29A1/STC1/PMAIP1/TREM2/ANGPTL4/CA9/AK4/ASCL2/BNIP3/CBS/SOX4/KCNJ8/DDIT4/ITGA2/SLC2A1/LOXL2/ANG/ABAT/POSTN/BMP7",27
"BP","GO:0007059","chromosome segregation","33/656","429/18986",0.0769230769230769,2.22631332082552,4.86017823215274,1.65707552006257e-05,0.000447962748923581,0.00033248105902542,"DCAF13/RRS1/CENPN/TRIP13/UHRF1/TPX2/CDC6/ECT2/MZT1/CENPH/UBE2C/MND1/CDCA5/SKA3/MYBL2/SPC25/NUF2/HJURP/DIAPH3/CDK1/AURKA/MAD2L1/KIF2C/BIRC5/NEK2/GEM/KIFC1/PLK1/CENPW/CCNB1/TOP2A/PTTG1/PRAP1",33
"BP","GO:0006720","isoprenoid metabolic process","15/656","120/18986",0.125,3.61775914634146,5.44197298577819,1.67491538686093e-05,0.000449891442097189,0.000333912548475016,"CYP2E1/RBP4/DGAT2/CYP2C9/CYP2D6/HSD17B6/CYP3A4/LRP8/AKR1C1/CYP1B1/UGT1A1/RBP1/CEL/ADH6/CYP2W1",15
"BP","GO:0032496","response to lipopolysaccharide","29/656","354/18986",0.0819209039548023,2.37096079647237,4.92575625180954,1.68270124253367e-05,0.000449891442097189,0.000333912548475016,"CLDN1/CPS1/CEBPB/SERPINE1/C2/RIPK2/SLC11A1/ALPL/IRAK2/SLC7A5/CXCL6/CXCL2/E2F1/DUSP10/MIF/PALM3/TREM2/UGT1A1/F2R/KCNJ8/MMP9/S100A8/CXCL10/CXCL11/SPON2/CXCL9/CXCL3/MAOB/IL1B",29
"BP","GO:0006006","glucose metabolic process","20/656","197/18986",0.101522842639594,2.93828154017581,5.17337699417107,1.69990499356093e-05,0.000452007524517348,0.000335483119523011,"RBP4/RGN/NNMT/SORD/MST1/ALDOB/PMAIP1/HK3/ENO3/PDX1/ERRFI1/FBP1/SDS/LEPR/IGF2/GPD1/PC/DCXR/SIK1/HKDC1",20
"BP","GO:0033273","response to vitamin","13/656","93/18986",0.139784946236559,4.04566614214529,5.56992433272319,1.8168729206874e-05,0.000480483893047004,0.000356618477739042,"SPP1/ALPL/STC2/KYNU/STC1/PDX1/COL1A1/CBS/OTC/ITGA2/CXCL10/POSTN/BMP7",13
"BP","GO:0055090","acylglycerol homeostasis","9/656","45/18986",0.2,5.78841463414634,6.08376657115991,1.93150945212588e-05,0.000508039188867271,0.000377070209402212,"APOC2/APOC3/APOA1/DGAT2/MLXIPL/LIPC/APOE/ANGPTL4/PLA2G12B",9
"BP","GO:1905953","negative regulation of lipid localization","11/656","68/18986",0.161764705882353,4.68180595408895,5.75378632145132,1.96849429359107e-05,0.000514983507129793,0.00038222433057787,"APOA2/APOC2/APOC3/CRP/APOC1/SHH/APOE/TREM2/CES1/PCSK9/CYP4F2",11
"BP","GO:0001890","placenta development","17/656","152/18986",0.111842105263158,3.23694239409499,5.23819062715729,2.07227526623421e-05,0.000537100847991098,0.000398639974356428,"SPP1/CEBPB/DCAF13/HSP90AB1/STC2/SNAI1/STC1/ASCL2/FOSL1/CTSB/ETNK2/MDFI/IGF2/PHLDA2/TTPA/ANG/BMP7",17
"BP","GO:0070482","response to oxygen levels","29/656","358/18986",0.0810055865921788,2.34446961438888,4.85831173569159,2.07511219528003e-05,0.000537100847991098,0.000398639974356428,"AJUBA/HILPDA/VEGFA/INHBA/COMT/SLC7A5/STC2/MYC/SLC29A1/STC1/PMAIP1/TREM2/ANGPTL4/CA9/AK4/ASCL2/COL1A1/BNIP3/CBS/SOX4/KCNJ8/DDIT4/ITGA2/SLC2A1/LOXL2/ANG/ABAT/POSTN/BMP7",29
"BP","GO:0019217","regulation of fatty acid metabolic process","14/656","108/18986",0.12962962962963,3.75175022583559,5.42523913152568,2.10042471189695e-05,0.000540776013126486,0.000401367707408435,"APOC2/APOC3/APOC1/RGN/MLXIPL/TRIB3/INSIG1/ELOVL5/GDF15/UGT1A6/UGT1A1/SOX9/FABP3/IL1B",14
"BP","GO:1905906","regulation of amyloid fibril formation","6/656","18/18986",0.333333333333333,9.64735772357723,6.94360320967032,2.16334042687203e-05,0.000554042869324173,0.000411214460088528,"PFDN4/APOE/PFDN2/TREM2/LDLR/CLU",6
"BP","GO:0010565","regulation of cellular ketone metabolic process","17/656","153/18986",0.111111111111111,3.21578590785908,5.20582717488995,2.25793722922962e-05,0.000575242018713681,0.000426948615788747,"APOC2/APOC3/APOC1/RGN/MLXIPL/TRIB3/PROX1/INSIG1/ELOVL5/GDF15/CES1/UGT1A6/UGT1A1/FGFR4/SOX9/FABP3/IL1B",17
"BP","GO:0000819","sister chromatid segregation","22/656","235/18986",0.0936170212765957,2.70947067981318,4.98837803795853,2.35210817719915e-05,0.00059611241615891,0.000442438769515915,"RRS1/TRIP13/UHRF1/TPX2/CDC6/MZT1/UBE2C/CDCA5/SKA3/MYBL2/SPC25/NUF2/CDK1/MAD2L1/KIF2C/BIRC5/NEK2/KIFC1/PLK1/CCNB1/TOP2A/PRAP1",22
"BP","GO:0031640","killing of cells of another organism","15/656","124/18986",0.120967741935484,3.50105723839496,5.2858713788795,2.48690736128171e-05,0.000623777897937978,0.000462972281961885,"CFHR1/HRG/HAMP/KNG1/C5/C8G/CXCL6/CXCL2/TREM1/CXCL10/CXCL11/CXCL9/GZMB/CXCL3/CCL18",15
"BP","GO:0141061","disruption of cell in another organism","15/656","124/18986",0.120967741935484,3.50105723839496,5.2858713788795,2.48690736128171e-05,0.000623777897937978,0.000462972281961885,"CFHR1/HRG/HAMP/KNG1/C5/C8G/CXCL6/CXCL2/TREM1/CXCL10/CXCL11/CXCL9/GZMB/CXCL3/CCL18",15
"BP","GO:0046364","monosaccharide biosynthetic process","13/656","96/18986",0.135416666666667,3.91923907520325,5.424569641429,2.56990823583629e-05,0.000641290947465611,0.000475970588780261,"RBP4/RGN/NNMT/SORD/MST1/ALDOB/ENO3/FBP1/SDS/LEPR/GPD1/PC/SIK1",13
"BP","GO:0033047","regulation of mitotic sister chromatid segregation","10/656","58/18986",0.172413793103448,4.9900126156434,5.75720759869166,2.64045755038939e-05,0.000655534002050753,0.000486541882673791,"TRIP13/SKA3/SPC25/NUF2/CDK1/MAD2L1/BIRC5/PLK1/CCNB1/PRAP1",10
"BP","GO:0032392","DNA geometric change","12/656","83/18986",0.144578313253012,4.18439612106964,5.50017810867137,2.68848074660436e-05,0.000664068391521667,0.000492876165728003,"DSCC1/RFC3/RUVBL1/RAD54B/MCM3/MCM2/RECQL4/HMGA1/GINS1/GINS2/CDC45/TOP2A",12
"BP","GO:0006760","folic acid-containing compound metabolic process","7/656","27/18986",0.259259259259259,7.50350045167118,6.39730904649273,2.76414743821946e-05,0.000672517071718795,0.000499146834764788,"MTHFD1L/SLC25A32/SHMT2/MTHFD1/FOLH1/GGH/ALDH1L1",7
"BP","GO:0030194","positive regulation of blood coagulation","7/656","27/18986",0.259259259259259,7.50350045167118,6.39730904649273,2.76414743821946e-05,0.000672517071718795,0.000499146834764788,"VTN/APOH/SERPINF2/F12/HRG/SERPINE1/F2R",7
"BP","GO:1900048","positive regulation of hemostasis","7/656","27/18986",0.259259259259259,7.50350045167118,6.39730904649273,2.76414743821946e-05,0.000672517071718795,0.000499146834764788,"VTN/APOH/SERPINF2/F12/HRG/SERPINE1/F2R",7
"BP","GO:1901617","organic hydroxy compound biosynthetic process","23/656","255/18986",0.0901960784313725,2.61046150167384,4.89796800251264,2.80120676170621e-05,0.000678142890669771,0.000503322356607174,"APOA1/PAH/SLC27A5/SEC14L2/PSAT1/PROX1/INSIG1/INHBA/DHCR7/SNAI1/CDH3/CYP3A4/MSMO1/CYP39A1/APOE/SQLE/MFSD12/CES1/ERRFI1/TM7SF2/SPHK1/FGFR4/CYP27A1",23
"BP","GO:0019318","hexose metabolic process","22/656","238/18986",0.092436974789916,2.67531768805083,4.92021598781731,2.86009121673749e-05,0.000688970488150723,0.000511358674550616,"RBP4/RGN/KHK/NNMT/GALK1/SORD/MST1/ALDOB/PMAIP1/HK3/ENO3/PDX1/ERRFI1/FBP1/SDS/LEPR/IGF2/GPD1/PC/DCXR/SIK1/HKDC1",22
"BP","GO:0002009","morphogenesis of an epithelium","36/656","500/18986",0.072,2.08382926829268,4.64622663915648,2.88053706696078e-05,0.000690477505804491,0.000512477193504923,"AGT/AJUBA/MET/MTHFD1L/PROX1/COL4A1/CTHRC1/VEGFA/SHH/SNAI1/MYC/FOXQ1/TACSTD2/MTHFD1/PDX1/CTSH/CA9/SDC4/TGM2/LRG1/KRT17/JAG2/MSX2/CXCL10/SOX9/SAPCD2/SULF1/COL5A1/LGR5/AREG/NKD1/PTK7/WNT11/FERMT1/BMP7/SERPINB5",36
"BP","GO:1905039","carboxylic acid transmembrane transport","17/656","156/18986",0.108974358974359,3.15394387116948,5.11031309629436,2.90683204087734e-05,0.000693364936809272,0.00051462026482199,"SLC27A5/ACSL1/SLC25A32/SLC5A6/SLC11A1/TTYH3/SLC7A5/SLC25A15/MFSD12/SLC1A3/SLC13A3/SLC38A4/RGS4/SLC43A1/SLC7A1/SLC7A2/SLC2A1",17
"BP","GO:0045839","negative regulation of mitotic nuclear division","10/656","59/18986",0.169491525423729,4.90543613063249,5.68369340093626,3.08211149771271e-05,0.000731588026725369,0.000542989707247873,"TRIP13/SKA3/SPC25/NUF2/MAD2L1/BIRC5/PLK1/CCNB1/BMP7/PRAP1",10
"BP","GO:0030595","leukocyte chemotaxis","22/656","240/18986",0.0916666666666667,2.65302337398374,4.87535559076878,3.25141159291934e-05,0.000768027612191529,0.000570035420301801,"SAA1/C5/SERPINE1/VEGFA/CXCL6/CXCL2/MIF/TREM1/DPEP1/C5AR1/S100A8/CCL3/CXCL10/S100A9/CXCL11/CCL4/TNFAIP6/CXCL9/CCL4L1/CXCL3/IL1B/CCL18",22
"BP","GO:0141060","disruption of anatomical structure in another organism","15/656","127/18986",0.118110236220472,3.41835509890532,5.17295367187431,3.30660739632546e-05,0.000777292347368101,0.000576911771003949,"CFHR1/HRG/HAMP/KNG1/C5/C8G/CXCL6/CXCL2/TREM1/CXCL10/CXCL11/CXCL9/GZMB/CXCL3/CCL18",15
"BP","GO:0002920","regulation of humoral immune response","9/656","48/18986",0.1875,5.4266387195122,5.80903012878767,3.33273319993527e-05,0.000779667295715625,0.000578674474138558,"HPX/C4BPA/C4BPB/C3/TREM2/SERPING1/CFH/MASP1/IL1B",9
"BP","GO:0036293","response to decreased oxygen levels","27/656","331/18986",0.081570996978852,2.36083376317147,4.72495235977349,3.51715344845885e-05,0.000818874099531138,0.000607774035842978,"AJUBA/HILPDA/VEGFA/INHBA/COMT/STC2/MYC/SLC29A1/STC1/PMAIP1/TREM2/ANGPTL4/CA9/AK4/ASCL2/BNIP3/CBS/SOX4/KCNJ8/DDIT4/ITGA2/SLC2A1/LOXL2/ANG/ABAT/POSTN/BMP7",27
"BP","GO:0070542","response to fatty acid","10/656","60/18986",0.166666666666667,4.82367886178862,5.61181835781898,3.58547565774872e-05,0.000830805930981203,0.000616629923896534,"CLDN1/DGAT2/CPS1/ACSL1/SCD/AKR1C1/PDX1/LDLR/SOX9/GLDC",10
"BP","GO:0043434","response to peptide hormone","33/656","446/18986",0.0739910313901345,2.14145384447118,4.61473649540924,3.6126305533087e-05,0.000833130818597164,0.000618355471608988,"AHSG/AGT/CPS1/TIMP1/TRIB3/KHK/INSIG1/INHBB/ALPL/INHBA/COMT/STC2/VWA2/GDF15/CYP1B1/GRB10/PCSK9/CDC6/ERRFI1/FBP1/COL1A1/GRB14/OTC/KCNJ8/IGF2/EREG/AGTR1/ECHDC3/SLC2A1/AREG/EGR2/IL1B/BMP7",33
"BP","GO:0072001","renal system development","27/656","332/18986",0.0813253012048193,2.35372281810168,4.70748335346524,3.70650193784434e-05,0.000850747095733517,0.000631430394674475,"RBP4/AGT/RGN/PROX1/COL4A1/VEGFA/ENPEP/COMT/SHH/MYC/TACSTD2/CTSH/PCSK9/HEYL/SDC4/ODC1/SOX4/KCNJ8/MMP9/STRA6/SOX9/AGTR1/SULF1/LGR5/PTK7/WNT11/BMP7",27
"BP","GO:0007094","mitotic spindle assembly checkpoint signaling","9/656","49/18986",0.183673469387755,5.31589099054256,5.72254089878185,3.95881135517616e-05,0.000895980281594753,0.000665002778928245,"TRIP13/SKA3/SPC25/NUF2/MAD2L1/BIRC5/PLK1/CCNB1/PRAP1",9
"BP","GO:0071173","spindle assembly checkpoint signaling","9/656","49/18986",0.183673469387755,5.31589099054256,5.72254089878185,3.95881135517616e-05,0.000895980281594753,0.000665002778928245,"TRIP13/SKA3/SPC25/NUF2/MAD2L1/BIRC5/PLK1/CCNB1/PRAP1",9
"BP","GO:0071174","mitotic spindle checkpoint signaling","9/656","49/18986",0.183673469387755,5.31589099054256,5.72254089878185,3.95881135517616e-05,0.000895980281594753,0.000665002778928245,"TRIP13/SKA3/SPC25/NUF2/MAD2L1/BIRC5/PLK1/CCNB1/PRAP1",9
"BP","GO:0009306","protein secretion","29/656","371/18986",0.078167115902965,2.26231838800868,4.64515629299181,3.99369668164286e-05,0.000899691113558988,0.000667756984147984,"FGG/FGB/FGA/RBP4/SAA1/NR0B2/INHBB/VSNL1/RHBDF2/COMT/KLF7/APOE/PDX1/TREM2/TMEM132A/IL1RN/SYT7/SLC9B2/F2R/SOX4/KCNJ8/LTBP2/ANO1/COMP/ANG/OLFM2/ABAT/IL1B/FAM3B",29
"BP","GO:0001706","endoderm formation","10/656","61/18986",0.163934426229508,4.74460215913634,5.54151667924257,4.15745549534891e-05,0.000932266287574552,0.00069193450422227,"VTN/INHBA/FN1/COL4A2/MMP9/DUSP2/COL5A1/DUSP4/COL5A2/COL11A1",10
"BP","GO:0033344","cholesterol efflux","11/656","74/18986",0.148648648648649,4.30220006591958,5.3842659089889,4.44925905649228e-05,0.000993123604077589,0.000737103226597055,"APOA2/APOC2/APOC3/APOA1/APOC1/APOM/COMT/SHH/APOE/TREM2/CES1",11
"BP","GO:0035592","establishment of protein localization to extracellular region","29/656","374/18986",0.0775401069518717,2.24417144906743,4.59722223080266,4.61935407186259e-05,0.00102171713244015,0.000758325541653615,"FGG/FGB/FGA/RBP4/SAA1/NR0B2/INHBB/VSNL1/RHBDF2/COMT/KLF7/APOE/PDX1/TREM2/TMEM132A/IL1RN/SYT7/SLC9B2/F2R/SOX4/KCNJ8/LTBP2/ANO1/COMP/ANG/OLFM2/ABAT/IL1B/FAM3B",29
"BP","GO:0042176","regulation of protein catabolic process","29/656","374/18986",0.0775401069518717,2.24417144906743,4.59722223080266,4.61935407186259e-05,0.00102171713244015,0.000758325541653615,"TF/HAMP/TIMP1/TRIB3/C4BPA/C4BPB/HSP90AB1/SHH/APOE/ASB9/TREM2/PACSIN3/PCSK9/TMEM132A/ODC1/NKD2/LDLR/AURKA/IER3/MAD2L1/LAPTM4B/SOX9/PLK1/NKD1/SERPINE2/FBXO2/AXIN2/CLU/IL1B",29
"BP","GO:0031577","spindle checkpoint signaling","9/656","50/18986",0.18,5.20957317073171,5.63838764129389,4.68148680343198e-05,0.00103077442468326,0.000765047926771856,"TRIP13/SKA3/SPC25/NUF2/MAD2L1/BIRC5/PLK1/CCNB1/PRAP1",9
"BP","GO:0016485","protein processing","22/656","246/18986",0.0894308943089431,2.5883154868134,4.74346301497071,4.72997164031339e-05,0.00103675864872815,0.000769489459360609,"FGG/FGB/FGA/APOH/SERPINF2/F12/HPN/SERPINE1/RIPK2/ADAMTS2/ENPEP/SHH/LDLRAD3/CTSH/ECE2/PCSK9/NKD2/KLK6/COMP/SERPINE2/C1R/MASP1",22
"BP","GO:0007566","embryo implantation","10/656","62/18986",0.161290322580645,4.66807631785995,5.47272626351461,4.80552823850623e-05,0.00104297223107532,0.000774101223271988,"SPP1/TIMP1/TEAD4/VEGFA/STC2/STC1/ERRFI1/MMP9/IGFBP7/IL1B",10
"BP","GO:0010965","regulation of mitotic sister chromatid separation","10/656","62/18986",0.161290322580645,4.66807631785995,5.47272626351461,4.80552823850623e-05,0.00104297223107532,0.000774101223271988,"TRIP13/UBE2C/SKA3/SPC25/NUF2/MAD2L1/BIRC5/PLK1/CCNB1/PRAP1",10
"BP","GO:0001906","cell killing","23/656","264/18986",0.0871212121212121,2.52146849593496,4.70939149404088,4.82262129042225e-05,0.00104297223107532,0.000774101223271988,"CFHR1/HRG/HAMP/FCGR3A/KNG1/C5/FCGR1A/C8G/CXCL6/C3/HPRT1/CXCL2/CTSH/TREM1/ICAM1/CXCL10/CXCL11/CFH/FCGR3B/CXCL9/GZMB/CXCL3/CCL18",23
"BP","GO:0032370","positive regulation of lipid transport","12/656","88/18986",0.136363636363636,3.94664634146341,5.24128066516199,4.87223041723409e-05,0.00104835459958207,0.000778096054506258,"APOA1/SPP1/ACSL1/APOE/MIF/TREM2/CES1/LIPG/CYP4F2/FABP3/IL1B/PRAP1",12
"BP","GO:0006544","glycine metabolic process","5/656","13/18986",0.384615384615385,11.1315666041276,6.91283617068828,4.95523135848491e-05,0.00104835459958207,0.000778096054506258,"AGXT/GCSH/SHMT2/PHGDH/GLDC",5
"BP","GO:0009071","serine family amino acid catabolic process","5/656","13/18986",0.384615384615385,11.1315666041276,6.91283617068828,4.95523135848491e-05,0.00104835459958207,0.000778096054506258,"AGXT/GCSH/CBS/SDS/GLDC",5
"BP","GO:0034380","high-density lipoprotein particle assembly","5/656","13/18986",0.384615384615385,11.1315666041276,6.91283617068828,4.95523135848491e-05,0.00104835459958207,0.000778096054506258,"APOA2/APOA1/APOM/APOE/LCAT",5
"BP","GO:0051918","negative regulation of fibrinolysis","5/656","13/18986",0.384615384615385,11.1315666041276,6.91283617068828,4.95523135848491e-05,0.00104835459958207,0.000778096054506258,"VTN/APOH/SERPINF2/HRG/SERPINE1",5
"BP","GO:0045732","positive regulation of protein catabolic process","20/656","213/18986",0.0938967136150235,2.71756555593725,4.76883473100495,5.23515135753703e-05,0.00110278123401624,0.00081849188005056,"TF/HAMP/TRIB3/C4BPA/C4BPB/APOE/ASB9/TREM2/PACSIN3/PCSK9/NKD2/LDLR/AURKA/IER3/SOX9/PLK1/NKD1/AXIN2/CLU/IL1B",20
"BP","GO:0051310","metaphase chromosome alignment","13/656","103/18986",0.12621359223301,3.65288302154866,5.10713342433832,5.46446028447045e-05,0.00113658610927424,0.000843582092915377,"RRS1/ECT2/CDCA5/SKA3/SPC25/NUF2/CDK1/KIF2C/BIRC5/NEK2/GEM/KIFC1/CCNB1",13
"BP","GO:0033046","negative regulation of sister chromatid segregation","9/656","51/18986",0.176470588235294,5.10742467718795,5.5564579142684,5.51241927227128e-05,0.00113658610927424,0.000843582092915377,"TRIP13/SKA3/SPC25/NUF2/MAD2L1/BIRC5/PLK1/CCNB1/PRAP1",9
"BP","GO:0033048","negative regulation of mitotic sister chromatid segregation","9/656","51/18986",0.176470588235294,5.10742467718795,5.5564579142684,5.51241927227128e-05,0.00113658610927424,0.000843582092915377,"TRIP13/SKA3/SPC25/NUF2/MAD2L1/BIRC5/PLK1/CCNB1/PRAP1",9
"BP","GO:0045841","negative regulation of mitotic metaphase/anaphase transition","9/656","51/18986",0.176470588235294,5.10742467718795,5.5564579142684,5.51241927227128e-05,0.00113658610927424,0.000843582092915377,"TRIP13/SKA3/SPC25/NUF2/MAD2L1/BIRC5/PLK1/CCNB1/PRAP1",9
"BP","GO:2000816","negative regulation of mitotic sister chromatid separation","9/656","51/18986",0.176470588235294,5.10742467718795,5.5564579142684,5.51241927227128e-05,0.00113658610927424,0.000843582092915377,"TRIP13/SKA3/SPC25/NUF2/MAD2L1/BIRC5/PLK1/CCNB1/PRAP1",9
"BP","GO:0016072","rRNA metabolic process","23/656","268/18986",0.0858208955223881,2.48383463778668,4.62806199907957,6.08201530071696e-05,0.00124873782503328,0.00092682187416211,"RCL1/BYSL/WDR43/NOP58/RPF2/UTP14A/DKC1/DCAF13/RRP9/BOP1/NOP2/RRS1/MYC/BRIX1/RRP1/DDX21/EXOSC5/RPP40/NOLC1/GTF3A/LYAR/POLR1D/ANG",23
"BP","GO:0043588","skin development","26/656","324/18986",0.0802469135802469,2.32251204456489,4.54222911258953,6.41822012909786e-05,0.00131222937597438,0.000973945743606138,"CLDN1/ETV4/MET/GRHL1/ADAMTS2/KRT80/INHBA/SHH/SNAI1/CDH3/FOXQ1/KRT7/ERRFI1/COL1A1/KRT17/EREG/MSX2/ITGA2/SOX9/COL5A1/LGR5/CSTA/COMP/COL5A2/COL1A2/FERMT1",26
"BP","GO:0051180","vitamin transport","9/656","52/18986",0.173076923076923,5.00920497185741,5.47664680411011,6.46426892008336e-05,0.00131611433326886,0.000976829185853601,"APOA1/GC/SLC25A32/SLC5A6/SLC19A2/STRA6/TTPA/SLC2A1/SLC2A3",9
"BP","GO:0006575","cellular modified amino acid metabolic process","18/656","183/18986",0.0983606557377049,2.84676129548181,4.74896232055295,6.72013458437853e-05,0.00135672538951194,0.00100697099344873,"ALDH4A1/HPN/MTHFD1L/SLC25A32/GATM/SHMT2/GAMT/GLO1/GSTO1/MTHFD1/CTSB/FOLH1/DPEP1/VNN1/GSTA1/GGH/ALDH1L1/CKMT2",18
"BP","GO:0071692","protein localization to extracellular region","29/656","382/18986",0.0759162303664921,2.19717309411314,4.47158459910948,6.74389231017641e-05,0.00135672538951194,0.00100697099344873,"FGG/FGB/FGA/RBP4/SAA1/NR0B2/INHBB/VSNL1/RHBDF2/COMT/KLF7/APOE/PDX1/TREM2/TMEM132A/IL1RN/SYT7/SLC9B2/F2R/SOX4/KCNJ8/LTBP2/ANO1/COMP/ANG/OLFM2/ABAT/IL1B/FAM3B",29
"BP","GO:0046683","response to organophosphorus","15/656","135/18986",0.111111111111111,3.21578590785908,4.8876879553748,6.75996958071023e-05,0.00135672538951194,0.00100697099344873,"AQP9/CPS1/INHBB/STC1/RFC3/AKR1C1/CYP1B1/ERRFI1/FBP1/FOSL1/COL1A1/KCNJ8/GPD1/AREG/IL1B",15
"BP","GO:0007143","female meiotic nuclear division","8/656","41/18986",0.195121951219512,5.64723378941106,5.63527523764731,6.77526242604604e-05,0.00135672538951194,0.00100697099344873,"DCAF13/TRIP13/SKA3/CDC25B/EREG/AURKA/PLK1/TOP2A",8
"BP","GO:1902850","microtubule cytoskeleton organization involved in mitosis","17/656","167/18986",0.101796407185629,2.94619906528407,4.77884794298447,6.92882282176934e-05,0.0013817890102758,0.00102557338660443,"RAE1/UHRF1/TPX2/MZT1/CENPH/MYBL2/SPC25/NUF2/CDK1/AURKA/MAD2L1/SAPCD2/BIRC5/NEK2/KIFC1/PLK1/CCNB1",17
"BP","GO:0010038","response to metal ion","27/656","345/18986",0.0782608695652174,2.26503181336161,4.4859288352745,7.15849885676303e-05,0.00142176552804118,0.00105524423534066,"CLDN1/FGG/FGB/FGA/TF/HAMP/TFR2/CPS1/KHK/TNFRSF11B/INHBB/SLC11A1/SHH/PDX1/CPNE7/ECT2/FBP1/BNIP3/CPNE1/DPEP1/OTC/CDK1/S100A8/LOXL2/ABAT/MAOB/MT1A",27
"BP","GO:0032372","negative regulation of sterol transport","7/656","31/18986",0.225806451612903,6.53530684500393,5.8349433118464,7.25755734832765e-05,0.00142246005583682,0.00105575971868738,"APOA2/APOC2/APOC3/APOC1/SHH/APOE/PCSK9",7
"BP","GO:0032375","negative regulation of cholesterol transport","7/656","31/18986",0.225806451612903,6.53530684500393,5.8349433118464,7.25755734832765e-05,0.00142246005583682,0.00105575971868738,"APOA2/APOC2/APOC3/APOC1/SHH/APOE/PCSK9",7
"BP","GO:0050820","positive regulation of coagulation","7/656","31/18986",0.225806451612903,6.53530684500393,5.8349433118464,7.25755734832765e-05,0.00142246005583682,0.00105575971868738,"VTN/APOH/SERPINF2/F12/HRG/SERPINE1/F2R",7
"BP","GO:0051306","mitotic sister chromatid separation","10/656","65/18986",0.153846153846154,4.45262664165103,5.27485153764098,7.29025132360803e-05,0.00142246005583682,0.00105575971868738,"TRIP13/UBE2C/SKA3/SPC25/NUF2/MAD2L1/BIRC5/PLK1/CCNB1/PRAP1",10
"BP","GO:0032890","regulation of organic acid transport","11/656","78/18986",0.141025641025641,4.08157442151345,5.15909058101864,7.30815893874241e-05,0.00142246005583682,0.00105575971868738,"ACSL1/CLDN2/SLC7A5/MIF/CES1/RGS4/SLC43A1/CYP4F2/ABAT/FABP3/IL1B",11
"BP","GO:0097193","intrinsic apoptotic signaling pathway","26/656","327/18986",0.0795107033639144,2.30120459461475,4.49005095978838,7.47424611712905e-05,0.00143475427735194,0.00106488457516051,"CEBPB/TRIB3/GRINA/TRAP1/SNAI1/MYC/E2F1/PMAIP1/MIF/PDX1/CYP1B1/TREM2/BOK/BNIP3/PLAGL2/VNN1/DDIT4/MMP9/S100A8/IER3/MELK/S100A9/BCL2A1/PYCR1/CLU/IFI6",26
"BP","GO:0034116","positive regulation of heterotypic cell-cell adhesion","5/656","14/18986",0.357142857142857,10.3364547038328,6.61097389649208,7.48926400426207e-05,0.00143475427735194,0.00106488457516051,"FGG/FGB/FGA/IL1B/BMP7",5
"BP","GO:0051004","regulation of lipoprotein lipase activity","5/656","14/18986",0.357142857142857,10.3364547038328,6.61097389649208,7.48926400426207e-05,0.00143475427735194,0.00106488457516051,"APOC2/APOC3/APOH/APOC1/ANGPTL4",5
"BP","GO:1904478","regulation of intestinal absorption","5/656","14/18986",0.357142857142857,10.3364547038328,6.61097389649208,7.48926400426207e-05,0.00143475427735194,0.00106488457516051,"APOA2/APOA1/HAMP/CLDN2/PRAP1",5
"BP","GO:1902100","negative regulation of metaphase/anaphase transition of cell cycle","9/656","53/18986",0.169811320754717,4.91469167050161,5.39885628703814,7.55074235711343e-05,0.0014352309495982,0.00106523836460757,"TRIP13/SKA3/SPC25/NUF2/MAD2L1/BIRC5/PLK1/CCNB1/PRAP1",9
"BP","GO:1905819","negative regulation of chromosome separation","9/656","53/18986",0.169811320754717,4.91469167050161,5.39885628703814,7.55074235711343e-05,0.0014352309495982,0.00106523836460757,"TRIP13/SKA3/SPC25/NUF2/MAD2L1/BIRC5/PLK1/CCNB1/PRAP1",9
"BP","GO:0019319","hexose biosynthetic process","12/656","92/18986",0.130434782608696,3.77505302226935,5.04753375114627,7.59223046566348e-05,0.00143750169050267,0.00106692372425523,"RBP4/NNMT/SORD/MST1/ALDOB/ENO3/FBP1/SDS/LEPR/GPD1/PC/SIK1",12
"BP","GO:0015802","basic amino acid transport","6/656","22/18986",0.272727272727273,7.89329268292683,6.11996690573578,7.725771547841e-05,0.00145711644774397,0.00108148193311475,"SLC11A1/SLC7A5/SLC25A15/SLC38A4/SLC7A1/SLC7A2",6
"BP","GO:0042886","amide transport","26/656","328/18986",0.0792682926829268,2.29418872694825,4.47278453868559,7.85941334795577e-05,0.00147659866220667,0.00109594176780476,"FGG/FGB/FGA/AQP9/TFR2/RBP4/NR0B2/SLC25A32/SLC5A6/INHBB/MMP7/SLC19A2/VSNL1/KLF7/GLTPD2/SLC13A3/PDX1/IL1RN/SYT7/SLC9B2/SOX4/S100A8/ANO1/ABAT/IL1B/FAM3B",26
"BP","GO:2001235","positive regulation of apoptotic signaling pathway","16/656","153/18986",0.104575163398693,3.02662203092619,4.76140046039918,8.15236999012123e-05,0.00152574739892038,0.00113242030105692,"AGT/TNFRSF12A/G0S2/INHBB/EEF1E1/INHBA/MYC/PMAIP1/CTSH/BOK/TPD52L1/PLAGL2/VNN1/S100A8/S100A9/CLU",16
"BP","GO:0090303","positive regulation of wound healing","10/656","66/18986",0.151515151515152,4.38516260162602,5.21155018199703,8.32990105820927e-05,0.00155299994441557,0.00115264732932914,"CLDN1/VTN/APOH/SERPINF2/F12/HRG/SERPINE1/TMEM97/F2R/FERMT1",10
"BP","GO:0008608","attachment of spindle microtubules to kinetochore","9/656","54/18986",0.166666666666667,4.82367886178862,5.32299465555869,8.78663785208714e-05,0.00161342565238702,0.00119749570885843,"ECT2/SKA3/SPC25/NUF2/CDK1/KIF2C/BIRC5/NEK2/CCNB1",9
"BP","GO:0042304","regulation of fatty acid biosynthetic process","9/656","54/18986",0.166666666666667,4.82367886178862,5.32299465555869,8.78663785208714e-05,0.00161342565238702,0.00119749570885843,"APOC2/APOC3/APOC1/RGN/MLXIPL/TRIB3/INSIG1/ELOVL5/IL1B",9
"BP","GO:0048146","positive regulation of fibroblast proliferation","9/656","54/18986",0.166666666666667,4.82367886178862,5.32299465555869,8.78663785208714e-05,0.00161342565238702,0.00119749570885843,"AGT/FN1/MYC/E2F1/MIF/CDC6/SPHK1/EREG/CCNB1",9
"BP","GO:0051985","negative regulation of chromosome segregation","9/656","54/18986",0.166666666666667,4.82367886178862,5.32299465555869,8.78663785208714e-05,0.00161342565238702,0.00119749570885843,"TRIP13/SKA3/SPC25/NUF2/MAD2L1/BIRC5/PLK1/CCNB1/PRAP1",9
"BP","GO:0051222","positive regulation of protein transport","22/656","257/18986",0.0856031128404669,2.4775315554712,4.51151098970864,9.06717690746019e-05,0.00165867980570306,0.00123108365530257,"FGG/FGB/FGA/RBP4/NR0B2/VSNL1/TMEM97/SHH/IPO5/APOE/PDX1/TREM2/ECT2/TMEM132A/SOX4/SEC16B/CDK1/ANO1/ANG/ABAT/SLC35D3/IL1B",22
"BP","GO:0051784","negative regulation of nuclear division","10/656","67/18986",0.149253731343284,4.31971241354205,5.14949645048197,9.49260358269538e-05,0.00173000033832943,0.00128401824925006,"TRIP13/SKA3/SPC25/NUF2/MAD2L1/BIRC5/PLK1/CCNB1/BMP7/PRAP1",10
"BP","GO:0016042","lipid catabolic process","27/656","351/18986",0.0769230769230769,2.22631332082552,4.3869864543808,9.56382421020311e-05,0.00173647644055404,0.00128882485723515,"APOA2/APOC2/APOC3/APOC1/SPP1/HSD11B1/CPS1/LIPC/CYP4F3/HSD17B6/CYP3A4/CYP39A1/APOE/AIG1/CYP1B1/ABHD2/CES1/LIPG/CYP4F2/DPEP1/SPHK1/LDLR/CYP27A1/CEL/PLA2G12B/IL1B/CYP2W1",27
"BP","GO:0006690","icosanoid metabolic process","14/656","124/18986",0.112903225806452,3.26765342250197,4.7925829681985,9.8514749786472e-05,0.00178058234847804,0.00132156056798584,"CYP2E1/CYP2C9/CYP2D6/CYP4F3/COMT/CYP2B6/AKR1C1/MIF/CYP1B1/CYP4F2/DPEP1/FADS1/GSTA1/IL1B",14
"BP","GO:0048144","fibroblast proliferation","13/656","109/18986",0.119266055045872,3.45180689192213,4.85633916945303,9.87992671781897e-05,0.00178058234847804,0.00132156056798584,"AGT/FN1/MYC/E2F1/MIF/CKS1B/CDC6/CKS2/KCNJ8/SPHK1/EREG/CDK1/CCNB1",13
"BP","GO:0007565","female pregnancy","18/656","189/18986",0.0952380952380952,2.75638792102207,4.590743849555,0.000101984573881055,0.00183120640776831,0.00135913409588619,"AMBP/SPP1/TIMP1/TEAD4/DCAF13/VEGFA/STC2/STC1/ERRFI1/FOSL1/CTSB/CBS/IGFBP2/MMP9/ITGA2/IGFBP7/SLC2A1/IL1B",18
"BP","GO:0051055","negative regulation of lipid biosynthetic process","10/656","68/18986",0.147058823529412,4.25618723098996,5.08864556779459,0.000107898638049548,0.00193027489981287,0.00143266341775541,"APOC3/APOC1/TRIB3/PROX1/INSIG1/SNAI1/APOE/CCDC3/SPHK1/SIK1",10
"BP","GO:0038065","collagen-activated signaling pathway","5/656","15/18986",0.333333333333333,9.64735772357723,6.3381123122028,0.000109151767675236,0.00193843978652444,0.00143872345329902,"COL4A1/OSCAR/COL4A2/COL1A1/ITGA2",5
"BP","GO:1903826","L-arginine transmembrane transport","5/656","15/18986",0.333333333333333,9.64735772357723,6.3381123122028,0.000109151767675236,0.00193843978652444,0.00143872345329902,"SLC11A1/SLC25A15/SLC38A4/SLC7A1/SLC7A2",5
"BP","GO:0042558","pteridine-containing compound metabolic process","7/656","33/18986",0.212121212121212,6.13922764227642,5.58974288446611,0.000111036929130914,0.0019647479896401,0.00145824958410782,"MTHFD1L/SLC25A32/SHMT2/MTHFD1/FOLH1/GGH/ALDH1L1",7
"BP","GO:0019432","triglyceride biosynthetic process","8/656","44/18986",0.181818181818182,5.26219512195122,5.3545470341616,0.000114714239312538,0.00201516060828451,0.00149566617929439,"DGAT2/RGN/ACSL1/C3/GPAM/AGMO/LDLR/SIK1",8
"BP","GO:0050892","intestinal absorption","8/656","44/18986",0.181818181818182,5.26219512195122,5.3545470341616,0.000114714239312538,0.00201516060828451,0.00149566617929439,"APOA2/APOA1/HAMP/CLDN2/AKR1C1/LDLR/CEL/PRAP1",8
"BP","GO:0042063","gliogenesis","27/656","355/18986",0.076056338028169,2.20122810030917,4.32212740542709,0.000115466051275048,0.00202107124282152,0.00150005309324002,"VTN/CDH2/SLC7A5/SHH/LRP8/DUSP10/TREM2/BOK/ASCL2/BNIP3/SOX4/LEPR/C5AR1/CDK1/S100A8/LDLR/CCL3/PHGDH/SOX9/VCAN/S100A9/ANO1/AREG/SERPINE2/EGR2/CLU/IL1B",27
"BP","GO:0016064","immunoglobulin mediated immune response","19/656","209/18986",0.0909090909090909,2.63109756097561,4.48555272767093,0.000122934818612345,0.00213643152631312,0.00158567429571036,"HPX/FCGR3A/CFI/C5/C4BPA/HSPD1/C4BPB/C2/FCGR1A/C8G/C4B/C3/TREM2/C4A/SERPING1/FCGR3B/C1R/CLU/C1S",19
"BP","GO:0051216","cartilage development","19/656","209/18986",0.0909090909090909,2.63109756097561,4.48555272767093,0.000122934818612345,0.00213643152631312,0.00158567429571036,"BGN/TIMP1/CHI3L1/TGFBI/SNAI1/STC1/ERRFI1/COL1A1/CBS/MSX2/SOX9/SULF1/LOXL2/COMP/HYAL1/COL11A1/AXIN2/WNT11/BMP7",19
"BP","GO:0019915","lipid storage","12/656","97/18986",0.123711340206186,3.58046266029671,4.82008781934136,0.00012752481316889,0.0022083122451239,0.00163902466372901,"APOA1/CRP/DGAT2/PLIN2/HILPDA/C3/APOE/SQLE/MSR1/TREM2/CES1/IL1B",12
"BP","GO:0022600","digestive system process","13/656","112/18986",0.116071428571429,3.35934777874564,4.73745378704937,0.000130626509389282,0.0022508087070883,0.00167056583252644,"APOA2/APOA1/HAMP/RBP4/SERPINA3/SNX10/CLDN2/COMT/AKR1C1/LDLR/SOX9/CEL/PRAP1",13
"BP","GO:0044703","multi-organism reproductive process","19/656","210/18986",0.0904761904761905,2.61856852497096,4.46185227912805,0.000130904000021782,0.0022508087070883,0.00167056583252644,"AMBP/SPP1/TIMP1/TEAD4/DCAF13/VEGFA/STC2/STC1/ERRFI1/FOSL1/CTSB/CBS/IGFBP2/MMP9/ITGA2/IGFBP7/SLC2A1/SERPINE2/IL1B",19
"BP","GO:0003081","regulation of systemic arterial blood pressure by renin-angiotensin","6/656","24/18986",0.25,7.23551829268293,5.78245278439957,0.000131385321419554,0.00225113019023785,0.00167080443954962,"SERPINF2/AGT/ENPEP/COMT/F2R/AGTR1",6
"BP","GO:0006109","regulation of carbohydrate metabolic process","18/656","193/18986",0.0932642487046632,2.69926071022368,4.48865887432254,0.000133195523505423,0.00227142492258442,0.00168586733064814,"RGN/MLXIPL/KHK/NNMT/MST1/ALDOB/PMAIP1/GRB10/UGT1A6/FBP1/UGT1A1/LEPR/DDIT4/IGF2/IER3/GPD1/PHLDA2/SIK1",18
"BP","GO:0032102","negative regulation of response to external stimulus","31/656","437/18986",0.0709382151029748,2.0530990121114,4.21333180009835,0.000133503396600728,0.00227142492258442,0.00168586733064814,"APOA1/FGG/VTN/FGB/FGA/APOH/SERPINF2/F12/SPP1/HRG/HAMP/SAA1/PROC/KNG1/C5/SERPINE1/FNDC4/RHBDF2/APOE/DUSP10/MIF/FAP/TREM2/LYAR/SERPING1/LDLR/IER3/TNFAIP6/SERPINE2/TFPI/PROS1",31
"BP","GO:0030574","collagen catabolic process","8/656","45/18986",0.177777777777778,5.14525745257453,5.26662385061403,0.000135341081429571,0.00228470633035335,0.00169572488360533,"ADAMTS2/MMP7/FAP/CTSB/MMP9/TMPRSS6/KLK6/MMP11",8
"BP","GO:0043277","apoptotic cell clearance","8/656","45/18986",0.177777777777778,5.14525745257453,5.26662385061403,0.000135341081429571,0.00228470633035335,0.00169572488360533,"FCN3/MARCO/C2/C4B/C3/TREM2/C4A/TGM2",8
"BP","GO:0009112","nucleobase metabolic process","7/656","34/18986",0.205882352941176,5.95866212338594,5.47460058724942,0.000135692587232248,0.00228470633035335,0.00169572488360533,"TTR/CPS1/CTPS1/DHODH/HPRT1/PAICS/PPAT",7
"BP","GO:0045785","positive regulation of cell adhesion","34/656","499/18986",0.0681362725450902,1.97200498558092,4.16256983461819,0.000139657245297116,0.00234335226074402,0.00173925229987079,"APOA1/FGG/VTN/FGB/FGA/SERPINF2/HRG/SAA1/CBFB/HSPD1/RIPK2/VEGFA/FN1/SHH/RHOD/HSPH1/DUSP10/FSTL3/SDC4/GPAM/IL4I1/TGM2/SOX4/IGFBP2/SLC7A1/VNN1/IGF2/CHRD/ITGA2/HYAL1/THY1/FERMT1/IL1B/BMP7",34
"BP","GO:0048545","response to steroid hormone","26/656","340/18986",0.0764705882352941,2.21321736011478,4.27032788715861,0.000140818819931936,0.00235472294772784,0.00174769170260978,"APOA2/CLDN1/SPP1/CPS1/ALPL/INHBA/COMT/STC1/PDX1/CYP1B1/ABHD2/HEYL/ERRFI1/FOSL1/COL1A1/IL1RN/UGT1A1/IGFBP2/DDIT4/IGFBP7/ANXA3/PMEPA1/AREG/TFPI/AXIN2/MAOB",26
"BP","GO:0019724","B cell mediated immunity","19/656","212/18986",0.089622641509434,2.59386504832029,4.41486124632565,0.000148218161266048,0.002469964290139,0.00183322462618533,"HPX/FCGR3A/CFI/C5/C4BPA/HSPD1/C4BPB/C2/FCGR1A/C8G/C4B/C3/TREM2/C4A/SERPING1/FCGR3B/C1R/CLU/C1S",19
"BP","GO:0072524","pyridine-containing compound metabolic process","17/656","178/18986",0.0955056179775281,2.76413058372157,4.47347907443168,0.000152260933105506,0.00252867474570442,0.001876799933483,"MLXIPL/NNMT/GALK1/PSAT1/ALPL/ALDOB/KYNU/HK3/ENO3/FBP1/DDIT4/IER3/GPD1/PC/DCXR/HKDC1/ALDH1L1",17
"BP","GO:0034374","low-density lipoprotein particle remodeling","5/656","16/18986",0.3125,9.04439786585366,6.08969940626135,0.000154265641355363,0.00254459868079727,0.00188861878854683,"APOA2/AGT/LIPC/APOE/AGTR1",5
"BP","GO:0072378","blood coagulation, fibrin clot formation","5/656","16/18986",0.3125,9.04439786585366,6.08969940626135,0.000154265641355363,0.00254459868079727,0.00188861878854683,"FGG/FGB/FGA/APOH/F12",5
"BP","GO:0170038","proteinogenic amino acid biosynthetic process","9/656","58/18986",0.155172413793103,4.49101135407906,5.03719637778185,0.000155610540186061,0.00255811110995058,0.00189864780717772,"AGXT/PAH/PSAT1/SHMT2/GLS2/MTHFD1/CBS/PHGDH/PYCR1",9
"BP","GO:0060191","regulation of lipase activity","7/656","35/18986",0.2,5.78841463414634,5.36396201489673,0.000164606356882974,0.00269688394812308,0.00200164597010627,"APOA2/APOC2/APOC3/APOH/APOC1/ANGPTL4/AGTR1",7
"BP","GO:0003071","renal system process involved in regulation of systemic arterial blood pressure","6/656","25/18986",0.24,6.94609756097561,5.6279133707052,0.000167857086765348,0.00272264194733395,0.00202076373576109,"SERPINF2/AGT/COMT/CYP4F2/F2R/AGTR1",6
"BP","GO:0009110","vitamin biosynthetic process","6/656","25/18986",0.24,6.94609756097561,5.6279133707052,0.000167857086765348,0.00272264194733395,0.00202076373576109,"RGN/PSAT1/SLC19A2/SNAI1/CYP3A4/CYP27A1",6
"BP","GO:0042537","benzene-containing compound metabolic process","6/656","25/18986",0.24,6.94609756097561,5.6279133707052,0.000167857086765348,0.00272264194733395,0.00202076373576109,"CYP2E1/TDO2/FAH/KYNU/CYP1B1/UGT1A1",6
"BP","GO:0051303","establishment of chromosome localization","13/656","115/18986",0.11304347826087,3.27171261930011,4.62254173951709,0.000170920198736409,0.00276311523937331,0.00205080329380878,"RRS1/ECT2/CDCA5/SKA3/SPC25/NUF2/CDK1/KIF2C/BIRC5/NEK2/GEM/KIFC1/CCNB1",13
"BP","GO:0170034","L-amino acid biosynthetic process","9/656","59/18986",0.152542372881356,4.41489251756924,4.96979118792338,0.000178072636723668,0.00286921010032242,0.00212954763540922,"AGXT/PAH/PSAT1/SHMT2/GLS2/MTHFD1/CBS/PHGDH/PYCR1",9
"BP","GO:0046486","glycerolipid metabolic process","28/656","385/18986",0.0727272727272727,2.10487804878049,4.14335887960488,0.000184690831824542,0.00296435219794063,0.00220016276010434,"APOA2/APOC2/APOC3/APOA1/APOH/APOC1/DGAT2/SLC27A5/AJUBA/CPS1/RGN/PEMT/ACSL1/INSIG1/LIPC/C3/APOE/ABHD2/LIPG/PCSK9/GPAM/AGMO/LCAT/ETNK2/LDLR/GPD1/SIK1/FABP3",28
"BP","GO:0006775","fat-soluble vitamin metabolic process","8/656","47/18986",0.170212765957447,4.92631032693306,5.09836609313188,0.000185805059673632,0.00296435219794063,0.00220016276010434,"GC/SNAI1/CYP3A4/CYP4F2/CYP27A1/TTPA/RBP1/CYP2W1",8
"BP","GO:0045840","positive regulation of mitotic nuclear division","8/656","47/18986",0.170212765957447,4.92631032693306,5.09836609313188,0.000185805059673632,0.00296435219794063,0.00220016276010434,"UBE2C/SKA3/SPHK1/IGF2/EREG/AURKA/IL1B/PRAP1",8
"BP","GO:1904951","positive regulation of establishment of protein localization","25/656","327/18986",0.0764525993883792,2.21269672559111,4.18463792643209,0.000188638425672008,0.00299972084745095,0.00222641361706453,"FGG/FGB/FGA/RBP4/NR0B2/CCT6A/VSNL1/TMEM97/SHH/IPO5/APOE/PDX1/TREM2/PTP4A3/ECT2/TMEM132A/SOX4/SEC16B/CDK1/ANO1/ANG/ABAT/SLC35D3/GZMB/IL1B",25
"BP","GO:0051223","regulation of protein transport","31/656","446/18986",0.0695067264573991,2.01166876298808,4.09003376215313,0.000191860515393307,0.00304102041662486,0.00225706644373199,"FGG/FGB/FGA/RBP4/SAA1/NR0B2/INSIG1/INHBB/VSNL1/RHBDF2/TMEM97/SHH/IPO5/KLF7/APOE/PDX1/TREM2/ECT2/TMEM132A/SYT7/SLC9B2/F2R/SOX4/SEC16B/CDK1/ANO1/ANG/ABAT/SLC35D3/FERMT1/IL1B",31
"BP","GO:0001704","formation of primary germ layer","14/656","132/18986",0.106060606060606,3.06961382113821,4.51388528872896,0.000192595193905765,0.00304275394008264,0.00225835307686493,"VTN/INHBA/FN1/SNAI1/COL4A2/MMP9/ITGA2/DUSP2/COL5A1/DUSP4/COL5A2/COL11A1/WNT11/BMP7",14
"BP","GO:0050678","regulation of epithelial cell proliferation","29/656","406/18986",0.0714285714285714,2.06729094076655,4.11243430261234,0.000193791676385226,0.00305174853492075,0.00226502892753436,"CLDN1/APOH/HPN/RGN/CCND1/PROX1/VEGFA/NME1/SHH/WDR77/CDH3/MYC/APOE/TACSTD2/DUSP10/PDX1/UHRF1/IQGAP3/LRG1/SPARC/IGF2/C5AR1/EREG/SOX9/AGTR1/SULF1/AREG/ANG/SERPINB5",29
"BP","GO:0044772","mitotic cell cycle phase transition","32/656","467/18986",0.0685224839400428,1.98318274403301,4.06967670234619,0.000196705522182147,0.00307313054935949,0.00228089880694235,"CCND1/INHBA/MYC/UBD/ANLN/E2F1/EIF4EBP1/TRIP13/CKS1B/CDC6/CKS2/IQGAP3/UBE2C/UBE2S/CDCA5/SKA3/CDC25B/PKMYT1/TPD52L1/SPC25/NUF2/RRM2/CDK1/AURKA/IER3/MAD2L1/CCNO/BIRC5/MELK/PLK1/CCNB1/PRAP1",32
"BP","GO:1903317","regulation of protein maturation","10/656","73/18986",0.136986301369863,3.96466755763448,4.80101660053507,0.000197525392553351,0.00307313054935949,0.00228089880694235,"FGA/SERPINF2/F12/TFR2/HPN/SERPINE1/LDLRAD3/NKD2/SOX4/SERPINE2",10
"BP","GO:0060326","cell chemotaxis","25/656","328/18986",0.0762195121951219,2.2059506989887,4.16782925746303,0.000197717987734092,0.00307313054935949,0.00228089880694235,"HRG/SAA1/C5/SERPINE1/MET/VEGFA/CXCL6/CXCL2/MIF/TREM1/DPEP1/C5AR1/S100A8/CCL3/CXCL10/AGTR1/S100A9/CXCL11/CCL4/TNFAIP6/CXCL9/CCL4L1/CXCL3/IL1B/CCL18",25
"BP","GO:0010984","regulation of lipoprotein particle clearance","7/656","36/18986",0.194444444444444,5.62762533875339,5.25751864573052,0.000198307232326116,0.00307313054935949,0.00228089880694235,"APOC2/APOC3/APOC1/TREM2/LIPG/PCSK9/LDLR",7
"BP","GO:0036314","response to sterol","7/656","36/18986",0.194444444444444,5.62762533875339,5.25751864573052,0.000198307232326116,0.00307313054935949,0.00228089880694235,"INSIG1/INHBB/INHBA/LRP8/CES1/GRAMD1A/CCL3",7
"BP","GO:0060348","bone development","19/656","217/18986",0.0875576036866359,2.53409857255255,4.29970394667853,0.000200595727521881,0.00309872638133801,0.00229989621095263,"BGN/RGN/SNX10/INSIG1/ALPL/PLS3/STC1/COL1A1/CBS/NOTUM/TGM2/SLC9B2/LEPR/MSX2/SOX9/SULF1/COMP/SP5/AXIN2",19
"BP","GO:0050708","regulation of protein secretion","22/656","272/18986",0.0808823529411765,2.34090297704448,4.21380546821854,0.000205417111383861,0.00316316349365148,0.00234772188260502,"FGG/FGB/FGA/RBP4/SAA1/NR0B2/INHBB/VSNL1/RHBDF2/KLF7/APOE/PDX1/TREM2/TMEM132A/SYT7/SLC9B2/F2R/SOX4/ANO1/ANG/ABAT/IL1B",22
"BP","GO:0006063","uronic acid metabolic process","6/656","26/18986",0.230769230769231,6.67893996247655,5.48164331214736,0.000211883937620187,0.0032262395241795,0.00239453734991669,"SORD/UGT2B7/UGT1A6/UGT1A1/DCXR/UGT2B15",6
"BP","GO:0019585","glucuronate metabolic process","6/656","26/18986",0.230769230769231,6.67893996247655,5.48164331214736,0.000211883937620187,0.0032262395241795,0.00239453734991669,"SORD/UGT2B7/UGT1A6/UGT1A1/DCXR/UGT2B15",6
"BP","GO:0036315","cellular response to sterol","6/656","26/18986",0.230769230769231,6.67893996247655,5.48164331214736,0.000211883937620187,0.0032262395241795,0.00239453734991669,"INSIG1/INHBB/INHBA/LRP8/CES1/GRAMD1A",6
"BP","GO:1901334","lactone metabolic process","5/656","17/18986",0.294117647058824,8.51237446197991,5.86213017263106,0.000212353221882247,0.0032262395241795,0.00239453734991669,"RGN/PON3/GSTO1/SLC2A1/SLC2A3",5
"BP","GO:0044706","multi-multicellular organism process","19/656","218/18986",0.0871559633027523,2.52247426717386,4.27705857758709,0.000212828377982248,0.0032262395241795,0.00239453734991669,"AMBP/SPP1/TIMP1/TEAD4/DCAF13/VEGFA/STC2/STC1/ERRFI1/FOSL1/CTSB/CBS/IGFBP2/MMP9/ITGA2/IGFBP7/SLC2A1/SERPINE2/IL1B",19
"BP","GO:0009914","hormone transport","25/656","330/18986",0.0757575757575758,2.19258130081301,4.13439233530913,0.000217047598206324,0.00327998016419867,0.00243442402564857,"FGG/FGB/FGA/SPP1/TFR2/RBP4/AGT/NR0B2/SLCO4A1/INHBB/VSNL1/INHBA/SLC7A5/KLF7/PDX1/IL1RN/SYT7/SLC9B2/SOX4/OSM/AGTR1/ANO1/ABAT/IL1B/FAM3B",25
"BP","GO:0007052","mitotic spindle organization","14/656","134/18986",0.104477611940299,3.02379868947943,4.44751049852667,0.000225659829130334,0.00339956881903469,0.00252318355465594,"RAE1/UHRF1/TPX2/MZT1/CENPH/MYBL2/SPC25/NUF2/AURKA/BIRC5/NEK2/KIFC1/PLK1/CCNB1",14
"BP","GO:0014009","glial cell proliferation","9/656","61/18986",0.147540983606557,4.27014194322271,4.83937821742829,0.000231138336472072,0.00347135538664538,0.00257646404300091,"SLC7A5/SHH/TREM2/ASCL2/SOX4/LEPR/AREG/CLU/IL1B",9
"BP","GO:0006094","gluconeogenesis","11/656","89/18986",0.123595505617978,3.57711016716909,4.6100702570262,0.000243556420602892,0.00364125733095484,0.00270256644439528,"RBP4/NNMT/MST1/ALDOB/ENO3/FBP1/SDS/LEPR/GPD1/PC/SIK1",11
"BP","GO:0097237","cellular response to toxic substance","14/656","135/18986",0.103703703703704,3.00140018066847,4.41478552699614,0.00024394777844046,0.00364125733095484,0.00270256644439528,"HP/AMBP/SLC22A3/APOM/PRDX4/SLC11A1/GSTO1/ALB/CP/APOE/CYP1B1/GSTA1/S100A9/BMP7",14
"BP","GO:0032369","negative regulation of lipid transport","8/656","49/18986",0.163265306122449,4.72523643603783,4.93937819782119,0.000250781091385411,0.00372530868470252,0.00276494994207159,"APOA2/APOC2/APOC3/APOC1/SHH/APOE/PCSK9/CYP4F2",8
"BP","GO:0044837","actomyosin contractile ring organization","4/656","10/18986",0.4,11.5768292682927,6.32891329721411,0.000251109997653602,0.00372530868470252,0.00276494994207159,"RTKN/ANLN/ECT2/IQGAP3",4
"BP","GO:0015695","organic cation transport","13/656","120/18986",0.108333333333333,3.1353912601626,4.43919432699249,0.000261834382909263,0.00387260214965493,0.00287427217328965,"SLC22A3/SLC6A6/SLC11A1/SLC19A2/COMT/SLC7A5/SLC25A15/MFSD12/SLC38A4/RGS4/SLC43A1/SLC7A1/SLC7A2",13
"BP","GO:0042476","odontogenesis","14/656","136/18986",0.102941176470588,2.97933106169297,4.38236155462091,0.000263495252685594,0.0038736190319278,0.002875026910365,"SERPINE1/SNX10/TNFRSF11B/ALPL/INHBA/SHH/COL1A1/JAG2/MSX2/ASPN/SP6/AXIN2/COL1A2/BMP7",14
"BP","GO:0045931","positive regulation of mitotic cell cycle","14/656","136/18986",0.102941176470588,2.97933106169297,4.38236155462091,0.000263495252685594,0.0038736190319278,0.002875026910365,"CCND1/EIF4EBP1/CDC6/UBE2C/CDCA5/SKA3/CDC25B/SPHK1/RRM2/CDK1/AURKA/BIRC5/CCNB1/PRAP1",14
"BP","GO:0007292","female gamete generation","16/656","170/18986",0.0941176470588235,2.72395982783357,4.27133798594849,0.00027867599933047,0.00408445003837972,0.0030315071455385,"INHBB/DCAF13/GAS2/INHBA/WDR77/TRIP13/FOSL1/SKA3/CDC25B/EREG/AURKA/TNFAIP6/LGR5/PLK1/ANG/TOP2A",16
"BP","GO:0006699","bile acid biosynthetic process","7/656","38/18986",0.184210526315789,5.33143453145058,5.05612558803606,0.000282381947555399,0.00412537166682591,0.0030618794619767,"SLC27A5/PROX1/CYP39A1/CES1/ERRFI1/FGFR4/CYP27A1",7
"BP","GO:0006957","complement activation, alternative pathway","5/656","18/18986",0.277777777777778,8.0394647696477,5.65250701212654,0.00028570699788745,0.00412537166682591,0.0030618794619767,"C5/CFB/C8G/C3/CFH",5
"BP","GO:0010755","regulation of plasminogen activation","5/656","18/18986",0.277777777777778,8.0394647696477,5.65250701212654,0.00028570699788745,0.00412537166682591,0.0030618794619767,"SERPINF2/F12/HPN/SERPINE1/SERPINE2",5
"BP","GO:0019373","epoxygenase P450 pathway","5/656","18/18986",0.277777777777778,8.0394647696477,5.65250701212654,0.00028570699788745,0.00412537166682591,0.0030618794619767,"CYP2E1/CYP2C9/CYP2B6/CYP1B1/CYP4F2",5
"BP","GO:0030299","intestinal cholesterol absorption","5/656","18/18986",0.277777777777778,8.0394647696477,5.65250701212654,0.00028570699788745,0.00412537166682591,0.0030618794619767,"APOA2/APOA1/AKR1C1/LDLR/CEL",5
"BP","GO:0035296","regulation of tube diameter","15/656","154/18986",0.0974025974025974,2.8190331010453,4.28774281275666,0.000295710627976758,0.00424462512016195,0.00315039020210606,"FGG/FGB/FGA/CRP/SERPINF2/AGT/CPS1/KNG1/VEGFA/APOE/CBS/F2R/KCNJ8/AGTR1/COMP",15
"BP","GO:0097746","blood vessel diameter maintenance","15/656","154/18986",0.0974025974025974,2.8190331010453,4.28774281275666,0.000295710627976758,0.00424462512016195,0.00315039020210606,"FGG/FGB/FGA/CRP/SERPINF2/AGT/CPS1/KNG1/VEGFA/APOE/CBS/F2R/KCNJ8/AGTR1/COMP",15
"BP","GO:0007080","mitotic metaphase chromosome alignment","9/656","63/18986",0.142857142857143,4.1345818815331,4.71444840256258,0.000296702944685013,0.00424634273187433,0.0031516650254312,"RRS1/CDCA5/SKA3/NUF2/CDK1/KIF2C/BIRC5/KIFC1/CCNB1",9
"BP","GO:0046883","regulation of hormone secretion","21/656","261/18986",0.0804597701149425,2.32867255396692,4.08886990060075,0.000304909875392993,0.00435100133038798,0.00322934336309109,"FGG/FGB/FGA/SPP1/TFR2/RBP4/AGT/NR0B2/INHBB/VSNL1/INHBA/KLF7/PDX1/SYT7/SLC9B2/SOX4/OSM/AGTR1/ANO1/ABAT/IL1B",21
"BP","GO:1905818","regulation of chromosome separation","10/656","77/18986",0.12987012987013,3.75871080139373,4.58873782172408,0.000308201205932399,0.00438510838616097,0.00325465785642986,"TRIP13/UBE2C/SKA3/SPC25/NUF2/MAD2L1/BIRC5/PLK1/CCNB1/PRAP1",10
"BP","GO:0006790","sulfur compound metabolic process","25/656","338/18986",0.0739644970414201,2.14068588540915,4.00298788339509,0.000312161870456436,0.00442851213306418,0.0032868724184012,"FMO3/AGXT/DGAT2/CPS1/TDO2/ACSL1/AHCY/SLC5A6/GLO1/SLC19A2/FASN/GSTO1/PIPOX/ELOVL5/MTHFD1/GPAM/CBS/SULT2B1/DPEP1/VNN1/PHGDH/GSTA1/ST3GAL1/ACSL6/HYAL1",25
"BP","GO:0035150","regulation of tube size","15/656","155/18986",0.0967741935483871,2.80084579071597,4.25874533085517,0.000317194839396154,0.00448683165262118,0.00333015757028215,"FGG/FGB/FGA/CRP/SERPINF2/AGT/CPS1/KNG1/VEGFA/APOE/CBS/F2R/KCNJ8/AGTR1/COMP",15
"BP","GO:0006364","rRNA processing","19/656","225/18986",0.0844444444444444,2.4439972899729,4.12197765766252,0.000318293741447887,0.00448932564024759,0.00333200862519512,"RCL1/BYSL/WDR43/NOP58/RPF2/UTP14A/DKC1/DCAF13/RRP9/BOP1/NOP2/RRS1/BRIX1/RRP1/DDX21/EXOSC5/RPP40/NOLC1/LYAR",19
"BP","GO:0006541","glutamine metabolic process","6/656","28/18986",0.214285714285714,6.20187282229965,5.21096881706654,0.000326914207954804,0.00459758536389617,0.00341235974290518,"NIT2/CPS1/CTPS1/GLS2/PPAT/PHGDH",6
"BP","GO:0008206","bile acid metabolic process","8/656","51/18986",0.156862745098039,4.53993304638929,4.78876438095908,0.000333261122990012,0.00462881473520608,0.00343553839887773,"SLC27A5/PROX1/CYP39A1/AKR1C1/CES1/ERRFI1/FGFR4/CYP27A1",8
"BP","GO:0089718","amino acid import across plasma membrane","8/656","51/18986",0.156862745098039,4.53993304638929,4.78876438095908,0.000333261122990012,0.00462881473520608,0.00343553839887773,"SLC6A6/SLC7A5/SLC1A3/SLC38A4/RGS4/SLC43A1/SLC7A1/SLC7A2",8
"BP","GO:0046461","neutral lipid catabolic process","7/656","39/18986",0.179487179487179,5.1947310819262,4.96069113901817,0.000334010560680136,0.00462881473520608,0.00343553839887773,"APOA2/APOC2/APOC3/CPS1/LIPC/ABHD2/LIPG",7
"BP","GO:0046464","acylglycerol catabolic process","7/656","39/18986",0.179487179487179,5.1947310819262,4.96069113901817,0.000334010560680136,0.00462881473520608,0.00343553839887773,"APOA2/APOC2/APOC3/CPS1/LIPC/ABHD2/LIPG",7
"BP","GO:0050000","chromosome localization","13/656","123/18986",0.105691056910569,3.05891830259766,4.33373424228998,0.000334123276831772,0.00462881473520608,0.00343553839887773,"RRS1/ECT2/CDCA5/SKA3/SPC25/NUF2/CDK1/KIF2C/BIRC5/NEK2/GEM/KIFC1/CCNB1",13
"BP","GO:0051785","positive regulation of nuclear division","9/656","64/18986",0.140625,4.06997903963415,4.65390877621454,0.000334842331852146,0.00462881473520608,0.00343553839887773,"UBE2C/SKA3/SPHK1/IGF2/EREG/MSX2/AURKA/IL1B/PRAP1",9
"BP","GO:0003333","amino acid transmembrane transport","12/656","108/18986",0.111111111111111,3.21578590785908,4.36855362145011,0.000353589248822181,0.00486035391177608,0.00360738838153108,"SLC6A6/SLC11A1/TTYH3/SLC7A5/SLC25A15/MFSD12/SLC1A3/SLC38A4/RGS4/SLC43A1/SLC7A1/SLC7A2",12
"BP","GO:0033045","regulation of sister chromatid segregation","12/656","108/18986",0.111111111111111,3.21578590785908,4.36855362145011,0.000353589248822181,0.00486035391177608,0.00360738838153108,"TRIP13/CDC6/UBE2C/SKA3/SPC25/NUF2/CDK1/MAD2L1/BIRC5/PLK1/CCNB1/PRAP1",12
"BP","GO:0030071","regulation of mitotic metaphase/anaphase transition","11/656","93/18986",0.118279569892473,3.42325596643063,4.43165854098881,0.000359029722442332,0.0049074118803494,0.00364231513216925,"TRIP13/CDC6/UBE2C/SKA3/SPC25/NUF2/MAD2L1/BIRC5/PLK1/CCNB1/PRAP1",11
"BP","GO:0070098","chemokine-mediated signaling pathway","11/656","93/18986",0.118279569892473,3.42325596643063,4.43165854098881,0.000359029722442332,0.0049074118803494,0.00364231513216925,"CXCL6/CXCL2/TREM2/CCL3/CXCL10/CXCL11/CCL4/CXCL9/CCL4L1/CXCL3/CCL18",11
"BP","GO:0001822","kidney development","24/656","322/18986",0.0745341614906832,2.15717315558249,3.96186717281023,0.000365561821551334,0.00498269978618709,0.00369819433802927,"AGT/RGN/PROX1/VEGFA/ENPEP/COMT/SHH/MYC/TACSTD2/CTSH/PCSK9/HEYL/SDC4/ODC1/SOX4/KCNJ8/MMP9/STRA6/SOX9/AGTR1/SULF1/PTK7/WNT11/BMP7",24
"BP","GO:0001837","epithelial to mesenchymal transition","17/656","192/18986",0.0885416666666667,2.5625793953252,4.11679351081997,0.000374700884058055,0.00507536041537486,0.00376696769964548,"AGT/HPN/VEGFA/SNAI1/NOLC1/SLC39A10/HEYL/COL1A1/LRG1/MSX2/SOX9/LOXL2/SP6/AXIN2/WNT11/IL1B/BMP7",17
"BP","GO:0170044","non-proteinogenic amino acid catabolic process","5/656","19/18986",0.263157894736842,7.6163350449294,5.4584703511233,0.000376782117154378,0.00507536041537486,0.00376696769964548,"ALDH4A1/KYNU/CBS/OTC/ABAT",5
"BP","GO:1990822","basic amino acid transmembrane transport","5/656","19/18986",0.263157894736842,7.6163350449294,5.4584703511233,0.000376782117154378,0.00507536041537486,0.00376696769964548,"SLC11A1/SLC25A15/SLC38A4/SLC7A1/SLC7A2",5
"BP","GO:1901568","fatty acid derivative metabolic process","10/656","79/18986",0.126582278481013,3.66355356591541,4.48786368019312,0.000380528598271673,0.00507536041537486,0.00376696769964548,"DGAT2/SLC27A5/ACSL1/FASN/CYP4F3/ELOVL5/ACSS3/CYP4F2/DPEP1/ACSL6",10
"BP","GO:0035987","endodermal cell differentiation","8/656","52/18986",0.153846153846154,4.45262664165103,4.71635069683737,0.000382100838224409,0.00507536041537486,0.00376696769964548,"VTN/INHBA/FN1/COL4A2/MMP9/COL5A1/COL5A2/COL11A1",8
"BP","GO:0042572","retinol metabolic process","8/656","52/18986",0.153846153846154,4.45262664165103,4.71635069683737,0.000382100838224409,0.00507536041537486,0.00376696769964548,"RBP4/DGAT2/CYP2D6/HSD17B6/CYP3A4/CYP1B1/CEL/ADH6",8
"BP","GO:0001794","type IIa hypersensitivity","4/656","11/18986",0.363636363636364,10.5243902439024,5.97748671729533,0.00038383325788285,0.00507536041537486,0.00376696769964548,"FCGR3A/FCGR1A/C3/FCGR3B",4
"BP","GO:0001867","complement activation, lectin pathway","4/656","11/18986",0.363636363636364,10.5243902439024,5.97748671729533,0.00038383325788285,0.00507536041537486,0.00376696769964548,"FCN3/COLEC11/SERPING1/MASP1",4
"BP","GO:0002445","type II hypersensitivity","4/656","11/18986",0.363636363636364,10.5243902439024,5.97748671729533,0.00038383325788285,0.00507536041537486,0.00376696769964548,"FCGR3A/FCGR1A/C3/FCGR3B",4
"BP","GO:0097267","omega-hydroxylase P450 pathway","4/656","11/18986",0.363636363636364,10.5243902439024,5.97748671729533,0.00038383325788285,0.00507536041537486,0.00376696769964548,"CYP2C9/CYP4F3/CYP1B1/CYP4F2",4
"BP","GO:1903027","regulation of opsonization","4/656","11/18986",0.363636363636364,10.5243902439024,5.97748671729533,0.00038383325788285,0.00507536041537486,0.00376696769964548,"FCN3/COLEC11/C4BPA/C4BPB",4
"BP","GO:1990748","cellular detoxification","13/656","125/18986",0.104,3.0099756097561,4.26520023415717,0.000391225887763014,0.00515909260123259,0.00382911430870033,"HP/AMBP/SLC22A3/APOM/PRDX4/SLC11A1/GSTO1/ALB/CP/APOE/GSTA1/S100A9/BMP7",13
"BP","GO:0008210","estrogen metabolic process","7/656","40/18986",0.175,5.06486280487805,4.86847684976982,0.000392936198792352,0.00516764200898266,0.00383545973842549,"CYP2C9/CYP2D6/CYP3A4/CYP1B1/UGT2B7/UGT1A1/UGT2B15",7
"BP","GO:0003401","axis elongation","6/656","29/18986",0.206896551724138,5.98801513877208,5.0853159968628,0.00040026259171461,0.00524980531343205,0.00389644191281835,"SHH/SOX9/AREG/NKD1/PTK7/WNT11",6
"BP","GO:0050900","leukocyte migration","28/656","404/18986",0.0693069306930693,2.00588625935764,3.86606648416868,0.000404007468069194,0.00528467833232446,0.00392232490929656,"SAA1/C5/SERPINE1/VEGFA/CXCL6/CXCL2/MIF/GDF15/TREM2/TREM1/ASCL2/DPEP1/C5AR1/ICAM1/ITGA2/S100A8/CCL3/CXCL10/S100A9/CXCL11/CCL4/TNFAIP6/THY1/CXCL9/CCL4L1/CXCL3/IL1B/CCL18",28
"BP","GO:0010001","glial cell differentiation","21/656","267/18986",0.0786516853932584,2.27634283365306,3.97335748716097,0.000413203613462799,0.00539047931128681,0.00400085112964827,"VTN/CDH2/SHH/DUSP10/TREM2/BOK/BNIP3/SOX4/C5AR1/CDK1/S100A8/LDLR/PHGDH/SOX9/VCAN/S100A9/ANO1/SERPINE2/EGR2/CLU/IL1B",21
"BP","GO:1902475","L-alpha-amino acid transmembrane transport","10/656","80/18986",0.125,3.61775914634146,4.43864937959229,0.00042167758945067,0.00546365500520548,0.00405516263717308,"SLC11A1/TTYH3/SLC7A5/SLC25A15/SLC1A3/SLC38A4/RGS4/SLC43A1/SLC7A1/SLC7A2",10
"BP","GO:0009185","ribonucleoside diphosphate metabolic process","13/656","126/18986",0.103174603174603,2.98608691444057,4.23144466872925,0.000422755555035672,0.00546365500520548,0.00405516263717308,"MLXIPL/GALK1/ALDOB/DHODH/HK3/ENO3/AK4/FBP1/DDIT4/RRM2/IER3/GPD1/HKDC1",13
"BP","GO:0001885","endothelial cell development","9/656","66/18986",0.136363636363636,3.94664634146341,4.53644243551498,0.000423304138298903,0.00546365500520548,0.00405516263717308,"CLDN1/PROC/MET/FASN/VEGFA/COL18A1/STC1/ICAM1/IL1B",9
"BP","GO:0046503","glycerolipid catabolic process","9/656","66/18986",0.136363636363636,3.94664634146341,4.53644243551498,0.000423304138298903,0.00546365500520548,0.00405516263717308,"APOA2/APOC2/APOC3/APOC1/CPS1/LIPC/ABHD2/LIPG/LDLR",9
"BP","GO:0051051","negative regulation of transport","31/656","467/18986",0.0663811563169165,1.92120828328198,3.81314655005288,0.00042480783176989,0.00546855796135526,0.00405880164523112,"APOA2/APOC2/APOC3/APOC1/HAMP/AGT/INSIG1/INHBB/VSNL1/GSTO1/INHBA/RHBDF2/SHH/KLF7/APOE/STC1/PACSIN3/GRB10/PCSK9/RGS4/SLC43A1/CYP4F2/F2R/OSM/MMP9/GEM/SERPINE2/ABAT/MAOB/FERMT1/IL1B",31
"BP","GO:0046460","neutral lipid biosynthetic process","8/656","53/18986",0.150943396226415,4.36861481822365,4.64574705257598,0.000436606334162769,0.00559085900535798,0.00414957432828936,"DGAT2/RGN/ACSL1/C3/GPAM/AGMO/LDLR/SIK1",8
"BP","GO:0046463","acylglycerol biosynthetic process","8/656","53/18986",0.150943396226415,4.36861481822365,4.64574705257598,0.000436606334162769,0.00559085900535798,0.00414957432828936,"DGAT2/RGN/ACSL1/C3/GPAM/AGMO/LDLR/SIK1",8
"BP","GO:1903036","positive regulation of response to wounding","10/656","81/18986",0.123456790123457,3.57309545317675,4.39021767518386,0.000466458400009563,0.005941849671326,0.00441008203481072,"CLDN1/VTN/APOH/SERPINF2/F12/HRG/SERPINE1/TMEM97/F2R/FERMT1",10
"BP","GO:2000027","regulation of animal organ morphogenesis","10/656","81/18986",0.123456790123457,3.57309545317675,4.39021767518386,0.000466458400009563,0.005941849671326,0.00441008203481072,"AGT/TNFRSF11B/VEGFA/SHH/TACSTD2/SOX9/SAPCD2/SULF1/SP6/BMP7",10
"BP","GO:1902099","regulation of metaphase/anaphase transition of cell cycle","11/656","96/18986",0.114583333333333,3.31627921747967,4.30414145622463,0.000473163589399083,0.00597892818562129,0.00443760196527281,"TRIP13/CDC6/UBE2C/SKA3/SPC25/NUF2/MAD2L1/BIRC5/PLK1/CCNB1/PRAP1",11
"BP","GO:0045912","negative regulation of carbohydrate metabolic process","9/656","67/18986",0.134328358208955,3.88774117218784,4.47942805389747,0.000474259361096273,0.00597892818562129,0.00443760196527281,"MST1/GRB10/UGT1A6/FBP1/UGT1A1/LEPR/DDIT4/IER3/SIK1",9
"BP","GO:0007586","digestion","14/656","144/18986",0.0972222222222222,2.81381266937669,4.13319756972746,0.00047428406897859,0.00597892818562129,0.00443760196527281,"APOA2/APOA1/HAMP/RBP4/SERPINA3/SNX10/CLDN2/COMT/CYP39A1/AKR1C1/LDLR/SOX9/CEL/PRAP1",14
"BP","GO:0043281","regulation of cysteine-type endopeptidase activity involved in apoptotic process","14/656","144/18986",0.0972222222222222,2.81381266937669,4.13319756972746,0.00047428406897859,0.00597892818562129,0.00443760196527281,"PRR7/HSPD1/HSPE1/VEGFA/MYC/PMAIP1/BOK/F2R/DPEP1/MMP9/S100A8/BIRC5/S100A9/IFI6",14
"BP","GO:0051984","positive regulation of chromosome segregation","6/656","30/18986",0.2,5.78841463414634,4.96540885844248,0.000485852956274827,0.00610894182230828,0.00453409898811078,"CDC6/SKA3/CDK1/BIRC5/CCNB1/PRAP1",6
"BP","GO:0072376","protein activation cascade","5/656","20/18986",0.25,7.23551829268293,5.27807637517501,0.00048818439762526,0.00612243628568174,0.00454411467241526,"FGG/FGB/FGA/APOH/F12",5
"BP","GO:0048608","reproductive structure development","23/656","309/18986",0.0744336569579288,2.15426434604152,3.86996421563805,0.000489836110260972,0.00612735864403571,0.00454776808092382,"RBP4/CEBPB/PRDX4/EIF2S2/INHBB/VEGFA/GAS2/INHBA/SHH/C3/WDR77/CYP1B1/BOK/ERRFI1/EREG/STRA6/SOX9/SULF1/TNFAIP6/ANG/SERPINE2/BMP7/SERPINB5",23
"BP","GO:0042116","macrophage activation","12/656","112/18986",0.107142857142857,3.10093641114983,4.21857652653618,0.000494275643606613,0.00616703918407635,0.00457721925294005,"HAMP/FCGR3A/HSPD1/SLC11A1/MIF/TREM2/KCNJ8/SPHK1/C5AR1/LDLR/CCL3/CLU",12
"BP","GO:0001836","release of cytochrome c from mitochondria","8/656","54/18986",0.148148148148148,4.2877145438121,4.57687153610179,0.000497256761230924,0.00618836675230096,0.00459304872199031,"PMAIP1/BOK/GGCT/BNIP3/MMP9/BCL2A1/CLU/IFI6",8
"BP","GO:0061448","connective tissue development","22/656","290/18986",0.0758620689655172,2.1956055508831,3.88140141535047,0.000498721134099014,0.00619075775134133,0.00459482333806047,"DGAT2/BGN/TIMP1/CHI3L1/TGFBI/SNAI1/KLF7/STC1/ERRFI1/COL1A1/CBS/MSX2/SOX9/SULF1/COL5A1/LOXL2/COMP/HYAL1/COL11A1/AXIN2/WNT11/BMP7",22
"BP","GO:0030111","regulation of Wnt signaling pathway","25/656","349/18986",0.0716332378223496,2.07321441051087,3.82813455444902,0.000502182106858184,0.00621785784216774,0.00461493721342019,"CDH2/CTHRC1/ZNRF3/SHH/CDH3/APOE/RUVBL1/GRB10/TMEM132A/COL1A1/NOTUM/NKD2/SOX4/MDFI/IGFBP2/SOX9/SULF1/LGR5/RNF43/NKD1/PLEKHA4/PTK7/AXIN2/WNT11/FERMT1",25
"BP","GO:0070374","positive regulation of ERK1 and ERK2 cascade","17/656","197/18986",0.0862944162436548,2.49753930914944,3.99701243046345,0.000504326002183178,0.00622855412848565,0.00462287607130773,"FGG/FGB/FGA/SERPINF2/MARCO/CHI3L1/RIPK2/VEGFA/INHBA/APOE/MIF/TREM2/F2R/C5AR1/FGFR4/ICAM1/CCL3",17
"BP","GO:0043603","amide metabolic process","31/656","472/18986",0.0656779661016949,1.90085650062009,3.74931970496886,0.000508195037847111,0.00625108055268678,0.00463959533957824,"DGAT2/CPS1/CYP2C9/TDO2/PEMT/ACSL1/NNMT/SLC25A32/SLC5A6/GLO1/ALDOB/FASN/GSTO1/ENPEP/PIPOX/ELOVL5/SLC25A15/APOE/CTSH/ECE2/GPAM/PAQR4/DPEP1/OTC/VNN1/SPHK1/GSTA1/ST3GAL1/ACSL6/CEL/CLU",31
"BP","GO:0050729","positive regulation of inflammatory response","15/656","162/18986",0.0925925925925926,2.67982158988257,4.06200727472342,0.00050871925582901,0.00625108055268678,0.00463959533957824,"AGT/CEBPB/SERPINE1/FCGR1A/C3/CREB3L3/ZDHHC9/TREM2/OSM/S100A8/LDLR/CCL3/AGTR1/S100A9/IL1B",15
"BP","GO:0007091","metaphase/anaphase transition of mitotic cell cycle","11/656","97/18986",0.11340206185567,3.28209077193865,4.26275415711228,0.000517373200312248,0.00632547234351608,0.00469480944266417,"TRIP13/CDC6/UBE2C/SKA3/SPC25/NUF2/MAD2L1/BIRC5/PLK1/CCNB1/PRAP1",11
"BP","GO:0010631","epithelial cell migration","11/656","97/18986",0.11340206185567,3.28209077193865,4.26275415711228,0.000517373200312248,0.00632547234351608,0.00469480944266417,"PROX1/SNAI1/ANLN/TACSTD2/DUSP10/CTSH/LRG1/MMP9/ITGA2/SOX9/FERMT1",11
"BP","GO:0009994","oocyte differentiation","9/656","68/18986",0.132352941176471,3.83056850789096,4.42350481413785,0.000530144895120352,0.00643878885394355,0.00477891374259206,"INHBB/DCAF13/WDR77/TRIP13/CDC25B/EREG/AURKA/LGR5/ANG",9
"BP","GO:0051702","biological process involved in interaction with symbiont","13/656","129/18986",0.10077519379845,2.9166430327094,4.13214713592065,0.000530590393473435,0.00643878885394355,0.00477891374259206,"CFHR1/HRG/HPN/HSPD1/FASN/FN1/CXCL6/APOE/ZDHHC9/TREM1/CCL3/PC/CCL4",13
"BP","GO:0050679","positive regulation of epithelial cell proliferation","18/656","216/18986",0.0833333333333333,2.41183943089431,3.94780810413488,0.000530611247519803,0.00643878885394355,0.00477891374259206,"CLDN1/HPN/CCND1/PROX1/VEGFA/NME1/SHH/CDH3/MYC/PDX1/IQGAP3/LRG1/IGF2/C5AR1/SOX9/AGTR1/AREG/ANG",18
"BP","GO:0000727","double-strand break repair via break-induced replication","4/656","12/18986",0.333333333333333,9.64735772357723,5.66853180959972,0.000560057047533614,0.00672475717280872,0.00499116141214154,"MCM3/MCM2/GINS2/CDC45",4
"BP","GO:0043589","skin morphogenesis","4/656","12/18986",0.333333333333333,9.64735772357723,5.66853180959972,0.000560057047533614,0.00672475717280872,0.00499116141214154,"ERRFI1/COL1A1/ITGA2/COL1A2",4
"BP","GO:0060192","negative regulation of lipase activity","4/656","12/18986",0.333333333333333,9.64735772357723,5.66853180959972,0.000560057047533614,0.00672475717280872,0.00499116141214154,"APOA2/APOC3/APOC1/ANGPTL4",4
"BP","GO:1904729","regulation of intestinal lipid absorption","4/656","12/18986",0.333333333333333,9.64735772357723,5.66853180959972,0.000560057047533614,0.00672475717280872,0.00499116141214154,"APOA2/APOA1/CLDN2/PRAP1",4
"BP","GO:0030178","negative regulation of Wnt signaling pathway","16/656","181/18986",0.0883977900552486,2.55841530790999,3.98530727535892,0.000561087425433691,0.00672475717280872,0.00499116141214154,"CDH2/CTHRC1/ZNRF3/SHH/APOE/GRB10/NOTUM/NKD2/MDFI/IGFBP2/SOX9/RNF43/NKD1/AXIN2/WNT11/FERMT1",16
"BP","GO:0046887","positive regulation of hormone secretion","14/656","147/18986",0.0952380952380952,2.75638792102207,4.04413992925253,0.000583917965466083,0.00694792015862135,0.00515679452792305,"FGG/FGB/FGA/SPP1/TFR2/RBP4/NR0B2/INHBB/VSNL1/INHBA/PDX1/SOX4/ANO1/ABAT",14
"BP","GO:0008209","androgen metabolic process","6/656","31/18986",0.193548387096774,5.60169158143194,4.85078971556763,0.000585039528144799,0.00694792015862135,0.00515679452792305,"SPP1/INHBA/SHH/HSD17B6/CYP3A4/UGT2B7",6
"BP","GO:0070723","response to cholesterol","6/656","31/18986",0.193548387096774,5.60169158143194,4.85078971556763,0.000585039528144799,0.00694792015862135,0.00515679452792305,"INHBB/INHBA/LRP8/CES1/GRAMD1A/CCL3",6
"BP","GO:0061458","reproductive system development","23/656","313/18986",0.073482428115016,2.12673381126783,3.80244057023464,0.00058541867345556,0.00694792015862135,0.00515679452792305,"RBP4/CEBPB/PRDX4/EIF2S2/INHBB/VEGFA/GAS2/INHBA/SHH/C3/WDR77/CYP1B1/BOK/ERRFI1/EREG/STRA6/SOX9/SULF1/TNFAIP6/ANG/SERPINE2/BMP7/SERPINB5",23
"BP","GO:0031214","biomineral tissue development","16/656","182/18986",0.0879120879120879,2.54435808094345,3.96035908932525,0.000595977665585475,0.00705602754437694,0.00523703257939241,"AHSG/SPP1/CEBPB/SNX10/ALPL/COL1A1/NOTUM/MSX2/CCL3/SOX9/ASPN/COMP/AXIN2/COL1A2/WNT11/BMP7",16
"BP","GO:0006898","receptor-mediated endocytosis","21/656","275/18986",0.0763636363636364,2.21012195121951,3.82404482556178,0.000608871213659351,0.00719118282928739,0.0053373457692009,"APOC2/APOC3/VTN/ASGR1/APOC1/TF/HAMP/TFR2/MARCO/SERPINE1/FCGR1A/VEGFA/C3/APOE/LDLRAD3/MSR1/PCSK9/SLC9B2/LDLR/CLU/RAMP1",21
"BP","GO:0006576","biogenic amine metabolic process","11/656","99/18986",0.111111111111111,3.21578590785908,4.18157500427538,0.000616188782359411,0.00722499907219492,0.00536244441921405,"PAH/SLC22A3/TDO2/COMT/KYNU/HPRT1/SMOX/IL4I1/ODC1/ABAT/MAOB",11
"BP","GO:0051781","positive regulation of cell division","11/656","99/18986",0.111111111111111,3.21578590785908,4.18157500427538,0.000616188782359411,0.00722499907219492,0.00536244441921405,"VEGFA/SHH/MACC1/CDC6/ECT2/CDC25B/OSM/IGF2/EREG/BIRC5/IL1B",11
"BP","GO:0098869","cellular oxidant detoxification","11/656","99/18986",0.111111111111111,3.21578590785908,4.18157500427538,0.000616188782359411,0.00722499907219492,0.00536244441921405,"HP/AMBP/APOM/PRDX4/GSTO1/ALB/CP/APOE/GSTA1/S100A9/BMP7",11
"BP","GO:0010985","negative regulation of lipoprotein particle clearance","5/656","21/18986",0.238095238095238,6.89096980255517,5.10970712602863,0.000622657452488184,0.00723114836230908,0.0053670084649842,"APOC2/APOC3/APOC1/PCSK9/LDLR",5
"BP","GO:0035461","vitamin transmembrane transport","5/656","21/18986",0.238095238095238,6.89096980255517,5.10970712602863,0.000622657452488184,0.00723114836230908,0.0053670084649842,"GC/SLC25A32/SLC5A6/SLC19A2/STRA6",5
"BP","GO:0071397","cellular response to cholesterol","5/656","21/18986",0.238095238095238,6.89096980255517,5.10970712602863,0.000622657452488184,0.00723114836230908,0.0053670084649842,"INHBB/INHBA/LRP8/CES1/GRAMD1A",5
"BP","GO:0140354","lipid import into cell","5/656","21/18986",0.238095238095238,6.89096980255517,5.10970712602863,0.000622657452488184,0.00723114836230908,0.0053670084649842,"SLC27A5/ACSL1/STRA6/SLC2A1/FABP3",5
"BP","GO:0051304","chromosome separation","10/656","84/18986",0.119047619047619,3.44548490127758,4.24939142653434,0.000625088107831466,0.00724209222073312,0.00537513107260591,"TRIP13/UBE2C/SKA3/SPC25/NUF2/MAD2L1/BIRC5/PLK1/CCNB1/PRAP1",10
"BP","GO:0048260","positive regulation of receptor-mediated endocytosis","8/656","56/18986",0.142857142857143,4.1345818815331,4.44400269282028,0.000639028290977836,0.00738601345343979,0.0054819504096636,"VTN/TF/HAMP/SERPINE1/VEGFA/C3/PCSK9/CLU",8
"BP","GO:0002790","peptide secretion","20/656","257/18986",0.0778210116731518,2.25230141406472,3.82379081587798,0.000642326547537426,0.00740654260738653,0.00549718729009955,"FGG/FGB/FGA/TFR2/RBP4/NR0B2/INHBB/MMP7/VSNL1/KLF7/PDX1/IL1RN/SYT7/SLC9B2/SOX4/S100A8/ANO1/ABAT/IL1B/FAM3B",20
"BP","GO:0045834","positive regulation of lipid metabolic process","13/656","132/18986",0.0984848484848485,2.85035569105691,4.03567721063258,0.000660828038722702,0.00758393687836007,0.00562885054830584,"APOA2/APOC2/APOA1/RGN/MLXIPL/ELOVL5/APOE/CCDC3/GDF15/CES1/LDLR/FABP3/IL1B",13
"BP","GO:0098773","skin epidermis development","13/656","132/18986",0.0984848484848485,2.85035569105691,4.03567721063258,0.000660828038722702,0.00758393687836007,0.00562885054830584,"CLDN1/MET/GRHL1/INHBA/SHH/SNAI1/CDH3/FOXQ1/KRT17/MSX2/SOX9/LGR5/FERMT1",13
"BP","GO:0050727","regulation of inflammatory response","29/656","438/18986",0.0662100456621005,1.91625598619,3.67012895986476,0.000670554351280041,0.00763103324410038,0.00566380579758764,"APOA1/AHSG/F12/HAMP/AGT/SAA1/PROC/CEBPB/SERPINE1/FCGR1A/FNDC4/RHBDF2/C3/APOE/DUSP10/CREB3L3/ZDHHC9/TREM2/OSM/SPHK1/MMP9/S100A8/LDLR/IER3/CCL3/AGTR1/S100A9/TNFAIP6/IL1B",29
"BP","GO:0007369","gastrulation","17/656","202/18986",0.0841584158415842,2.43571902922,3.88085207759855,0.000670826271592806,0.00763103324410038,0.00566380579758764,"APOA1/VTN/INHBA/FN1/SNAI1/TGIF2/COL4A2/IL1RN/MMP9/ITGA2/DUSP2/COL5A1/DUSP4/COL5A2/COL11A1/WNT11/BMP7",17
"BP","GO:0044784","metaphase/anaphase transition of cell cycle","11/656","100/18986",0.11,3.18362804878049,4.14175742483045,0.000671204732526708,0.00763103324410038,0.00566380579758764,"TRIP13/CDC6/UBE2C/SKA3/SPC25/NUF2/MAD2L1/BIRC5/PLK1/CCNB1/PRAP1",11
"BP","GO:0090132","epithelium migration","11/656","100/18986",0.11,3.18362804878049,4.14175742483045,0.000671204732526708,0.00763103324410038,0.00566380579758764,"PROX1/SNAI1/ANLN/TACSTD2/DUSP10/CTSH/LRG1/MMP9/ITGA2/SOX9/FERMT1",11
"BP","GO:0033044","regulation of chromosome organization","20/656","258/18986",0.0775193798449612,2.24357156362261,3.8046168166581,0.000674390444158139,0.00764937972324826,0.00567742268165029,"CCT6A/DKC1/MYC/RUVBL1/TRIP13/CDC6/MCM2/UBE2C/SKA3/SPC25/NUF2/CDK1/MAD2L1/BIRC5/NEK2/PLK1/CCNB1/TOP2A/AXIN2/PRAP1",20
"BP","GO:0002793","positive regulation of peptide secretion","12/656","116/18986",0.103448275862069,2.99400756938604,4.07517098113656,0.000679383222805054,0.00765249713465138,0.00567973644601399,"FGG/FGB/FGA/TFR2/RBP4/NR0B2/VSNL1/PDX1/SOX4/S100A8/ANO1/ABAT",12
"BP","GO:0060840","artery development","12/656","116/18986",0.103448275862069,2.99400756938604,4.07517098113656,0.000679383222805054,0.00765249713465138,0.00567973644601399,"PROX1/VEGFA/COMT/SHH/APOE/SOX4/STRA6/LDLR/FKBP10/COMP/EGR2/WNT11",12
"BP","GO:0070555","response to interleukin-1","12/656","116/18986",0.103448275862069,2.99400756938604,4.07517098113656,0.000679383222805054,0.00765249713465138,0.00567973644601399,"FGG/FGB/IL1RAP/CHI3L1/INHBB/RIPK2/IRAK2/IL1RN/CCL3/SOX9/HYAL1/IL1B",12
"BP","GO:0042254","ribosome biogenesis","23/656","317/18986",0.0725552050473186,2.09989805339694,3.73591962874793,0.000696862753457607,0.00780809674704172,0.00579522355746645,"RCL1/PNO1/BYSL/WDR43/NOP58/NPM1/RPF2/UTP14A/DKC1/DCAF13/RRP9/BOP1/NOP2/RRS1/BRIX1/RRP1/DDX21/EXOSC5/RPP40/NOLC1/NOP16/GTF3A/LYAR",23
"BP","GO:0010575","positive regulation of vascular endothelial growth factor production","6/656","32/18986",0.1875,5.4266387195122,4.74105089419689,0.000699245067865341,0.00780809674704172,0.00579522355746645,"C5/C3/CYP1B1/C5AR1/SULF1/IL1B",6
"BP","GO:1902042","negative regulation of extrinsic apoptotic signaling pathway via death domain receptors","6/656","32/18986",0.1875,5.4266387195122,4.74105089419689,0.000699245067865341,0.00780809674704172,0.00579522355746645,"FGG/FGB/FGA/SERPINE1/GRINA/ICAM1",6
"BP","GO:2000116","regulation of cysteine-type endopeptidase activity","15/656","167/18986",0.0898203592814371,2.59958741054476,3.92775083641814,0.000699615738123755,0.00780809674704172,0.00579522355746645,"PRR7/HSPD1/RIPK2/HSPE1/VEGFA/MYC/PMAIP1/BOK/F2R/DPEP1/MMP9/S100A8/BIRC5/S100A9/IFI6",15
"BP","GO:0009132","nucleoside diphosphate metabolic process","13/656","133/18986",0.0977443609022556,2.82892444525949,4.00412235042107,0.000709823321943105,0.00790389081138478,0.00586632257638635,"MLXIPL/GALK1/ALDOB/DHODH/HK3/ENO3/AK4/FBP1/DDIT4/RRM2/IER3/GPD1/HKDC1",13
"BP","GO:2001251","negative regulation of chromosome organization","11/656","101/18986",0.108910891089109,3.15210697899058,4.10243809269259,0.000730245876878299,0.00811273159107261,0.00602132565145264,"TRIP13/MCM2/SKA3/SPC25/NUF2/MAD2L1/BIRC5/PLK1/CCNB1/TOP2A/PRAP1",11
"BP","GO:0009612","response to mechanical stimulus","18/656","222/18986",0.0810810810810811,2.34665458141068,3.81808837001181,0.000732410476183844,0.00811501426787749,0.00602301987000836,"HPN/CHI3L1/CDH2/SLC1A3/FOSL1/COL1A1/BNIP3/IGFBP2/ITGA2/STRA6/CXCL10/SOX9/SLC2A1/SERPINE2/COL11A1/WNT11/POSTN/IL1B",18
"BP","GO:0018958","phenol-containing compound metabolic process","12/656","117/18986",0.102564102564103,2.96841776110069,4.04028267860775,0.00073378674021087,0.00811501426787749,0.00602301987000836,"CYP2E1/PAH/HPN/FAH/COMT/CDH3/HPRT1/MFSD12/CTSB/GPD1/ABAT/MAOB",12
"BP","GO:0007160","cell-matrix adhesion","19/656","241/18986",0.0788381742738589,2.28174020848092,3.78827759366316,0.000742869270311423,0.00819682963568115,0.0060837438034097,"FGL1/FGG/VTN/FGB/FGA/HRG/AJUBA/ITGBL1/SERPINE1/VEGFA/FN1/VWA2/RHOD/SDC4/EPDR1/ITGA2/THY1/FERMT1/POSTN",19
"BP","GO:0046879","hormone secretion","23/656","319/18986",0.0721003134796238,2.08673254835997,3.70302582122247,0.000759191617281015,0.00835523814423502,0.00620131569707538,"FGG/FGB/FGA/SPP1/TFR2/RBP4/AGT/NR0B2/INHBB/VSNL1/INHBA/KLF7/PDX1/IL1RN/SYT7/SLC9B2/SOX4/OSM/AGTR1/ANO1/ABAT/IL1B/FAM3B",23
"BP","GO:0002460","adaptive immune response based on somatic recombination of immune receptors built from immunoglobulin superfamily domains","27/656","400/18986",0.0675,1.95358993902439,3.64648706659808,0.000760659781729576,0.00835523814423502,0.00620131569707538,"HPX/FCGR3A/CFI/C5/C4BPA/HSPD1/C4BPB/C2/RIPK2/FCGR1A/SLC11A1/C8G/C4B/C3/HPRT1/TREM2/CTSH/ASCL2/C4A/IL4I1/SERPING1/ICAM1/FCGR3B/C1R/CLU/C1S/IL1B",27
"BP","GO:0072593","reactive oxygen species metabolic process","19/656","242/18986",0.0785123966942149,2.27231152993348,3.76830456113314,0.000780850130150268,0.00855769534529551,0.00635158083581216,"HP/CRP/AGT/PRDX4/PON3/TRAP1/PMAIP1/AKR1C1/GLS2/CYP1B1/BNIP3/CBS/DDIT4/IER3/AGTR1/DCXR/MAOB/IFI6/BMP7",19
"BP","GO:0044241","lipid digestion","5/656","22/18986",0.227272727272727,6.57774390243902,4.95200329679062,0.000783069139844001,0.00856272906624923,0.00635531689841459,"APOA2/APOA1/AKR1C1/LDLR/CEL",5
"BP","GO:0070486","leukocyte aggregation","4/656","13/18986",0.307692307692308,8.90525328330206,5.39380758874935,0.000786948040399732,0.00858585014480963,0.00637247752327468,"S100A8/S100A9/IL1B/BMP7",4
"BP","GO:0015807","L-amino acid transport","11/656","102/18986",0.107843137254902,3.12120396939264,4.06360521578346,0.000793536969448578,0.0085998906310396,0.00638289846953011,"SLC11A1/TTYH3/SLC7A5/SLC25A15/SLC1A3/SLC38A4/RGS4/SLC43A1/KCNJ8/SLC7A1/SLC7A2",11
"BP","GO:1990868","response to chemokine","11/656","102/18986",0.107843137254902,3.12120396939264,4.06360521578346,0.000793536969448578,0.0085998906310396,0.00638289846953011,"CXCL6/CXCL2/TREM2/CCL3/CXCL10/CXCL11/CCL4/CXCL9/CCL4L1/CXCL3/CCL18",11
"BP","GO:1990869","cellular response to chemokine","11/656","102/18986",0.107843137254902,3.12120396939264,4.06360521578346,0.000793536969448578,0.0085998906310396,0.00638289846953011,"CXCL6/CXCL2/TREM2/CCL3/CXCL10/CXCL11/CCL4/CXCL9/CCL4L1/CXCL3/CCL18",11
"BP","GO:0002443","leukocyte mediated immunity","31/656","485/18986",0.0639175257731959,1.84990570781996,3.58690604998554,0.000796198019055379,0.0086095545793855,0.00639007111901522,"HPX/FCGR3A/CFI/C5/C4BPA/HSPD1/C4BPB/C2/FCGR1A/C8G/C4B/CXCL6/C3/HPRT1/DDX21/TREM2/CTSH/TREM1/C4A/IL4I1/SERPING1/ICAM1/ANXA3/CCL3/SPON2/FCGR3B/C1R/GZMB/CLU/C1S/IL1B",31
"BP","GO:0016126","sterol biosynthetic process","9/656","72/18986",0.125,3.61775914634146,4.20998190783345,0.000810324059532056,0.00871933069188697,0.00647154771104856,"APOA1/SEC14L2/INSIG1/DHCR7/MSMO1/APOE/SQLE/CES1/TM7SF2",9
"BP","GO:0001541","ovarian follicle development","8/656","58/18986",0.137931034482759,3.99201009251472,4.31718515687204,0.000811725606951253,0.00871933069188697,0.00647154771104856,"CEBPB/INHBB/VEGFA/GAS2/INHBA/EREG/TNFAIP6/ANG",8
"BP","GO:0061900","glial cell activation","8/656","58/18986",0.137931034482759,3.99201009251472,4.31718515687204,0.000811725606951253,0.00871933069188697,0.00647154771104856,"TREM2/KCNJ8/SPHK1/C5AR1/LDLR/CCL3/CLU/IL1B",8
"BP","GO:0051983","regulation of chromosome segregation","13/656","135/18986",0.0962962962962963,2.78701445347787,3.94188309861747,0.000817026218557117,0.00875693739977738,0.00649945967046017,"TRIP13/CDC6/UBE2C/SKA3/SPC25/NUF2/CDK1/MAD2L1/KIF2C/BIRC5/PLK1/CCNB1/PRAP1",13
"BP","GO:0007492","endoderm development","10/656","87/18986",0.114942528735632,3.3266750770956,4.11483039836323,0.000825842918089622,0.00883198162510791,0.00655515801495776,"VTN/INHBA/FN1/COL4A2/MMP9/DUSP2/COL5A1/DUSP4/COL5A2/COL11A1",10
"BP","GO:0002063","chondrocyte development","6/656","33/18986",0.181818181818182,5.26219512195122,4.63582789350422,0.000829957987584103,0.00883714566210995,0.00655899079903503,"MSX2/SOX9/SULF1/COMP/COL11A1/AXIN2",6
"BP","GO:0060351","cartilage development involved in endochondral bone morphogenesis","6/656","33/18986",0.181818181818182,5.26219512195122,4.63582789350422,0.000829957987584103,0.00883714566210995,0.00655899079903503,"STC1/COL1A1/CBS/SOX9/COMP/AXIN2",6
"BP","GO:0051047","positive regulation of secretion","23/656","322/18986",0.0714285714285714,2.06729094076655,3.65413328304549,0.000861743799679137,0.0091555574874207,0.0067953182640752,"FGG/FGB/FGA/SPP1/TFR2/RBP4/NR0B2/INHBB/VSNL1/INHBA/MIF/PDX1/TREM2/SDC4/TMEM132A/SYT7/CYP4F2/SOX4/S100A8/ANO1/ANG/ABAT/IL1B",23
"BP","GO:0062013","positive regulation of small molecule metabolic process","14/656","153/18986",0.0915032679738562,2.64829427706042,3.87254703141764,0.000868622932494033,0.00920853853925047,0.0068346411681849,"APOC2/APOA1/RGN/MLXIPL/NNMT/ELOVL5/APOE/PMAIP1/GDF15/TREM2/CES1/IGF2/GPD1/IL1B",14
"BP","GO:0002791","regulation of peptide secretion","17/656","207/18986",0.0821256038647343,2.37688523624367,3.76810219577227,0.000882361016956081,0.00929343876300496,0.00689765470306748,"FGG/FGB/FGA/TFR2/RBP4/NR0B2/INHBB/VSNL1/KLF7/PDX1/SYT7/SLC9B2/SOX4/S100A8/ANO1/ABAT/IL1B",17
"BP","GO:0090087","regulation of peptide transport","17/656","207/18986",0.0821256038647343,2.37688523624367,3.76810219577227,0.000882361016956081,0.00929343876300496,0.00689765470306748,"FGG/FGB/FGA/TFR2/RBP4/NR0B2/INHBB/VSNL1/KLF7/PDX1/SYT7/SLC9B2/SOX4/S100A8/ANO1/ABAT/IL1B",17
"BP","GO:2000241","regulation of reproductive process","17/656","207/18986",0.0821256038647343,2.37688523624367,3.76810219577227,0.000882361016956081,0.00929343876300496,0.00689765470306748,"TIMP1/RGN/PRDX4/INHBB/VEGFA/INHBA/SHH/WDR77/SNAI1/TRIP13/CDC25B/PKMYT1/MSX2/AURKA/SOX9/SULF1/BMP7",17
"BP","GO:2001242","regulation of intrinsic apoptotic signaling pathway","16/656","189/18986",0.0846560846560847,2.45012259646406,3.79024548685363,0.00089625343738695,0.00941937197910346,0.00699112320944555,"GRINA/TRAP1/SNAI1/MYC/PMAIP1/MIF/PDX1/TREM2/BOK/PLAGL2/VNN1/MMP9/S100A8/S100A9/PYCR1/CLU",16
"BP","GO:0071347","cellular response to interleukin-1","10/656","88/18986",0.113636363636364,3.28887195121951,4.07127931647218,0.000903489554331217,0.00947495726589591,0.00703237899480582,"FGG/FGB/IL1RAP/INHBB/IRAK2/IL1RN/CCL3/SOX9/HYAL1/IL1B",10
"BP","GO:0046031","ADP metabolic process","11/656","104/18986",0.105769230769231,3.06118081613508,3.98735361755881,0.00093380819533205,0.00977185092147474,0.00725273552503512,"MLXIPL/GALK1/ALDOB/HK3/ENO3/AK4/FBP1/DDIT4/IER3/GPD1/HKDC1",11
"BP","GO:0090207","regulation of triglyceride metabolic process","7/656","46/18986",0.152173913043478,4.40422852598091,4.37304174412056,0.000943179923634076,0.00983842699470732,0.0073021487483161,"APOC2/APOC3/RGN/C3/APOE/LDLR/SIK1",7
"BP","GO:0019362","pyridine nucleotide metabolic process","15/656","172/18986",0.0872093023255814,2.52401800907544,3.79830417239681,0.000948257760073517,0.00983842699470732,0.0073021487483161,"MLXIPL/NNMT/GALK1/ALDOB/KYNU/HK3/ENO3/FBP1/DDIT4/IER3/GPD1/PC/DCXR/HKDC1/ALDH1L1",15
"BP","GO:0030856","regulation of epithelial cell differentiation","15/656","172/18986",0.0872093023255814,2.52401800907544,3.79830417239681,0.000948257760073517,0.00983842699470732,0.0073021487483161,"ETV4/PROC/CEBPB/SERPINE1/CCND1/GRHL1/VEGFA/KLF7/ERRFI1/SULT2B1/MMP9/MSX2/SOX9/IL1B/BMP7",15
"BP","GO:0046496","nicotinamide nucleotide metabolic process","15/656","172/18986",0.0872093023255814,2.52401800907544,3.79830417239681,0.000948257760073517,0.00983842699470732,0.0073021487483161,"MLXIPL/NNMT/GALK1/ALDOB/KYNU/HK3/ENO3/FBP1/DDIT4/IER3/GPD1/PC/DCXR/HKDC1/ALDH1L1",15
"BP","GO:0045723","positive regulation of fatty acid biosynthetic process","5/656","23/18986",0.217391304347826,6.29175503711559,4.80381324555187,0.000972397525416767,0.0100460432243694,0.0074562429538606,"APOC2/RGN/MLXIPL/ELOVL5/IL1B",5
"BP","GO:0051988","regulation of attachment of spindle microtubules to kinetochore","5/656","23/18986",0.217391304347826,6.29175503711559,4.80381324555187,0.000972397525416767,0.0100460432243694,0.0074562429538606,"ECT2/CDK1/BIRC5/NEK2/CCNB1",5
"BP","GO:0009308","amine metabolic process","12/656","121/18986",0.0991735537190083,2.87028824833703,3.90435063757614,0.000989225635133011,0.0101843323480486,0.00755888210053749,"PAH/SLC22A3/TDO2/COMT/KYNU/HPRT1/SMOX/IL4I1/ODC1/INMT/ABAT/MAOB",12
"BP","GO:0009064","glutamine family amino acid metabolic process","9/656","74/18986",0.121621621621622,3.51998187211602,4.10885234523969,0.000989969009582198,0.0101843323480486,0.00755888210053749,"NIT2/ALDH4A1/CPS1/CTPS1/FAH/GLS2/PPAT/PHGDH/PYCR1",9
"BP","GO:0002573","myeloid leukocyte differentiation","19/656","247/18986",0.0769230769230769,2.22631332082552,3.66988710772957,0.000996812087528021,0.0102330962403193,0.00759507499957504,"TF/CEBPB/SNX10/TNFRSF11B/GLO1/FASN/VEGFA/INHBA/MYC/UBD/OSCAR/FSTL3/TESC/TREM2/SLC9B2/MMP9/DIAPH3/CCL3/TNFAIP6",19
"BP","GO:0090130","tissue migration","11/656","105/18986",0.104761904761905,3.03202671312427,3.94991322027086,0.00101127815924907,0.010337982190979,0.00767292207957445,"PROX1/SNAI1/ANLN/TACSTD2/DUSP10/CTSH/LRG1/MMP9/ITGA2/SOX9/FERMT1",11
"BP","GO:1901992","positive regulation of mitotic cell cycle phase transition","11/656","105/18986",0.104761904761905,3.03202671312427,3.94991322027086,0.00101127815924907,0.010337982190979,0.00767292207957445,"CCND1/CDC6/UBE2C/CDCA5/SKA3/CDC25B/RRM2/CDK1/BIRC5/CCNB1/PRAP1",11
"BP","GO:0010718","positive regulation of epithelial to mesenchymal transition","8/656","60/18986",0.133333333333333,3.85894308943089,4.19592489148607,0.00102003788077915,0.010405669450464,0.00772316003299845,"AGT/SNAI1/COL1A1/LRG1/LOXL2/AXIN2/IL1B/BMP7",8
"BP","GO:0006935","chemotaxis","30/656","472/18986",0.0635593220338983,1.83953854898718,3.49411745670031,0.00104980953199966,0.0106673959550707,0.00791741525988006,"APOA1/HRG/SAA1/C5/SERPINE1/MET/VEGFA/CXCL6/FPR1/CXCL2/MIF/TREM2/TREM1/FOSL1/DPEP1/C5AR1/ITGA2/S100A8/CCL3/CXCL10/AGTR1/S100A9/CXCL11/CCL4/TNFAIP6/CXCL9/CCL4L1/CXCL3/IL1B/CCL18",30
"BP","GO:0071456","cellular response to hypoxia","14/656","156/18986",0.0897435897435897,2.5973655409631,3.7898100098221,0.00105007864004909,0.0106673959550707,0.00791741525988006,"AJUBA/HILPDA/VEGFA/INHBA/STC2/MYC/SLC29A1/STC1/PMAIP1/TREM2/AK4/BNIP3/CBS/BMP7",14
"BP","GO:0006000","fructose metabolic process","4/656","14/18986",0.285714285714286,8.2691637630662,5.14716275196291,0.00107177020054257,0.0107044091488935,0.00794488670903446,"KHK/SORD/ALDOB/FBP1",4
"BP","GO:0006177","GMP biosynthetic process","4/656","14/18986",0.285714285714286,8.2691637630662,5.14716275196291,0.00107177020054257,0.0107044091488935,0.00794488670903446,"HPRT1/PAICS/PPAT/IMPDH1",4
"BP","GO:0019627","urea metabolic process","4/656","14/18986",0.285714285714286,8.2691637630662,5.14716275196291,0.00107177020054257,0.0107044091488935,0.00794488670903446,"CPS1/CYP2C9/SLC25A15/OTC",4
"BP","GO:0019852","L-ascorbic acid metabolic process","4/656","14/18986",0.285714285714286,8.2691637630662,5.14716275196291,0.00107177020054257,0.0107044091488935,0.00794488670903446,"RGN/GSTO1/SLC2A1/SLC2A3",4
"BP","GO:0043650","dicarboxylic acid biosynthetic process","4/656","14/18986",0.285714285714286,8.2691637630662,5.14716275196291,0.00107177020054257,0.0107044091488935,0.00794488670903446,"MTHFD1L/KYNU/GLS2/MTHFD1",4
"BP","GO:0045916","negative regulation of complement activation","4/656","14/18986",0.285714285714286,8.2691637630662,5.14716275196291,0.00107177020054257,0.0107044091488935,0.00794488670903446,"C4BPA/C4BPB/SERPING1/MASP1",4
"BP","GO:0050667","homocysteine metabolic process","4/656","14/18986",0.285714285714286,8.2691637630662,5.14716275196291,0.00107177020054257,0.0107044091488935,0.00794488670903446,"CPS1/MTHFD1/CBS/DPEP1",4
"BP","GO:2001053","regulation of mesenchymal cell apoptotic process","4/656","14/18986",0.285714285714286,8.2691637630662,5.14716275196291,0.00107177020054257,0.0107044091488935,0.00794488670903446,"SHH/MSX2/SOX9/BMP7",4
"BP","GO:0032892","positive regulation of organic acid transport","7/656","47/18986",0.148936170212766,4.31052153606642,4.29875617173846,0.00107572052482715,0.0107044091488935,0.00794488670903446,"ACSL1/SLC7A5/MIF/CYP4F2/ABAT/FABP3/IL1B",7
"BP","GO:0055078","sodium ion homeostasis","7/656","47/18986",0.148936170212766,4.31052153606642,4.29875617173846,0.00107572052482715,0.0107044091488935,0.00794488670903446,"AGT/COMT/SLC1A3/TMPRSS3/CYP4F2/SLC9B2/AGTR1",7
"BP","GO:0002697","regulation of immune effector process","27/656","410/18986",0.0658536585365854,1.90594140392623,3.50826122645491,0.00109744782852371,0.0108983288440743,0.00808881525169681,"FCN3/APOA2/COLEC11/APOA1/HPX/RBP4/C4BPA/HSPD1/C4BPB/RIPK2/FCGR1A/SLC7A5/CXCL6/C3/DDX21/DUSP10/MIF/TREM2/ASCL2/IL4I1/SERPING1/ICAM1/S100A9/SPON2/CFH/MASP1/IL1B",27
"BP","GO:0042330","taxis","30/656","474/18986",0.0632911392405063,1.8317767829577,3.46932736645109,0.00112172362678626,0.0111167152096577,0.0082509031268167,"APOA1/HRG/SAA1/C5/SERPINE1/MET/VEGFA/CXCL6/FPR1/CXCL2/MIF/TREM2/TREM1/FOSL1/DPEP1/C5AR1/ITGA2/S100A8/CCL3/CXCL10/AGTR1/S100A9/CXCL11/CCL4/TNFAIP6/CXCL9/CCL4L1/CXCL3/IL1B/CCL18",30
"BP","GO:0000462","maturation of SSU-rRNA from tricistronic rRNA transcript (SSU-rRNA, 5.8S rRNA, LSU-rRNA)","6/656","35/18986",0.171428571428571,4.96149825783972,4.43765375404256,0.00114716834230292,0.0113457747025325,0.00842091267103405,"RCL1/BYSL/WDR43/DCAF13/RRS1/RPP40",6
"BP","GO:0051591","response to cAMP","10/656","91/18986",0.10989010989011,3.18044760117931,3.94429047202517,0.00117310219855179,0.0115709653740967,0.00858805074924302,"AQP9/CPS1/INHBB/STC1/CYP1B1/FBP1/FOSL1/COL1A1/GPD1/AREG",10
"BP","GO:1903829","positive regulation of protein localization","31/656","497/18986",0.062374245472837,1.80523997644403,3.4413020924597,0.00118018317759392,0.0115709653740967,0.00858805074924302,"FGG/FGB/FGA/RBP4/NR0B2/CCT6A/VSNL1/VEGFA/HSP90AB1/TMEM97/SHH/IPO5/APOE/PDX1/TREM2/PTP4A3/ECT2/TMEM132A/NKD2/FARP1/SOX4/SEC16B/CDK1/TNFAIP6/ANO1/PLK1/ANG/ABAT/SLC35D3/GZMB/IL1B",31
"BP","GO:0015833","peptide transport","20/656","270/18986",0.0740740740740741,2.14385727190605,3.58115558254674,0.00118094902228055,0.0115709653740967,0.00858805074924302,"FGG/FGB/FGA/TFR2/RBP4/NR0B2/INHBB/MMP7/VSNL1/KLF7/PDX1/IL1RN/SYT7/SLC9B2/SOX4/S100A8/ANO1/ABAT/IL1B/FAM3B",20
"BP","GO:0044839","cell cycle G2/M phase transition","14/656","158/18986",0.0886075949367089,2.56448749614078,3.73572185443039,0.00118793880420682,0.0115709653740967,0.00858805074924302,"ATF5/NPM1/CCND1/CDC6/CDC25B/PKMYT1/TPD52L1/CDK1/AURKA/IER3/BIRC5/MELK/PLK1/CCNB1",14
"BP","GO:0007263","nitric oxide mediated signal transduction","5/656","24/18986",0.208333333333333,6.02959857723577,4.66415379319423,0.00119371652646867,0.0115709653740967,0.00858805074924302,"AGT/VEGFA/FPR1/APOE/CBS",5
"BP","GO:0009074","aromatic amino acid family catabolic process","5/656","24/18986",0.208333333333333,6.02959857723577,4.66415379319423,0.00119371652646867,0.0115709653740967,0.00858805074924302,"PAH/TDO2/FAH/KYNU/IL4I1",5
"BP","GO:0090266","regulation of mitotic cell cycle spindle assembly checkpoint","5/656","24/18986",0.208333333333333,6.02959857723577,4.66415379319423,0.00119371652646867,0.0115709653740967,0.00858805074924302,"SKA3/MAD2L1/BIRC5/CCNB1/PRAP1",5
"BP","GO:0097066","response to thyroid hormone","5/656","24/18986",0.208333333333333,6.02959857723577,4.66415379319423,0.00119371652646867,0.0115709653740967,0.00858805074924302,"HPN/INHBB/C2/CTSH/CTSB",5
"BP","GO:1903504","regulation of mitotic spindle checkpoint","5/656","24/18986",0.208333333333333,6.02959857723577,4.66415379319423,0.00119371652646867,0.0115709653740967,0.00858805074924302,"SKA3/MAD2L1/BIRC5/CCNB1/PRAP1",5
"BP","GO:2000193","positive regulation of fatty acid transport","5/656","24/18986",0.208333333333333,6.02959857723577,4.66415379319423,0.00119371652646867,0.0115709653740967,0.00858805074924302,"ACSL1/MIF/CYP4F2/FABP3/IL1B",5
"BP","GO:2000242","negative regulation of reproductive process","9/656","76/18986",0.118421052631579,3.42735077021823,4.01115606114855,0.00120060708105011,0.011614620390437,0.00862045180513325,"TIMP1/RGN/PRDX4/WDR77/SNAI1/TRIP13/PKMYT1/SULF1/BMP7",9
"BP","GO:0045444","fat cell differentiation","19/656","251/18986",0.0756972111553785,2.19083422407929,3.59283528759296,0.00120461615074756,0.0116302821220985,0.00863207605099182,"CEBPB/TRIB3/ATF5/CCND1/INSIG1/INHBB/VEGFA/E2F1/CCDC3/DUSP10/BNIP3/LRG1/KCNJ8/MSX2/MMP11/FABP3/EGR2/AXIN2/BMP7",19
"BP","GO:0048705","skeletal system morphogenesis","18/656","232/18986",0.0775862068965517,2.24550567703953,3.61092722711808,0.00121513516782181,0.0117086093596454,0.0086902110699252,"MTHFD1L/INSIG1/ALPL/VEGFA/STC1/MTHFD1/COL1A1/CBS/MDFI/MSX2/SOX9/COMP/HYAL1/COL11A1/SP5/AXIN2/HOXB8/BMP7",18
"BP","GO:1901989","positive regulation of cell cycle phase transition","12/656","125/18986",0.096,2.77843902439024,3.7738759149341,0.00131464367414444,0.0126424033960214,0.00938327947990339,"NPM1/CCND1/CDC6/UBE2C/CDCA5/SKA3/CDC25B/RRM2/CDK1/BIRC5/CCNB1/PRAP1",12
"BP","GO:2000352","negative regulation of endothelial cell apoptotic process","6/656","36/18986",0.166666666666667,4.82367886178862,4.34414228455124,0.00133694056429828,0.0128314650608983,0.00952360235878211,"FGG/FGB/FGA/SERPINE1/ANGPTL4/ICAM1",6
"BP","GO:0001774","microglial cell activation","7/656","49/18986",0.142857142857143,4.1345818815331,4.15621549686053,0.00138439569894271,0.0132063697784191,0.00980185924021808,"TREM2/KCNJ8/SPHK1/C5AR1/LDLR/CCL3/CLU",7
"BP","GO:0045922","negative regulation of fatty acid metabolic process","7/656","49/18986",0.142857142857143,4.1345818815331,4.15621549686053,0.00138439569894271,0.0132063697784191,0.00980185924021808,"APOC3/APOC1/TRIB3/INSIG1/UGT1A6/UGT1A1/SOX9",7
"BP","GO:1902041","regulation of extrinsic apoptotic signaling pathway via death domain receptors","7/656","49/18986",0.142857142857143,4.1345818815331,4.15621549686053,0.00138439569894271,0.0132063697784191,0.00980185924021808,"FGG/FGB/FGA/SERPINE1/GRINA/PMAIP1/ICAM1",7
"BP","GO:0050886","endocrine process","10/656","93/18986",0.10752688172043,3.1120508785733,3.86252564512162,0.00138685880739256,0.0132063697784191,0.00980185924021808,"SERPINF2/SPP1/AGT/INHBB/ENPEP/INHBA/COMT/F2R/AGTR1/IL1B",10
"BP","GO:0006090","pyruvate metabolic process","12/656","126/18986",0.0952380952380952,2.75638792102207,3.74206095946345,0.00140852663405062,0.0133267499399919,0.00989120623101485,"MLXIPL/GALK1/ALDOB/HK3/ENO3/FBP1/SDS/DDIT4/IER3/GPD1/PC/HKDC1",12
"BP","GO:0048762","mesenchymal cell differentiation","20/656","274/18986",0.072992700729927,2.11256008545487,3.50925267761242,0.00140994658093651,0.0133267499399919,0.00989120623101485,"AGT/HPN/CDH2/VEGFA/FN1/SHH/SNAI1/NOLC1/SLC39A10/HEYL/COL1A1/LRG1/MSX2/SOX9/LOXL2/SP6/AXIN2/WNT11/IL1B/BMP7",20
"BP","GO:0090068","positive regulation of cell cycle process","20/656","274/18986",0.072992700729927,2.11256008545487,3.50925267761242,0.00140994658093651,0.0133267499399919,0.00989120623101485,"NPM1/CCND1/CDC6/ECT2/UBE2C/CDCA5/SKA3/CDC25B/SPHK1/IGF2/EREG/MSX2/RRM2/CDK1/AURKA/MAD2L1/BIRC5/CCNB1/IL1B/PRAP1",20
"BP","GO:0034113","heterotypic cell-cell adhesion","8/656","63/18986",0.126984126984127,3.67518389469609,4.02350837067388,0.00141045544987584,0.0133267499399919,0.00989120623101485,"APOA1/FGG/FGB/FGA/IL1RN/THY1/IL1B/BMP7",8
"BP","GO:0006271","DNA strand elongation involved in DNA replication","4/656","15/18986",0.266666666666667,7.71788617886179,4.92389912193976,0.00142181326703979,0.0134080297624334,0.00995153267893415,"POLD2/RFC3/MCM3/GINS1",4
"BP","GO:0046597","negative regulation of viral entry into host cell","5/656","25/18986",0.2,5.78841463414634,4.53217971411337,0.00145018138639449,0.0135964983163692,0.010091415346759,"FCN3/IFITM3/LY6E/IFITM1/IFITM2",5
"BP","GO:0046697","decidualization","5/656","25/18986",0.2,5.78841463414634,4.53217971411337,0.00145018138639449,0.0135964983163692,0.010091415346759,"SPP1/DCAF13/STC2/STC1/CTSB",5
"BP","GO:0090231","regulation of spindle checkpoint","5/656","25/18986",0.2,5.78841463414634,4.53217971411337,0.00145018138639449,0.0135964983163692,0.010091415346759,"SKA3/MAD2L1/BIRC5/CCNB1/PRAP1",5
"BP","GO:0019218","regulation of steroid metabolic process","11/656","110/18986",0.1,2.89420731707317,3.76916245215625,0.00148250149897,0.0138461656314549,0.0102767201595435,"APOA1/SEC14L2/PROX1/INSIG1/SNAI1/APOE/CES1/UGT1A1/FGFR4/LDLR/IGFBP7",11
"BP","GO:1901796","regulation of signal transduction by p53 class mediator","11/656","110/18986",0.1,2.89420731707317,3.76916245215625,0.00148250149897,0.0138461656314549,0.0102767201595435,"RPF2/EEF1E1/BOP1/NOP2/RRS1/SNAI1/MYC/PMAIP1/MIF/SOX4/AURKA",11
"BP","GO:0022612","gland morphogenesis","12/656","127/18986",0.094488188976378,2.73468407912426,3.71055531948538,0.00150787730568327,0.0140561895966567,0.010432601403104,"FGL1/HPN/CEBPB/PROX1/SHH/TGM2/MSX2/SOX9/SULF1/AREG/BMP7/SERPINB5",12
"BP","GO:0032868","response to insulin","20/656","276/18986",0.072463768115942,2.09725167903853,3.4737606343715,0.00153797446511101,0.014282030051966,0.0106002217553152,"AHSG/TRIB3/KHK/INSIG1/INHBB/ALPL/VWA2/GRB10/PCSK9/ERRFI1/FBP1/COL1A1/GRB14/OTC/KCNJ8/IGF2/ECHDC3/SLC2A1/EGR2/IL1B",20
"BP","GO:0060828","regulation of canonical Wnt signaling pathway","20/656","276/18986",0.072463768115942,2.09725167903853,3.4737606343715,0.00153797446511101,0.014282030051966,0.0106002217553152,"CDH2/CTHRC1/ZNRF3/SHH/CDH3/APOE/RUVBL1/COL1A1/NOTUM/NKD2/SOX4/IGFBP2/SOX9/LGR5/NKD1/PLEKHA4/PTK7/AXIN2/WNT11/FERMT1",20
"BP","GO:0070372","regulation of ERK1 and ERK2 cascade","21/656","296/18986",0.0709459459459459,2.05332275873434,3.45524351632417,0.00154359365136623,0.0143069080143773,0.010618686351554,"FGG/FGB/FGA/SERPINF2/MARCO/CHI3L1/RIPK2/VEGFA/INHBA/FN1/APOE/DUSP10/MIF/TREM2/F2R/C5AR1/FGFR4/ICAM1/CCL3/DUSP4/IL1B",21
"BP","GO:0032366","intracellular sterol transport","6/656","37/18986",0.162162162162162,4.69330916282136,4.25401841502963,0.00154976197863234,0.0143367714601235,0.0106408512081,"TMEM97/CES1/PCSK9/SYT7/GRAMD1A/LDLR",6
"BP","GO:0042273","ribosomal large subunit biogenesis","8/656","64/18986",0.125,3.61775914634146,3.96836985135451,0.00156411446673637,0.0144147367332181,0.0106987175745065,"NPM1/RPF2/BOP1/NOP2/RRS1/BRIX1/NOP16/GTF3A",8
"BP","GO:0048599","oocyte development","8/656","64/18986",0.125,3.61775914634146,3.96836985135451,0.00156411446673637,0.0144147367332181,0.0106987175745065,"INHBB/DCAF13/WDR77/TRIP13/CDC25B/EREG/AURKA/ANG",8
"BP","GO:0036294","cellular response to decreased oxygen levels","14/656","163/18986",0.0858895705521472,2.48582223552297,3.60406174195357,0.00160026137106955,0.0147199845588363,0.0109252746276781,"AJUBA/HILPDA/VEGFA/INHBA/STC2/MYC/SLC29A1/STC1/PMAIP1/TREM2/AK4/BNIP3/CBS/BMP7",14
"BP","GO:0030282","bone mineralization","12/656","128/18986",0.09375,2.7133193597561,3.67935319430775,0.0016129348038142,0.0148085674629432,0.0109910214734588,"AHSG/SNX10/ALPL/NOTUM/CCL3/SOX9/ASPN/COMP/AXIN2/COL1A2/WNT11/BMP7",12
"BP","GO:1903532","positive regulation of secretion by cell","21/656","298/18986",0.0704697986577181,2.03954206907841,3.42172243007398,0.00167632397415732,0.0153615677179841,0.0114014620979954,"FGG/FGB/FGA/SPP1/TFR2/RBP4/NR0B2/INHBB/VSNL1/INHBA/MIF/PDX1/TREM2/SDC4/TMEM132A/SYT7/SOX4/ANO1/ANG/ABAT/IL1B",21
"BP","GO:0030316","osteoclast differentiation","11/656","112/18986",0.0982142857142857,2.84252504355401,3.69969926602299,0.0017154266851506,0.0156829772957135,0.0116400145156712,"TF/CEBPB/SNX10/TNFRSF11B/GLO1/OSCAR/FSTL3/TREM2/SLC9B2/CCL3/TNFAIP6",11
"BP","GO:0006695","cholesterol biosynthetic process","8/656","65/18986",0.123076923076923,3.56210131332083,3.91432536872845,0.00173073547221499,0.0156829772957135,0.0116400145156712,"APOA1/SEC14L2/INSIG1/DHCR7/MSMO1/APOE/CES1/TM7SF2",8
"BP","GO:0022617","extracellular matrix disassembly","8/656","65/18986",0.123076923076923,3.56210131332083,3.91432536872845,0.00173073547221499,0.0156829772957135,0.0116400145156712,"HPN/MMP7/ADAMTS4/FAP/MMP9/TMPRSS6/FGFR4/MMP11",8
"BP","GO:1902653","secondary alcohol biosynthetic process","8/656","65/18986",0.123076923076923,3.56210131332083,3.91432536872845,0.00173073547221499,0.0156829772957135,0.0116400145156712,"APOA1/SEC14L2/INSIG1/DHCR7/MSMO1/APOE/CES1/TM7SF2",8
"BP","GO:1905330","regulation of morphogenesis of an epithelium","8/656","65/18986",0.123076923076923,3.56210131332083,3.91432536872845,0.00173073547221499,0.0156829772957135,0.0116400145156712,"AGT/VEGFA/SHH/TACSTD2/CXCL10/SOX9/SULF1/BMP7",8
"BP","GO:2001244","positive regulation of intrinsic apoptotic signaling pathway","8/656","65/18986",0.123076923076923,3.56210131332083,3.91432536872845,0.00173073547221499,0.0156829772957135,0.0116400145156712,"MYC/PMAIP1/BOK/PLAGL2/VNN1/S100A8/S100A9/CLU",8
"BP","GO:0051315","attachment of mitotic spindle microtubules to kinetochore","5/656","26/18986",0.192307692307692,5.56578330206379,4.40715972837253,0.00174501411229314,0.015782971506354,0.0117142309123024,"SKA3/NUF2/CDK1/KIF2C/BIRC5",5
"BP","GO:0032365","intracellular lipid transport","7/656","51/18986",0.137254901960784,3.97244141559063,4.02107084764976,0.00175819179781789,0.0158584036660216,0.0117702171843555,"TMEM97/CES1/PCSK9/SYT7/GRAMD1A/LDLR/FABP3",7
"BP","GO:0001942","hair follicle development","10/656","96/18986",0.104166666666667,3.01479928861789,3.74392736362244,0.00176591831099301,0.0158584036660216,0.0117702171843555,"INHBA/SHH/SNAI1/CDH3/FOXQ1/KRT17/MSX2/SOX9/LGR5/FERMT1",10
"BP","GO:0006096","glycolytic process","10/656","96/18986",0.104166666666667,3.01479928861789,3.74392736362244,0.00176591831099301,0.0158584036660216,0.0117702171843555,"MLXIPL/GALK1/ALDOB/HK3/ENO3/FBP1/DDIT4/IER3/GPD1/HKDC1",10
"BP","GO:0072331","signal transduction by p53 class mediator","15/656","183/18986",0.0819672131147541,2.37230107956817,3.52888385481522,0.00176639021516311,0.0158584036660216,0.0117702171843555,"RPF2/EEF1E1/BOP1/NOP2/RRS1/SNAI1/MYC/E2F1/PMAIP1/MIF/BOK/SOX4/DDIT4/AURKA/PRAP1",15
"BP","GO:0010952","positive regulation of peptidase activity","13/656","147/18986",0.0884353741496599,2.55950306952049,3.59080619819434,0.00178580699295213,0.0159879919924243,0.0118663985389508,"PRR7/HSPD1/RIPK2/HSPE1/MYC/PMAIP1/CTSH/BOK/F2R/PRSS22/S100A8/S100A9/EFNA3",13
"BP","GO:0001990","regulation of systemic arterial blood pressure by hormone","6/656","38/18986",0.157894736842105,4.56980102695764,4.16706340256129,0.00178739573445927,0.0159879919924243,0.0118663985389508,"SERPINF2/AGT/ENPEP/COMT/F2R/AGTR1",6
"BP","GO:0006865","amino acid transport","14/656","165/18986",0.0848484848484849,2.45569105691057,3.5527596406678,0.00179558821611185,0.0160318023111932,0.0118989148613805,"SLC6A6/SLC11A1/TTYH3/SLC7A5/SLC25A15/MFSD12/SLC1A3/SLC38A4/RGS4/SLC43A1/KCNJ8/SLC7A1/SLC7A2/ABAT",14
"BP","GO:0060485","mesenchyme development","23/656","341/18986",0.0674486803519062,1.95210464201416,3.35626826241,0.00183340014507134,0.016287668976907,0.0120888208751958,"AGT/HPN/CDH2/VEGFA/FN1/SHH/SNAI1/MYC/NOLC1/SLC39A10/HEYL/COL1A1/LRG1/SOX4/MSX2/SOX9/LOXL2/SP6/PTK7/AXIN2/WNT11/IL1B/BMP7",23
"BP","GO:0000479","endonucleolytic cleavage of tricistronic rRNA transcript (SSU-rRNA, 5.8S rRNA, LSU-rRNA)","4/656","16/18986",0.25,7.23551829268293,4.72035728191242,0.00184432914226793,0.016287668976907,0.0120888208751958,"RCL1/BOP1/RRS1/RPP40",4
"BP","GO:0030728","ovulation","4/656","16/18986",0.25,7.23551829268293,4.72035728191242,0.00184432914226793,0.016287668976907,0.0120888208751958,"INHBB/GAS2/INHBA/EREG",4
"BP","GO:0071941","nitrogen cycle metabolic process","4/656","16/18986",0.25,7.23551829268293,4.72035728191242,0.00184432914226793,0.016287668976907,0.0120888208751958,"CPS1/CYP2C9/SLC25A15/OTC",4
"BP","GO:0097152","mesenchymal cell apoptotic process","4/656","16/18986",0.25,7.23551829268293,4.72035728191242,0.00184432914226793,0.016287668976907,0.0120888208751958,"SHH/MSX2/SOX9/BMP7",4
"BP","GO:0170043","non-proteinogenic amino acid biosynthetic process","4/656","16/18986",0.25,7.23551829268293,4.72035728191242,0.00184432914226793,0.016287668976907,0.0120888208751958,"CPS1/SLC1A3/OTC/ABAT",4
"BP","GO:0001667","ameboidal-type cell migration","18/656","241/18986",0.0746887966804979,2.16164861856087,3.43333805422195,0.0018587802698086,0.0163855521610302,0.0121614704533053,"TIMP1/CDH2/PROX1/VEGFA/FN1/SHH/SNAI1/ANLN/TACSTD2/DUSP10/CTSH/SDC4/LRG1/MMP9/ITGA2/SOX9/FERMT1/BMP7",18
"BP","GO:0000075","cell cycle checkpoint signaling","16/656","203/18986",0.0788177339901478,2.28114862429412,3.47169082930622,0.00189170510634492,0.0166456366138778,0.0123545069379831,"CCND1/PROX1/E2F1/TRIP13/CDC6/SKA3/SPC25/NUF2/CDC45/CDK1/IER3/MAD2L1/BIRC5/PLK1/CCNB1/PRAP1",16
"BP","GO:0042742","defense response to bacterium","23/656","342/18986",0.0672514619883041,1.94639673370418,3.34112501985249,0.00190359584899983,0.0167200314101681,0.0124097232717431,"HP/FGB/FGA/CRP/TF/HAMP/CEBPB/SERPINE1/RIPK2/FCGR1A/MMP7/SLC11A1/CXCL6/LEAP2/TREM2/TREM1/C5AR1/S100A8/ANXA3/S100A9/SPON2/ANG/IL1B",23
"BP","GO:0015909","long-chain fatty acid transport","8/656","66/18986",0.121212121212121,3.50813008130081,3.86133468903293,0.00191107082861721,0.0167554426163088,0.0124360057145295,"SLC27A5/PLIN2/ACSL1/APOE/MIF/SLC2A1/FABP3/PLA2G12B",8
"BP","GO:0046434","organophosphate catabolic process","18/656","242/18986",0.0743801652892562,2.15271618625277,3.41408967863037,0.00194539965603115,0.0170257459105172,0.0126366266941364,"APOA2/APOC2/APOC1/MLXIPL/GALK1/LIPC/ALDOB/HPRT1/HK3/ENO3/LIPG/FBP1/VNN1/DDIT4/LDLR/IER3/GPD1/HKDC1",18
"BP","GO:0002269","leukocyte activation involved in inflammatory response","7/656","52/18986",0.134615384615385,3.89604831144465,3.95605458956463,0.00197225039153243,0.0171988716939011,0.0127651218512503,"TREM2/KCNJ8/SPHK1/C5AR1/LDLR/CCL3/CLU",7
"BP","GO:0060688","regulation of morphogenesis of a branching structure","7/656","52/18986",0.134615384615385,3.89604831144465,3.95605458956463,0.00197225039153243,0.0171988716939011,0.0127651218512503,"AGT/VEGFA/SHH/TACSTD2/SOX9/SULF1/BMP7",7
"BP","GO:0090277","positive regulation of peptide hormone secretion","11/656","114/18986",0.0964912280701754,2.79265618314078,3.63175424706522,0.00197739110621095,0.0172128535291994,0.0127754992663775,"FGG/FGB/FGA/TFR2/RBP4/NR0B2/VSNL1/PDX1/SOX4/ANO1/ABAT",11
"BP","GO:0007051","spindle organization","16/656","204/18986",0.0784313725490196,2.26996652319464,3.44994702572054,0.00198891078563494,0.0172207115354086,0.0127813315330839,"DCAF13/RAE1/UHRF1/TPX2/MZT1/CENPH/SKA3/MYBL2/SPC25/NUF2/AURKA/BIRC5/NEK2/KIFC1/PLK1/CCNB1",16
"BP","GO:0051701","biological process involved in interaction with host","16/656","204/18986",0.0784313725490196,2.26996652319464,3.44994702572054,0.00198891078563494,0.0172207115354086,0.0127813315330839,"FCN3/CLDN1/INHBB/IFITM3/HSP90AB1/LY6E/CTSB/SLC7A1/ICAM1/ITGA2/CDK1/LDLR/AGTR1/IFITM1/PC/IFITM2",16
"BP","GO:0090276","regulation of peptide hormone secretion","16/656","204/18986",0.0784313725490196,2.26996652319464,3.44994702572054,0.00198891078563494,0.0172207115354086,0.0127813315330839,"FGG/FGB/FGA/TFR2/RBP4/NR0B2/INHBB/VSNL1/KLF7/PDX1/SYT7/SLC9B2/SOX4/ANO1/ABAT/IL1B",16
"BP","GO:0098754","detoxification","14/656","167/18986",0.0838323353293413,2.42628158317511,3.50220228313498,0.00201031850629635,0.017375150713389,0.0128959573620693,"HP/AMBP/SLC22A3/APOM/PRDX4/SLC11A1/GSTO1/ALB/CP/APOE/GSTA1/S100A9/BMP7/MT1A",14
"BP","GO:0090090","negative regulation of canonical Wnt signaling pathway","13/656","149/18986",0.087248322147651,2.52514732362089,3.53569708293891,0.00201509262482228,0.0173855331779879,0.0129036632993005,"CDH2/CTHRC1/ZNRF3/SHH/APOE/NOTUM/NKD2/IGFBP2/SOX9/NKD1/AXIN2/WNT11/FERMT1",13
"BP","GO:0009743","response to carbohydrate","18/656","243/18986",0.0740740740740741,2.14385727190605,3.39493457803824,0.00203539254427528,0.0175295931335284,0.0130105855974075,"APOA2/NR0B2/MLXIPL/KHK/VSNL1/SLC29A1/KLF7/PDX1/TREM2/GPAM/FBP1/COL1A1/SLC9B2/SOX4/ICAM1/ITGA2/ANO1/IL1B",18
"BP","GO:0023061","signal release","30/656","493/18986",0.0608519269776876,1.76118092316826,3.2395423229231,0.00204827861071477,0.0176072612784809,0.0130682314332464,"FGG/FGB/FGA/SPP1/TFR2/RBP4/AGT/NR0B2/INHBB/VSNL1/INHBA/COMT/KLF7/MIF/PDX1/TMEM132A/IL1RN/SYT7/TGM2/SLC9B2/F2R/SOX4/KCNJ8/OSM/AGTR1/ANO1/ABAT/MAOB/IL1B/FAM3B",30
"BP","GO:0033280","response to vitamin D","6/656","39/18986",0.153846153846154,4.45262664165103,4.08307804554458,0.00205164758423729,0.0176072612784809,0.0130682314332464,"SPP1/ALPL/STC2/STC1/CXCL10/BMP7",6
"BP","GO:0061333","renal tubule morphogenesis","9/656","82/18986",0.109756097560976,3.17656900654372,3.73661627043132,0.00205747157550007,0.0176261561379989,0.0130822553290229,"AGT/COL4A1/VEGFA/SHH/MYC/TACSTD2/SOX9/LGR5/WNT11",9
"BP","GO:0046032","ADP catabolic process","10/656","98/18986",0.102040816326531,2.95327277252364,3.66740552611767,0.0020622074257917,0.0176356789699515,0.0130893232409422,"MLXIPL/GALK1/ALDOB/HK3/ENO3/FBP1/DDIT4/IER3/GPD1/HKDC1",10
"BP","GO:0002449","lymphocyte mediated immunity","25/656","386/18986",0.0647668393782383,1.874486604322,3.28372159736658,0.00206706078014083,0.0176461715020444,0.0130971108710308,"HPX/FCGR3A/CFI/C5/C4BPA/HSPD1/C4BPB/C2/FCGR1A/C8G/C4B/C3/HPRT1/TREM2/CTSH/C4A/IL4I1/SERPING1/ICAM1/FCGR3B/C1R/GZMB/CLU/C1S/IL1B",25
"BP","GO:0035313","wound healing, spreading of epidermal cells","5/656","27/18986",0.185185185185185,5.35964317976513,4.28845741776262,0.00208148899204102,0.0176763096601599,0.0131194796210026,"AJUBA/LRG1/MSX2/COL5A1/FERMT1",5
"BP","GO:0042759","long-chain fatty acid biosynthetic process","5/656","27/18986",0.185185185185185,5.35964317976513,4.28845741776262,0.00208148899204102,0.0176763096601599,0.0131194796210026,"CYP2E1/CYP2C9/CYP2D6/CYP3A4/FADS1",5
"BP","GO:1903319","positive regulation of protein maturation","5/656","27/18986",0.185185185185185,5.35964317976513,4.28845741776262,0.00208148899204102,0.0176763096601599,0.0131194796210026,"F12/TFR2/HPN/NKD2/SOX4",5
"BP","GO:0051235","maintenance of location","23/656","345/18986",0.0666666666666667,1.92947154471545,3.29599869344494,0.00212809230563784,0.0180405873854246,0.0133898490750842,"APOA1/CRP/DGAT2/PLIN2/INSIG1/HILPDA/GSTO1/C3/APOE/SQLE/MSR1/TREM2/CES1/F2R/MDFI/S100A8/CCL3/CXCL10/S100A9/CXCL11/THY1/CXCL9/IL1B",23
"BP","GO:0051347","positive regulation of transferase activity","21/656","304/18986",0.0690789473684211,1.99928794929397,3.32270470199231,0.00213429599125109,0.0180617118146571,0.0134055277729657,"APOA2/APOA1/AGT/CHI3L1/TRIB3/CCND1/PROX1/DSCC1/APOE/RFC3/MIF/TREM2/TPX2/ECT2/UBE2C/UBE2S/TPD52L1/EREG/AGTR1/PLK1/IL1B",21
"BP","GO:0050714","positive regulation of protein secretion","13/656","150/18986",0.0866666666666667,2.50831300813008,3.50847796375762,0.00213852078755703,0.0180660454032162,0.0134087441924491,"FGG/FGB/FGA/RBP4/NR0B2/VSNL1/PDX1/TREM2/TMEM132A/SOX4/ANO1/ANG/ABAT",13
"BP","GO:0014075","response to amine","7/656","53/18986",0.132075471698113,3.8225379659457,3.89263781811383,0.00220593535678433,0.0185710751662847,0.0137835807851522,"CPS1/COMT/HPRT1/RGS4/ITGA2/CDK1/GLDC",7
"BP","GO:2000573","positive regulation of DNA biosynthetic process","7/656","53/18986",0.132075471698113,3.8225379659457,3.89263781811383,0.00220593535678433,0.0185710751662847,0.0137835807851522,"CCT6A/DKC1/VEGFA/DSCC1/RFC3/CYP1B1/FGFR4",7
"BP","GO:0009895","negative regulation of catabolic process","24/656","367/18986",0.0653950953678474,1.89266963514322,3.26679292432759,0.00221854584785389,0.0186321856138532,0.0138289373831592,"APOA2/APOC3/HP/APOC1/TIMP1/RGN/MET/DKC1/SLC11A1/HSP90AB1/SLC7A5/SHH/E2F1/TREM2/FBP1/TMEM132A/LEPR/DDIT4/IER3/MAD2L1/LAPTM4B/SERPINE2/AXIN2/IL1B",24
"BP","GO:0022404","molting cycle process","10/656","99/18986",0.101010101010101,2.92344173441734,3.6298704898755,0.00222468143067174,0.0186321856138532,0.0138289373831592,"INHBA/SHH/SNAI1/CDH3/FOXQ1/KRT17/MSX2/SOX9/LGR5/FERMT1",10
"BP","GO:0022405","hair cycle process","10/656","99/18986",0.101010101010101,2.92344173441734,3.6298704898755,0.00222468143067174,0.0186321856138532,0.0138289373831592,"INHBA/SHH/SNAI1/CDH3/FOXQ1/KRT17/MSX2/SOX9/LGR5/FERMT1",10
"BP","GO:0048844","artery morphogenesis","9/656","83/18986",0.108433734939759,3.13829709080223,3.69332658423022,0.00223863527914016,0.0187168372307492,0.0138917664003073,"PROX1/VEGFA/APOE/SOX4/STRA6/LDLR/FKBP10/COMP/WNT11",9
"BP","GO:0009135","purine nucleoside diphosphate metabolic process","11/656","116/18986",0.0948275862068965,2.74450693860387,3.56526432584145,0.00227100240644504,0.0189224275852081,0.0140443569872259,"MLXIPL/GALK1/ALDOB/HK3/ENO3/AK4/FBP1/DDIT4/IER3/GPD1/HKDC1",11
"BP","GO:0009179","purine ribonucleoside diphosphate metabolic process","11/656","116/18986",0.0948275862068965,2.74450693860387,3.56526432584145,0.00227100240644504,0.0189224275852081,0.0140443569872259,"MLXIPL/GALK1/ALDOB/HK3/ENO3/AK4/FBP1/DDIT4/IER3/GPD1/HKDC1",11
"BP","GO:0006730","one-carbon metabolic process","6/656","40/18986",0.15,4.34131097560976,4.00188048490014,0.00234436135813934,0.0193524579134253,0.0143635284792355,"AHCY/MTHFD1L/SHMT2/MTHFD1/CA9/ALDH1L1",6
"BP","GO:0045923","positive regulation of fatty acid metabolic process","6/656","40/18986",0.15,4.34131097560976,4.00188048490014,0.00234436135813934,0.0193524579134253,0.0143635284792355,"APOC2/RGN/MLXIPL/ELOVL5/GDF15/IL1B",6
"BP","GO:0000027","ribosomal large subunit assembly","4/656","17/18986",0.235294117647059,6.80989956958393,4.53363816449559,0.00234647557930968,0.0193524579134253,0.0143635284792355,"BOP1/NOP2/RRS1/BRIX1",4
"BP","GO:0055089","fatty acid homeostasis","4/656","17/18986",0.235294117647059,6.80989956958393,4.53363816449559,0.00234647557930968,0.0193524579134253,0.0143635284792355,"DGAT2/MLXIPL/APOE/GPAM",4
"BP","GO:0055091","phospholipid homeostasis","4/656","17/18986",0.235294117647059,6.80989956958393,4.53363816449559,0.00234647557930968,0.0193524579134253,0.0143635284792355,"APOA1/LIPG/GPAM/FABP3",4
"BP","GO:1902969","mitotic DNA replication","4/656","17/18986",0.235294117647059,6.80989956958393,4.53363816449559,0.00234647557930968,0.0193524579134253,0.0143635284792355,"MCM3/MCM2/GINS1/CDC45",4
"BP","GO:0048706","embryonic skeletal system development","12/656","134/18986",0.0895522388059701,2.59182744812523,3.4982082576607,0.00237729719957131,0.0195734825264196,0.0145275744798809,"RBP4/MTHFD1L/SHH/MTHFD1/COL1A1/MDFI/SULF1/HYAL1/COL11A1/WNT11/HOXB8/BMP7",12
"BP","GO:0019364","pyridine nucleotide catabolic process","10/656","100/18986",0.1,2.89420731707317,3.5928038312374,0.00239728995268785,0.0196715226134554,0.0146003405124203,"MLXIPL/GALK1/ALDOB/HK3/ENO3/FBP1/DDIT4/IER3/GPD1/HKDC1",10
"BP","GO:0060349","bone morphogenesis","10/656","100/18986",0.1,2.89420731707317,3.5928038312374,0.00239728995268785,0.0196715226134554,0.0146003405124203,"INSIG1/ALPL/STC1/COL1A1/CBS/MSX2/SOX9/COMP/SP5/AXIN2",10
"BP","GO:0007093","mitotic cell cycle checkpoint signaling","13/656","152/18986",0.0855263157894737,2.47530888960205,3.454692985423,0.00240406448032065,0.01969390195495,0.014616950614886,"CCND1/TRIP13/CDC6/SKA3/SPC25/NUF2/CDK1/IER3/MAD2L1/BIRC5/PLK1/CCNB1/PRAP1",13
"BP","GO:0043542","endothelial cell migration","20/656","287/18986",0.0696864111498258,2.01686921050395,3.28377084881561,0.00243286820552973,0.0198963641816935,0.0147672194837196,"APOA1/APOH/HRG/AGT/MET/PROX1/VEGFA/EPHB4/APOE/STC1/FAP/CYP1B1/PTP4A3/SPARC/S100A2/ANXA3/S100A9/LOXL2/S100P/SRPX2",20
"BP","GO:0002675","positive regulation of acute inflammatory response","5/656","28/18986",0.178571428571429,5.16822735191638,4.17551591422372,0.00246291829292933,0.0199742673556568,0.0148250397597202,"FCGR1A/C3/CREB3L3/OSM/IL1B",5
"BP","GO:0019433","triglyceride catabolic process","5/656","28/18986",0.178571428571429,5.16822735191638,4.17551591422372,0.00246291829292933,0.0199742673556568,0.0148250397597202,"APOC2/APOC3/CPS1/LIPC/LIPG",5
"BP","GO:0060512","prostate gland morphogenesis","5/656","28/18986",0.178571428571429,5.16822735191638,4.17551591422372,0.00246291829292933,0.0199742673556568,0.0148250397597202,"SHH/SOX9/SULF1/BMP7/SERPINB5",5
"BP","GO:0060586","multicellular organismal-level iron ion homeostasis","5/656","28/18986",0.178571428571429,5.16822735191638,4.17551591422372,0.00246291829292933,0.0199742673556568,0.0148250397597202,"TF/HAMP/TFR2/SLC11A1/TMPRSS6",5
"BP","GO:1902221","erythrose 4-phosphate/phosphoenolpyruvate family amino acid metabolic process","5/656","28/18986",0.178571428571429,5.16822735191638,4.17551591422372,0.00246291829292933,0.0199742673556568,0.0148250397597202,"PAH/TDO2/FAH/KYNU/IL4I1",5
"BP","GO:0010948","negative regulation of cell cycle process","22/656","329/18986",0.0668693009118541,1.93533619986656,3.23758197966923,0.00253397110208339,0.0205163117849214,0.0152273488943832,"ATF5/NPM1/CCND1/PROX1/INHBA/E2F1/TRIP13/CDC6/SKA3/PKMYT1/SPC25/NUF2/CDC45/CDK1/IER3/MAD2L1/BIRC5/NEK2/PLK1/CCNB1/BMP7/PRAP1",22
"BP","GO:0051302","regulation of cell division","15/656","190/18986",0.0789473684210526,2.28490051347882,3.36736018762738,0.00254499049246668,0.0205371869591093,0.0152428425934419,"VEGFA/SHH/MYC/MACC1/CDC6/ECT2/KIF20A/CDC25B/OSM/IGF2/EREG/AURKA/BIRC5/PLK1/IL1B",15
"BP","GO:0061138","morphogenesis of a branching epithelium","15/656","190/18986",0.0789473684210526,2.28490051347882,3.36736018762738,0.00254499049246668,0.0205371869591093,0.0152428425934419,"AGT/MET/PROX1/COL4A1/VEGFA/SHH/MYC/TACSTD2/CTSH/TGM2/MSX2/SOX9/SULF1/AREG/BMP7",15
"BP","GO:0010639","negative regulation of organelle organization","24/656","371/18986",0.0646900269541779,1.87226349352442,3.20980847192106,0.0025528365748818,0.020566395320157,0.0152645212415815,"MET/SPTBN2/NPM1/TACSTD2/TRIP13/TPX2/BOK/BNIP3/MCM2/SKA3/CKAP2/SPC25/RHPN1/NUF2/DIAPH3/IER3/MAD2L1/BIRC5/PLK1/CCNB1/TOP2A/CLU/BMP7/PRAP1",24
"BP","GO:0009137","purine nucleoside diphosphate catabolic process","10/656","101/18986",0.099009900990099,2.86555179908235,3.55619438957273,0.00258048160937021,0.0206863649278343,0.0153535635164297,"MLXIPL/GALK1/ALDOB/HK3/ENO3/FBP1/DDIT4/IER3/GPD1/HKDC1",10
"BP","GO:0009181","purine ribonucleoside diphosphate catabolic process","10/656","101/18986",0.099009900990099,2.86555179908235,3.55619438957273,0.00258048160937021,0.0206863649278343,0.0153535635164297,"MLXIPL/GALK1/ALDOB/HK3/ENO3/FBP1/DDIT4/IER3/GPD1/HKDC1",10
"BP","GO:0120162","positive regulation of cold-induced thermogenesis","10/656","101/18986",0.099009900990099,2.86555179908235,3.55619438957273,0.00258048160937021,0.0206863649278343,0.0153535635164297,"CEBPB/PEMT/ACSL1/G0S2/GATM/ALPL/SCD/VEGFA/GRB10/LEPR",10
"BP","GO:0048568","embryonic organ development","28/656","458/18986",0.0611353711790393,1.7693843859836,3.15310057936991,0.00266200382019751,0.0212780951999503,0.0157927498282453,"RBP4/HPN/CEBPB/MTHFD1L/TEAD4/PPIL1/PROX1/INSIG1/CTHRC1/VEGFA/SHH/SNAI1/COL18A1/MTHFD1/ASCL2/SPARC/MDFI/IGF2/STRA6/SOX9/PHLDA2/TTPA/HYAL1/PTK7/COL11A1/WNT11/HOXB8/BMP7",28
"BP","GO:0044060","regulation of endocrine process","6/656","41/18986",0.146341463414634,4.2354253420583,3.92330430091581,0.00266741431811954,0.0212780951999503,0.0157927498282453,"SPP1/AGT/INHBB/INHBA/F2R/AGTR1",6
"BP","GO:0150077","regulation of neuroinflammatory response","6/656","41/18986",0.146341463414634,4.2354253420583,3.92330430091581,0.00266741431811954,0.0212780951999503,0.0157927498282453,"TREM2/SPHK1/MMP9/LDLR/CCL3/IL1B",6
"BP","GO:0010883","regulation of lipid storage","7/656","55/18986",0.127272727272727,3.68353658536585,3.77031881611172,0.00273689961065578,0.0217610351396259,0.0161511912008256,"CRP/PLIN2/HILPDA/C3/MSR1/TREM2/CES1",7
"BP","GO:0071320","cellular response to cAMP","7/656","55/18986",0.127272727272727,3.68353658536585,3.77031881611172,0.00273689961065578,0.0217610351396259,0.0161511912008256,"AQP9/CPS1/INHBB/STC1/CYP1B1/FBP1/GPD1",7
"BP","GO:0030072","peptide hormone secretion","18/656","250/18986",0.072,2.08382926829268,3.26338586547317,0.00276863168749277,0.0219774254344859,0.0163117975784111,"FGG/FGB/FGA/TFR2/RBP4/NR0B2/INHBB/VSNL1/KLF7/PDX1/IL1RN/SYT7/SLC9B2/SOX4/ANO1/ABAT/IL1B/FAM3B",18
"BP","GO:0060070","canonical Wnt signaling pathway","22/656","332/18986",0.0662650602409639,1.91784822215692,3.19175769886952,0.00282986963352133,0.0224269472910664,0.0166454358179525,"CDH2/CTHRC1/ZNRF3/SHH/SNAI1/CDH3/APOE/RUVBL1/TCF7/COL1A1/NOTUM/NKD2/SOX4/IGFBP2/SOX9/LGR5/NKD1/PLEKHA4/PTK7/AXIN2/WNT11/FERMT1",22
"BP","GO:0150076","neuroinflammatory response","9/656","86/18986",0.104651162790698,3.02882161089053,3.56728800718992,0.00285928843514857,0.0226232480088341,0.016791131572092,"TREM2/KCNJ8/SPHK1/C5AR1/MMP9/LDLR/CCL3/CLU/IL1B",9
"BP","GO:0006656","phosphatidylcholine biosynthetic process","5/656","29/18986",0.172413793103448,4.9900126156434,4.067845509188,0.0028926382306824,0.0227392207277876,0.0168772073284097,"APOA2/APOA1/PEMT/LCAT/FABP3",5
"BP","GO:0010039","response to iron ion","5/656","29/18986",0.172413793103448,4.9900126156434,4.067845509188,0.0028926382306824,0.0227392207277876,0.0168772073284097,"TF/HAMP/TFR2/PDX1/ABAT",5
"BP","GO:0015721","bile acid and bile salt transport","5/656","29/18986",0.172413793103448,4.9900126156434,4.067845509188,0.0028926382306824,0.0227392207277876,0.0168772073284097,"AQP9/SLC27A5/NR0B2/SLCO1B3/AKR1C1",5
"BP","GO:0032801","receptor catabolic process","5/656","29/18986",0.172413793103448,4.9900126156434,4.067845509188,0.0028926382306824,0.0227392207277876,0.0168772073284097,"HAMP/ZNRF3/APOE/PCSK9/RNF43",5
"BP","GO:0002921","negative regulation of humoral immune response","4/656","18/18986",0.222222222222222,6.43157181571816,4.36141081458275,0.00293526660257318,0.0228894347566043,0.0169886972223829,"C4BPA/C4BPB/SERPING1/MASP1",4
"BP","GO:0002923","regulation of humoral immune response mediated by circulating immunoglobulin","4/656","18/18986",0.222222222222222,6.43157181571816,4.36141081458275,0.00293526660257318,0.0228894347566043,0.0169886972223829,"HPX/C4BPA/C4BPB/TREM2",4
"BP","GO:0042159","lipoprotein catabolic process","4/656","18/18986",0.222222222222222,6.43157181571816,4.36141081458275,0.00293526660257318,0.0228894347566043,0.0169886972223829,"APOC2/APOE/NOTUM/LDLR",4
"BP","GO:0044539","long-chain fatty acid import into cell","4/656","18/18986",0.222222222222222,6.43157181571816,4.36141081458275,0.00293526660257318,0.0228894347566043,0.0169886972223829,"SLC27A5/ACSL1/SLC2A1/FABP3",4
"BP","GO:0046653","tetrahydrofolate metabolic process","4/656","18/18986",0.222222222222222,6.43157181571816,4.36141081458275,0.00293526660257318,0.0228894347566043,0.0169886972223829,"MTHFD1L/SHMT2/MTHFD1/ALDH1L1",4
"BP","GO:1902749","regulation of cell cycle G2/M phase transition","11/656","120/18986",0.0916666666666667,2.65302337398374,3.43641566820679,0.00296421782565436,0.0230782143034146,0.017128810711276,"ATF5/NPM1/CCND1/CDC6/CDC25B/PKMYT1/CDK1/AURKA/IER3/PLK1/CCNB1",11
"BP","GO:0072526","pyridine-containing compound catabolic process","10/656","103/18986",0.0970873786407767,2.80991001657589,3.4843043834264,0.00298045708072195,0.0231675785220336,0.0171951374541063,"MLXIPL/GALK1/ALDOB/HK3/ENO3/FBP1/DDIT4/IER3/GPD1/HKDC1",10
"BP","GO:0007162","negative regulation of cell adhesion","21/656","314/18986",0.0668789808917197,1.93561635855212,3.16259222666977,0.00313214444954788,0.0243078387424242,0.0180414464977735,"APOA1/FGL1/HRG/KNG1/CBFB/CEBPB/SERPINE1/TGFBI/VEGFA/SHH/TACSTD2/CYP1B1/SDC4/ASCL2/IL4I1/COL1A1/IL1RN/RND1/FXYD5/SERPINE2/POSTN",21
"BP","GO:0009191","ribonucleoside diphosphate catabolic process","10/656","104/18986",0.0961538461538462,2.78289165103189,3.44900331829574,0.00319818568555067,0.0247808464106522,0.0183925160696017,"MLXIPL/GALK1/ALDOB/HK3/ENO3/FBP1/DDIT4/IER3/GPD1/HKDC1",10
"BP","GO:0097305","response to alcohol","19/656","275/18986",0.0690909090909091,1.99963414634146,3.15889301976518,0.00338789074406556,0.0262090244207043,0.0194525196935636,"CLDN1/NR0B2/INHBB/INHBA/COMT/LRP8/CYP1B1/CES1/FBP1/RGS4/FOSL1/UGT1A1/GRAMD1A/CDK1/S100A8/IGFBP7/CCL3/ABAT/MAOB",19
"BP","GO:0051281","positive regulation of release of sequestered calcium ion into cytosol","6/656","43/18986",0.13953488372093,4.0384288145207,3.77341787221693,0.00341218549413453,0.026355070816601,0.0195609163414797,"GSTO1/F2R/CXCL10/CXCL11/THY1/CXCL9",6
"BP","GO:0015914","phospholipid transport","10/656","105/18986",0.0952380952380952,2.75638792102207,3.4141184386806,0.00342838647779294,0.0263964060141462,0.0195915956117714,"APOA2/APOC2/APOC3/APOA1/APOC1/ATP11A/GLTPD2/APOE/LDLR/PRAP1",10
"BP","GO:0061326","renal tubule development","10/656","105/18986",0.0952380952380952,2.75638792102207,3.4141184386806,0.00342838647779294,0.0263964060141462,0.0195915956117714,"AGT/COL4A1/VEGFA/SHH/MYC/TACSTD2/HEYL/SOX9/LGR5/WNT11",10
"BP","GO:0046718","symbiont entry into host cell","13/656","159/18986",0.0817610062893082,2.36633302653781,3.27295892388391,0.00355464407887225,0.0273252734404303,0.0202810074575716,"FCN3/CLDN1/IFITM3/LY6E/CTSB/SLC7A1/ICAM1/ITGA2/CDK1/LDLR/AGTR1/IFITM1/IFITM2",13
"BP","GO:0071453","cellular response to oxygen levels","14/656","178/18986",0.0786516853932584,2.27634283365306,3.23654779914463,0.00360582120541572,0.027508240456776,0.020416806846042,"AJUBA/HILPDA/VEGFA/INHBA/STC2/MYC/SLC29A1/STC1/PMAIP1/TREM2/AK4/BNIP3/CBS/BMP7",14
"BP","GO:0033627","cell adhesion mediated by integrin","9/656","89/18986",0.101123595505618,2.92672650041107,3.4466297351682,0.00360855789680014,0.027508240456776,0.020416806846042,"VTN/HRG/ITGBL1/SERPINE1/TESC/CYP1B1/ICAM1/ITGA2/FERMT1",9
"BP","GO:0002524","hypersensitivity","4/656","19/18986",0.210526315789474,6.09306803594352,4.20177646411014,0.00361752913201819,0.027508240456776,0.020416806846042,"FCGR3A/FCGR1A/C3/FCGR3B",4
"BP","GO:0006144","purine nucleobase metabolic process","4/656","19/18986",0.210526315789474,6.09306803594352,4.20177646411014,0.00361752913201819,0.027508240456776,0.020416806846042,"TTR/HPRT1/PAICS/PPAT",4
"BP","GO:0007096","regulation of exit from mitosis","4/656","19/18986",0.210526315789474,6.09306803594352,4.20177646411014,0.00361752913201819,0.027508240456776,0.020416806846042,"ANLN/UBE2C/CDCA5/BIRC5",4
"BP","GO:0009168","purine ribonucleoside monophosphate biosynthetic process","4/656","19/18986",0.210526315789474,6.09306803594352,4.20177646411014,0.00361752913201819,0.027508240456776,0.020416806846042,"HPRT1/PAICS/PPAT/IMPDH1",4
"BP","GO:0000086","G2/M transition of mitotic cell cycle","12/656","141/18986",0.0851063829787234,2.46315516346653,3.29896613697143,0.00361801765152828,0.027508240456776,0.020416806846042,"CCND1/CDC6/CDC25B/PKMYT1/TPD52L1/CDK1/AURKA/IER3/BIRC5/MELK/PLK1/CCNB1",12
"BP","GO:0006879","intracellular iron ion homeostasis","8/656","73/18986",0.10958904109589,3.17173404610758,3.5169309896011,0.00362458638852029,0.0275151908994379,0.0204219655127894,"HPX/TF/HAMP/TFR2/SLC11A1/CP/MYC/TMPRSS6",8
"BP","GO:0001701","in utero embryonic development","25/656","403/18986",0.0620347394540943,1.79541396840767,3.05326016056418,0.00364056693456195,0.027593455924577,0.0204800543572423,"CEBPB/PEMT/BYSL/ATP11A/TEAD4/EIF2S2/VEGFA/SNAI1/RCN1/ASCL2/FOSL1/ETNK2/GINS1/MDFI/IGF2/JAG2/DIAPH3/RRM2/TM4SF1/FKBP10/NEK2/PHLDA2/TTPA/CCNB1/BMP7",25
"BP","GO:0015804","neutral amino acid transport","7/656","58/18986",0.120689655172414,3.49300883095038,3.59717393596223,0.00371061280486484,0.0279935533464687,0.0207770094385822,"SLC6A6/SLC7A5/MFSD12/SLC1A3/SLC38A4/RGS4/SLC43A1",7
"BP","GO:0019369","arachidonate metabolic process","7/656","58/18986",0.120689655172414,3.49300883095038,3.59717393596223,0.00371061280486484,0.0279935533464687,0.0207770094385822,"CYP2E1/CYP2C9/CYP2D6/CYP4F3/CYP2B6/CYP1B1/CYP4F2",7
"BP","GO:0072132","mesenchyme morphogenesis","7/656","58/18986",0.120689655172414,3.49300883095038,3.59717393596223,0.00371061280486484,0.0279935533464687,0.0207770094385822,"SNAI1/MYC/HEYL/MSX2/SOX9/WNT11/BMP7",7
"BP","GO:0030324","lung development","15/656","198/18986",0.0757575757575758,2.19258130081301,3.19121674998807,0.00376234477366804,0.0283398911279701,0.0210340637419831,"RBP4/HSD11B1/CHI3L1/PROX1/ADAMTSL2/ADAMTS2/VEGFA/SHH/CTSH/ERRFI1/SIM2/STRA6/SOX9/PTK7/WNT11",15
"BP","GO:0014002","astrocyte development","6/656","44/18986",0.136363636363636,3.94664634146341,3.70183813198654,0.0038377824127134,0.0288189031176904,0.021389589762865,"TREM2/C5AR1/S100A8/LDLR/S100A9/IL1B",6
"BP","GO:1900744","regulation of p38MAPK cascade","6/656","44/18986",0.136363636363636,3.94664634146341,3.70183813198654,0.0038377824127134,0.0288189031176904,0.021389589762865,"VEGFA/DUSP10/TREM2/SPHK1/GADD45B/IL1B",6
"BP","GO:0034284","response to monosaccharide","16/656","218/18986",0.073394495412844,2.12418885656746,3.15816279820289,0.0038496766571222,0.0288636773706574,0.0214228215239417,"APOA2/NR0B2/MLXIPL/KHK/VSNL1/SLC29A1/KLF7/PDX1/TREM2/GPAM/COL1A1/SLC9B2/SOX4/ICAM1/ITGA2/ANO1",16
"BP","GO:0048145","regulation of fibroblast proliferation","9/656","90/18986",0.1,2.89420731707317,3.40753097578659,0.00388986632421252,0.0290498931959137,0.0215610322009172,"AGT/FN1/MYC/E2F1/MIF/CDC6/SPHK1/EREG/CCNB1",9
"BP","GO:0048708","astrocyte differentiation","9/656","90/18986",0.1,2.89420731707317,3.40753097578659,0.00388986632421252,0.0290498931959137,0.0215610322009172,"SHH/TREM2/C5AR1/S100A8/LDLR/SOX9/S100A9/SERPINE2/IL1B",9
"BP","GO:0014850","response to muscle activity","5/656","31/18986",0.161290322580645,4.66807631785995,3.86663611928886,0.00391033293122143,0.0290498931959137,0.0215610322009172,"AGT/FN1/SLC7A5/ITGA2/POSTN",5
"BP","GO:0098868","bone growth","5/656","31/18986",0.161290322580645,4.66807631785995,3.86663611928886,0.00391033293122143,0.0290498931959137,0.0215610322009172,"STC1/LEPR/MSX2/SOX9/COMP",5
"BP","GO:1902751","positive regulation of cell cycle G2/M phase transition","5/656","31/18986",0.161290322580645,4.66807631785995,3.86663611928886,0.00391033293122143,0.0290498931959137,0.0215610322009172,"NPM1/CCND1/CDC25B/CDK1/CCNB1",5
"BP","GO:1903901","negative regulation of viral life cycle","5/656","31/18986",0.161290322580645,4.66807631785995,3.86663611928886,0.00391033293122143,0.0290498931959137,0.0215610322009172,"FCN3/IFITM3/LY6E/IFITM1/IFITM2",5
"BP","GO:0043410","positive regulation of MAPK cascade","28/656","472/18986",0.0593220338983051,1.71690264572137,2.98371296016322,0.00404290162783313,0.029879795592921,0.022176991515632,"FGG/FGB/FGA/SERPINF2/MARCO/CHI3L1/CDH2/RIPK2/VEGFA/INHBA/UNC5CL/APOE/MIF/GDF15/TREM2/IQGAP3/F2R/TPD52L1/OSM/SPHK1/IGF2/C5AR1/FGFR4/ICAM1/CCL3/NKD1/GADD45B/IL1B",28
"BP","GO:0019748","secondary metabolic process","7/656","59/18986",0.11864406779661,3.43380529144275,3.5419867618976,0.00408746731592155,0.029879795592921,0.022176991515632,"CYP2D6/CDH3/CYP3A4/MFSD12/AKR1C1/CYP1B1/CYP2W1",7
"BP","GO:0001788","antibody-dependent cellular cytotoxicity","3/656","10/18986",0.3,8.68262195121951,4.59709115002013,0.00410801135463711,0.029879795592921,0.022176991515632,"FCGR3A/FCGR1A/FCGR3B",3
"BP","GO:0015911","long-chain fatty acid import across plasma membrane","3/656","10/18986",0.3,8.68262195121951,4.59709115002013,0.00410801135463711,0.029879795592921,0.022176991515632,"SLC27A5/ACSL1/SLC2A1",3
"BP","GO:0018158","protein oxidation","3/656","10/18986",0.3,8.68262195121951,4.59709115002013,0.00410801135463711,0.029879795592921,0.022176991515632,"APOA2/APOA1/LOXL2",3
"BP","GO:0031055","chromatin remodeling at centromere","3/656","10/18986",0.3,8.68262195121951,4.59709115002013,0.00410801135463711,0.029879795592921,0.022176991515632,"CENPN/HJURP/CENPW",3
"BP","GO:0034080","CENP-A containing chromatin assembly","3/656","10/18986",0.3,8.68262195121951,4.59709115002013,0.00410801135463711,0.029879795592921,0.022176991515632,"CENPN/HJURP/CENPW",3
"BP","GO:0036109","alpha-linolenic acid metabolic process","3/656","10/18986",0.3,8.68262195121951,4.59709115002013,0.00410801135463711,0.029879795592921,0.022176991515632,"ELOVL5/FADS1/FADS2",3
"BP","GO:0042368","vitamin D biosynthetic process","3/656","10/18986",0.3,8.68262195121951,4.59709115002013,0.00410801135463711,0.029879795592921,0.022176991515632,"SNAI1/CYP3A4/CYP27A1",3
"BP","GO:0044650","adhesion of symbiont to host cell","3/656","10/18986",0.3,8.68262195121951,4.59709115002013,0.00410801135463711,0.029879795592921,0.022176991515632,"INHBB/HSP90AB1/ICAM1",3
"BP","GO:0070989","oxidative demethylation","3/656","10/18986",0.3,8.68262195121951,4.59709115002013,0.00410801135463711,0.029879795592921,0.022176991515632,"CYP2C9/CYP2D6/CYP3A4",3
"BP","GO:0071314","cellular response to cocaine","3/656","10/18986",0.3,8.68262195121951,4.59709115002013,0.00410801135463711,0.029879795592921,0.022176991515632,"COMT/SLC1A3/TGM2",3
"BP","GO:0072203","cell proliferation involved in metanephros development","3/656","10/18986",0.3,8.68262195121951,4.59709115002013,0.00410801135463711,0.029879795592921,0.022176991515632,"SHH/MYC/BMP7",3
"BP","GO:0150172","regulation of phosphatidylcholine metabolic process","3/656","10/18986",0.3,8.68262195121951,4.59709115002013,0.00410801135463711,0.029879795592921,0.022176991515632,"APOC1/LDLR/FABP3",3
"BP","GO:0000302","response to reactive oxygen species","15/656","200/18986",0.075,2.17065548780488,3.14849445031962,0.00413146699748993,0.0300055498653523,0.0222703272087792,"HP/AMBP/MET/TRAP1/APOE/CYP1B1/ECT2/FOSL1/COL1A1/BNIP3/SPHK1/CDK1/AREG/HYAL1/BMP7",15
"BP","GO:0008637","apoptotic mitochondrial changes","10/656","108/18986",0.0925925925925926,2.67982158988257,3.31186811137454,0.00419880927655399,0.0303587012477143,0.0225324386139935,"HSPD1/PMAIP1/BOK/GGCT/BNIP3/MMP9/IER3/BCL2A1/CLU/IFI6",10
"BP","GO:0009134","nucleoside diphosphate catabolic process","10/656","108/18986",0.0925925925925926,2.67982158988257,3.31186811137454,0.00419880927655399,0.0303587012477143,0.0225324386139935,"MLXIPL/GALK1/ALDOB/HK3/ENO3/FBP1/DDIT4/IER3/GPD1/HKDC1",10
"BP","GO:0042274","ribosomal small subunit biogenesis","10/656","108/18986",0.0925925925925926,2.67982158988257,3.31186811137454,0.00419880927655399,0.0303587012477143,0.0225324386139935,"RCL1/PNO1/BYSL/WDR43/NOP58/NPM1/DCAF13/RRP9/RRS1/RPP40",10
"BP","GO:0045787","positive regulation of cell cycle","23/656","365/18986",0.063013698630137,1.82374707651186,3.00617879058383,0.00427722526518576,0.0307807860246155,0.0228457128627113,"NPM1/CCND1/PROX1/EIF4EBP1/CDC6/ECT2/FOSL1/UBE2C/CDCA5/SKA3/CDC25B/SPHK1/IGF2/EREG/MSX2/RRM2/CDK1/AURKA/MAD2L1/BIRC5/CCNB1/IL1B/PRAP1",23
"BP","GO:0010721","negative regulation of cell development","19/656","281/18986",0.0676156583629893,1.95693733182883,3.05726996060817,0.00427921031887079,0.0307807860246155,0.0228457128627113,"SPP1/CBFB/TNFRSF11B/PROX1/VEGFA/INHBA/SHH/MYC/DUSP10/FSTL3/TREM2/ASCL2/LDLR/CCL3/TTPA/TNFAIP6/THY1/IL1B/BMP7",19
"BP","GO:0001101","response to acid chemical","12/656","144/18986",0.0833333333333333,2.41183943089431,3.21720726905225,0.00428886562168476,0.0307807860246155,0.0228457128627113,"CPS1/CEBPB/COL4A1/VEGFA/SLC7A5/GRIN2D/IPO5/COL18A1/PDX1/COL1A1/COL5A2/COL1A2",12
"BP","GO:0003044","regulation of systemic arterial blood pressure mediated by a chemical signal","6/656","45/18986",0.133333333333333,3.85894308943089,3.63233840952228,0.00430146619332892,0.0307807860246155,0.0228457128627113,"SERPINF2/AGT/ENPEP/COMT/F2R/AGTR1",6
"BP","GO:0010463","mesenchymal cell proliferation","6/656","45/18986",0.133333333333333,3.85894308943089,3.63233840952228,0.00430146619332892,0.0307807860246155,0.0228457128627113,"SHH/MYC/CHRD/SOX9/WNT11/BMP7",6
"BP","GO:0071402","cellular response to lipoprotein particle stimulus","6/656","45/18986",0.133333333333333,3.85894308943089,3.63233840952228,0.00430146619332892,0.0307807860246155,0.0228457128627113,"APOA2/APOA1/APOE/TREM2/CES1/LDLR",6
"BP","GO:1990000","amyloid fibril formation","6/656","45/18986",0.133333333333333,3.85894308943089,3.63233840952228,0.00430146619332892,0.0307807860246155,0.0228457128627113,"PFDN4/APOE/PFDN2/TREM2/LDLR/CLU",6
"BP","GO:0010811","positive regulation of cell-substrate adhesion","11/656","126/18986",0.0873015873015873,2.52668892760356,3.25267725019764,0.00431357107899886,0.030822080573287,0.0228763619631271,"APOA1/FGG/VTN/FGB/FGA/HRG/VEGFA/FN1/SDC4/THY1/FERMT1",11
"BP","GO:0043651","linoleic acid metabolic process","4/656","20/18986",0.2,5.78841463414634,4.05317039718854,0.00439986531561642,0.0312095402708302,0.0231639372378087,"ELOVL5/FADS1/GSTA1/FADS2",4
"BP","GO:0051797","regulation of hair follicle development","4/656","20/18986",0.2,5.78841463414634,4.05317039718854,0.00439986531561642,0.0312095402708302,0.0231639372378087,"CDH3/KRT17/MSX2/FERMT1",4
"BP","GO:0097254","renal tubular secretion","4/656","20/18986",0.2,5.78841463414634,4.05317039718854,0.00439986531561642,0.0312095402708302,0.0231639372378087,"AGT/COMT/STC1/AGTR1",4
"BP","GO:1900221","regulation of amyloid-beta clearance","4/656","20/18986",0.2,5.78841463414634,4.05317039718854,0.00439986531561642,0.0312095402708302,0.0231639372378087,"APOE/TREM2/TTPA/CLU",4
"BP","GO:1903978","regulation of microglial cell activation","4/656","20/18986",0.2,5.78841463414634,4.05317039718854,0.00439986531561642,0.0312095402708302,0.0231639372378087,"TREM2/SPHK1/LDLR/CCL3",4
"BP","GO:0038066","p38MAPK cascade","7/656","60/18986",0.116666666666667,3.37657520325203,3.48797815831962,0.00449259950546866,0.0317698941967358,0.0235798358078613,"VEGFA/DUSP10/TREM2/KCNJ8/SPHK1/GADD45B/IL1B",7
"BP","GO:0060350","endochondral bone morphogenesis","7/656","60/18986",0.116666666666667,3.37657520325203,3.48797815831962,0.00449259950546866,0.0317698941967358,0.0235798358078613,"ALPL/STC1/COL1A1/CBS/SOX9/COMP/AXIN2",7
"BP","GO:0006734","NADH metabolic process","5/656","32/18986",0.15625,4.52219893292683,3.77237119597875,0.00450497883184293,0.0317698941967358,0.0235798358078613,"ALDOB/HK3/ENO3/GPD1/PC",5
"BP","GO:0010458","exit from mitosis","5/656","32/18986",0.15625,4.52219893292683,3.77237119597875,0.00450497883184293,0.0317698941967358,0.0235798358078613,"ANLN/UBE2C/UBE2S/CDCA5/BIRC5",5
"BP","GO:0030323","respiratory tube development","15/656","202/18986",0.0742574257425743,2.14916384931176,3.10627276043392,0.00452961757018022,0.0318814046430853,0.0236625996345049,"RBP4/HSD11B1/CHI3L1/PROX1/ADAMTSL2/ADAMTS2/VEGFA/SHH/CTSH/ERRFI1/SIM2/STRA6/SOX9/PTK7/WNT11",15
"BP","GO:0016055","Wnt signaling pathway","28/656","476/18986",0.0588235294117647,1.70247489239598,2.93634486870033,0.00453389478278155,0.0318814046430853,0.0236625996345049,"CDH2/CCND1/CTHRC1/ZNRF3/SHH/SNAI1/CDH3/APOE/RUVBL1/TCF7/GRB10/TMEM132A/COL1A1/NOTUM/NKD2/SOX4/MDFI/IGFBP2/SOX9/SULF1/LGR5/RNF43/NKD1/PLEKHA4/PTK7/AXIN2/WNT11/FERMT1",28
"BP","GO:0044409","symbiont entry into host","13/656","164/18986",0.0792682926829268,2.29418872694825,3.14892734281128,0.00462283689280604,0.0324131474357265,0.0240572628230206,"FCN3/CLDN1/IFITM3/LY6E/CTSB/SLC7A1/ICAM1/ITGA2/CDK1/LDLR/AGTR1/IFITM1/IFITM2",13
"BP","GO:2001236","regulation of extrinsic apoptotic signaling pathway","13/656","164/18986",0.0792682926829268,2.29418872694825,3.14892734281128,0.00462283689280604,0.0324131474357265,0.0240572628230206,"FGG/FGB/FGA/AGT/TNFRSF12A/SERPINE1/G0S2/GRINA/INHBA/PMAIP1/ICAM1/IFI6/IL1B",13
"BP","GO:0061077","chaperone-mediated protein folding","8/656","76/18986",0.105263157894737,3.04653401797176,3.38186282396924,0.00464737895573882,0.0324915890784843,0.0241154827542951,"CCT6A/PFDN4/HSPE1/TRAP1/HSP90AB1/HSPH1/PFDN2/CLU",8
"BP","GO:0090307","mitotic spindle assembly","8/656","76/18986",0.105263157894737,3.04653401797176,3.38186282396924,0.00464737895573882,0.0324915890784843,0.0241154827542951,"UHRF1/TPX2/MZT1/MYBL2/BIRC5/NEK2/KIFC1/PLK1",8
"BP","GO:1901990","regulation of mitotic cell cycle phase transition","23/656","368/18986",0.0625,1.80887957317073,2.96426654471067,0.00471897359779697,0.0329447998950933,0.0244518589655537,"CCND1/INHBA/UBD/ANLN/E2F1/TRIP13/CDC6/UBE2C/CDCA5/SKA3/CDC25B/PKMYT1/SPC25/NUF2/RRM2/CDK1/AURKA/IER3/MAD2L1/BIRC5/PLK1/CCNB1/PRAP1",23
"BP","GO:0048259","regulation of receptor-mediated endocytosis","11/656","128/18986",0.0859375,2.48720941310976,3.19378210114249,0.00485854814354087,0.033870623590931,0.0251390117335073,"APOC2/APOC3/VTN/APOC1/TF/HAMP/SERPINE1/VEGFA/C3/PCSK9/CLU",11
"BP","GO:0043030","regulation of macrophage activation","7/656","61/18986",0.114754098360656,3.32122151139544,3.43510129379972,0.00492731019319705,0.0343008460659468,0.0254583258382035,"HAMP/HSPD1/MIF/TREM2/SPHK1/LDLR/CCL3",7
"BP","GO:2001234","negative regulation of apoptotic signaling pathway","17/656","244/18986",0.069672131147541,2.01645591763295,3.02309282786033,0.00497530807494839,0.0345854987038555,0.0256695970002225,"FGG/FGB/FGA/SERPINE1/GRINA/TRAP1/SNAI1/MIF/PDX1/BOK/MMP9/ICAM1/IER3/PYCR1/CLU/IFI6/IL1B",17
"BP","GO:1901654","response to ketone","16/656","224/18986",0.0714285714285714,2.06729094076655,3.03978770738558,0.004998362042682,0.0346961907270907,0.0257517533875545,"CLDN1/SPP1/CPS1/INHBA/COMT/CYP1B1/ABHD2/CA9/ERRFI1/FBP1/FOSL1/DDIT4/IGFBP7/AXIN2/MAOB/POSTN",16
"BP","GO:0046470","phosphatidylcholine metabolic process","8/656","77/18986",0.103896103896104,3.00696864111498,3.33831763222365,0.00503331047253809,0.0348890153267384,0.0258948691427173,"APOA2/APOA1/APOC1/PEMT/LIPC/LCAT/LDLR/FABP3",8
"BP","GO:0003279","cardiac septum development","10/656","111/18986",0.0900900900900901,2.6073939793452,3.2130414963413,0.00509976969846551,0.0352994016397342,0.0261994607103918,"PROX1/FGFRL1/HEYL/SOX4/KCNJ8/MSX2/STRA6/PTK7/WNT11/BMP7",10
"BP","GO:0009154","purine ribonucleotide catabolic process","11/656","129/18986",0.0852713178294574,2.46792871998487,3.16475073996778,0.005150756958988,0.0355227123167181,0.0263652034435849,"MLXIPL/GALK1/ALDOB/HPRT1/HK3/ENO3/FBP1/DDIT4/IER3/GPD1/HKDC1",11
"BP","GO:0010464","regulation of mesenchymal cell proliferation","5/656","33/18986",0.151515151515152,4.38516260162602,3.68191290254234,0.00516123255403199,0.0355227123167181,0.0263652034435849,"SHH/MYC/CHRD/SOX9/WNT11",5
"BP","GO:0042573","retinoic acid metabolic process","5/656","33/18986",0.151515151515152,4.38516260162602,3.68191290254234,0.00516123255403199,0.0355227123167181,0.0263652034435849,"CYP3A4/UGT1A1/RBP1/ADH6/CYP2W1",5
"BP","GO:0071634","regulation of transforming growth factor beta production","5/656","33/18986",0.151515151515152,4.38516260162602,3.68191290254234,0.00516123255403199,0.0355227123167181,0.0263652034435849,"SERPINF2/FN1/LAPTM4B/WNT11/FERMT1",5
"BP","GO:1901991","negative regulation of mitotic cell cycle phase transition","15/656","205/18986",0.0731707317073171,2.11771267102915,3.0438534326828,0.00518487213685593,0.0355739144878228,0.0264032060500833,"CCND1/INHBA/TRIP13/CDC6/SKA3/PKMYT1/SPC25/NUF2/CDK1/IER3/MAD2L1/BIRC5/PLK1/CCNB1/PRAP1",15
"BP","GO:0000281","mitotic cytokinesis","9/656","94/18986",0.0957446808510638,2.77104955889984,3.25635436928239,0.00519060404569548,0.0355739144878228,0.0264032060500833,"RTKN/ANLN/ECT2/IQGAP3/KIF20A/CKAP2/CEP55/BIRC5/PLK1",9
"BP","GO:0046889","positive regulation of lipid biosynthetic process","9/656","94/18986",0.0957446808510638,2.77104955889984,3.25635436928239,0.00519060404569548,0.0355739144878228,0.0264032060500833,"APOC2/RGN/MLXIPL/ELOVL5/APOE/CCDC3/LDLR/FABP3/IL1B",9
"BP","GO:0060541","respiratory system development","16/656","225/18986",0.0711111111111111,2.05810298102981,3.0204189977343,0.00521447297785459,0.0356872370045576,0.0264873148079341,"RBP4/HSD11B1/CHI3L1/PROX1/ADAMTSL2/ADAMTS2/VEGFA/SHH/CTSH/FGFRL1/ERRFI1/SIM2/STRA6/SOX9/PTK7/WNT11",16
"BP","GO:0002544","chronic inflammatory response","4/656","21/18986",0.19047619047619,5.51277584204413,3.91428977759504,0.00528862010694071,0.0357919686236071,0.0265650473419421,"CEBPB/VNN1/S100A8/S100A9",4
"BP","GO:0009127","purine nucleoside monophosphate biosynthetic process","4/656","21/18986",0.19047619047619,5.51277584204413,3.91428977759504,0.00528862010694071,0.0357919686236071,0.0265650473419421,"HPRT1/PAICS/PPAT/IMPDH1",4
"BP","GO:0042359","vitamin D metabolic process","4/656","21/18986",0.19047619047619,5.51277584204413,3.91428977759504,0.00528862010694071,0.0357919686236071,0.0265650473419421,"GC/SNAI1/CYP3A4/CYP27A1",4
"BP","GO:0044321","response to leptin","4/656","21/18986",0.19047619047619,5.51277584204413,3.91428977759504,0.00528862010694071,0.0357919686236071,0.0265650473419421,"FGB/CCND1/INHBB/LEPR",4
"BP","GO:0052695","cellular glucuronidation","4/656","21/18986",0.19047619047619,5.51277584204413,3.91428977759504,0.00528862010694071,0.0357919686236071,0.0265650473419421,"UGT2B7/UGT1A6/UGT1A1/UGT2B15",4
"BP","GO:0090189","regulation of branching involved in ureteric bud morphogenesis","4/656","21/18986",0.19047619047619,5.51277584204413,3.91428977759504,0.00528862010694071,0.0357919686236071,0.0265650473419421,"AGT/VEGFA/TACSTD2/SOX9",4
"BP","GO:1901970","positive regulation of mitotic sister chromatid separation","4/656","21/18986",0.19047619047619,5.51277584204413,3.91428977759504,0.00528862010694071,0.0357919686236071,0.0265650473419421,"UBE2C/SKA3/BIRC5/PRAP1",4
"BP","GO:1904666","regulation of ubiquitin protein ligase activity","4/656","21/18986",0.19047619047619,5.51277584204413,3.91428977759504,0.00528862010694071,0.0357919686236071,0.0265650473419421,"UBE2C/UBE2S/MAD2L1/PLK1",4
"BP","GO:1901988","negative regulation of cell cycle phase transition","19/656","287/18986",0.0662020905923345,1.91602574997875,2.95811754694976,0.00535618597290725,0.0361988902002315,0.0268670673582526,"ATF5/CCND1/PROX1/INHBA/E2F1/TRIP13/CDC6/SKA3/PKMYT1/SPC25/NUF2/CDC45/CDK1/IER3/MAD2L1/BIRC5/PLK1/CCNB1/PRAP1",19
"BP","GO:0003179","heart valve morphogenesis","7/656","62/18986",0.112903225806452,3.26765342250197,3.38331195058552,0.0053929099282895,0.0363965321928665,0.0270137586159009,"SNAI1/FGFRL1/HEYL/SOX4/STRA6/SOX9/AXIN2",7
"BP","GO:0009749","response to glucose","15/656","206/18986",0.0728155339805825,2.10743251243192,3.02328489135699,0.00541961005303935,0.0364755498175511,0.027072406044956,"APOA2/NR0B2/MLXIPL/KHK/VSNL1/SLC29A1/KLF7/PDX1/TREM2/GPAM/COL1A1/SLC9B2/SOX4/ICAM1/ANO1",15
"BP","GO:0098739","import across plasma membrane","15/656","206/18986",0.0728155339805825,2.10743251243192,3.02328489135699,0.00541961005303935,0.0364755498175511,0.027072406044956,"SLC27A5/ACSL1/SLC5A6/SLC6A6/SLC7A5/SLC1A3/SLC38A4/SLC39A10/RGS4/SLC43A1/KCNJ8/SLC7A1/SLC7A2/SLC2A1/SLC2A3",15
"BP","GO:0006188","IMP biosynthetic process","3/656","11/18986",0.272727272727273,7.89329268292683,4.3262155786827,0.00550457814091997,0.0365919087892303,0.0271587684807254,"HPRT1/PAICS/PPAT",3
"BP","GO:0010982","regulation of high-density lipoprotein particle clearance","3/656","11/18986",0.272727272727273,7.89329268292683,4.3262155786827,0.00550457814091997,0.0365919087892303,0.0271587684807254,"APOC3/TREM2/LIPG",3
"BP","GO:0038063","collagen-activated tyrosine kinase receptor signaling pathway","3/656","11/18986",0.272727272727273,7.89329268292683,4.3262155786827,0.00550457814091997,0.0365919087892303,0.0271587684807254,"COL4A1/COL4A2/COL1A1",3
"BP","GO:0044062","regulation of excretion","3/656","11/18986",0.272727272727273,7.89329268292683,4.3262155786827,0.00550457814091997,0.0365919087892303,0.0271587684807254,"AGT/STC1/AGTR1",3
"BP","GO:0060346","bone trabecula formation","3/656","11/18986",0.272727272727273,7.89329268292683,4.3262155786827,0.00550457814091997,0.0365919087892303,0.0271587684807254,"VEGFA/COL1A1/MSX2",3
"BP","GO:0060601","lateral sprouting from an epithelium","3/656","11/18986",0.272727272727273,7.89329268292683,4.3262155786827,0.00550457814091997,0.0365919087892303,0.0271587684807254,"SHH/SULF1/BMP7",3
"BP","GO:0060767","epithelial cell proliferation involved in prostate gland development","3/656","11/18986",0.272727272727273,7.89329268292683,4.3262155786827,0.00550457814091997,0.0365919087892303,0.0271587684807254,"SHH/WDR77/SOX9",3
"BP","GO:1904668","positive regulation of ubiquitin protein ligase activity","3/656","11/18986",0.272727272727273,7.89329268292683,4.3262155786827,0.00550457814091997,0.0365919087892303,0.0271587684807254,"UBE2C/UBE2S/PLK1",3
"BP","GO:2001054","negative regulation of mesenchymal cell apoptotic process","3/656","11/18986",0.272727272727273,7.89329268292683,4.3262155786827,0.00550457814091997,0.0365919087892303,0.0271587684807254,"SHH/SOX9/BMP7",3
"BP","GO:0001763","morphogenesis of a branching structure","15/656","207/18986",0.072463768115942,2.09725167903853,3.0028330265052,0.00566286797333908,0.0375415743300653,0.0278636168313873,"AGT/MET/PROX1/COL4A1/VEGFA/SHH/MYC/TACSTD2/CTSH/TGM2/MSX2/SOX9/SULF1/AREG/BMP7",15
"BP","GO:0016051","carbohydrate biosynthetic process","15/656","207/18986",0.072463768115942,2.09725167903853,3.0028330265052,0.00566286797333908,0.0375415743300653,0.0278636168313873,"RBP4/RGN/NNMT/SORD/MST1/ALDOB/ENO3/GRB10/FBP1/SDS/LEPR/IGF2/GPD1/PC/SIK1",15
"BP","GO:0051345","positive regulation of hydrolase activity","21/656","331/18986",0.0634441087613293,1.83620403802225,2.90338493182104,0.00571617835367631,0.0378434338353591,0.0280876590497149,"APOC2/APOA1/APOH/PRR7/HSPD1/RIPK2/HSPE1/MYC/RGS16/PMAIP1/CTSH/BOK/ECT2/TGM2/F2R/PRSS22/S100A8/AGTR1/S100A9/THY1/EFNA3",21
"BP","GO:0031016","pancreas development","8/656","79/18986",0.10126582278481,2.93084285273232,3.2533077696749,0.00587824797851098,0.0386282506666773,0.0286701555448915,"MET/CDH2/PROX1/SHH/PDX1/SOX4/IGF2/SOX9",8
"BP","GO:0000096","sulfur amino acid metabolic process","5/656","34/18986",0.147058823529412,4.25618723098996,3.59498672896053,0.00588235383148539,0.0386282506666773,0.0286701555448915,"AGXT/CPS1/MTHFD1/CBS/DPEP1",5
"BP","GO:0032367","intracellular cholesterol transport","5/656","34/18986",0.147058823529412,4.25618723098996,3.59498672896053,0.00588235383148539,0.0386282506666773,0.0286701555448915,"TMEM97/CES1/PCSK9/SYT7/LDLR",5
"BP","GO:0034383","low-density lipoprotein particle clearance","5/656","34/18986",0.147058823529412,4.25618723098996,3.59498672896053,0.00588235383148539,0.0386282506666773,0.0286701555448915,"APOC3/DGAT2/TREM2/PCSK9/LDLR",5
"BP","GO:0045939","negative regulation of steroid metabolic process","5/656","34/18986",0.147058823529412,4.25618723098996,3.59498672896053,0.00588235383148539,0.0386282506666773,0.0286701555448915,"PROX1/INSIG1/SNAI1/APOE/UGT1A1",5
"BP","GO:2000191","regulation of fatty acid transport","5/656","34/18986",0.147058823529412,4.25618723098996,3.59498672896053,0.00588235383148539,0.0386282506666773,0.0286701555448915,"ACSL1/MIF/CYP4F2/FABP3/IL1B",5
"BP","GO:0006919","activation of cysteine-type endopeptidase activity involved in apoptotic process","7/656","63/18986",0.111111111111111,3.21578590785908,3.33256833878518,0.00589071673809121,0.0386310345654337,0.0286722217738558,"HSPD1/HSPE1/PMAIP1/BOK/F2R/S100A8/S100A9",7
"BP","GO:0014074","response to purine-containing compound","12/656","150/18986",0.08,2.31536585365854,3.0596647293797,0.00592857034979267,0.0387504430722027,0.0287608475957184,"AQP9/CPS1/INHBB/STC1/CYP1B1/FBP1/FOSL1/COL1A1/KCNJ8/GPD1/AREG/IL1B",12
"BP","GO:0002673","regulation of acute inflammatory response","6/656","48/18986",0.125,3.61775914634146,3.43525702334316,0.00594077898312026,0.0387504430722027,0.0287608475957184,"F12/FCGR1A/C3/CREB3L3/OSM/IL1B",6
"BP","GO:0006911","phagocytosis, engulfment","6/656","48/18986",0.125,3.61775914634146,3.43525702334316,0.00594077898312026,0.0387504430722027,0.0287608475957184,"MARCO/FCGR1A/C3/MSR1/TREM2/ITGA2",6
"BP","GO:1901976","regulation of cell cycle checkpoint","6/656","48/18986",0.125,3.61775914634146,3.43525702334316,0.00594077898312026,0.0387504430722027,0.0287608475957184,"PROX1/SKA3/MAD2L1/BIRC5/CCNB1/PRAP1",6
"BP","GO:0045766","positive regulation of angiogenesis","14/656","189/18986",0.0740740740740741,2.14385727190605,2.98974712415225,0.00610993438075709,0.0397571601396651,0.029508039985115,"CHI3L1/SERPINE1/VEGFA/C3/CYP1B1/CTSH/ANGPTL4/TGM2/LRG1/SPHK1/C5AR1/ANXA3/HYAL1/IL1B",14
"BP","GO:0002065","columnar/cuboidal epithelial cell differentiation","11/656","132/18986",0.0833333333333333,2.41183943089431,3.07926105443983,0.00611145823766327,0.0397571601396651,0.029508039985115,"CEBPB/SERPINE1/CDH2/PROX1/FASN/WDR77/PDX1/SOX4/SOX9/WNT11/BMP7",11
"BP","GO:2001056","positive regulation of cysteine-type endopeptidase activity","10/656","114/18986",0.087719298245614,2.5387783483098,3.11742142990017,0.00614564609126295,0.0399261867557884,0.0296334927118589,"PRR7/HSPD1/RIPK2/HSPE1/MYC/PMAIP1/BOK/F2R/S100A8/S100A9",10
"BP","GO:0001678","intracellular glucose homeostasis","13/656","170/18986",0.0764705882352941,2.21321736011478,3.00590611904367,0.00623043454077889,0.0404230593005734,0.0300022749605788,"MLXIPL/VSNL1/SLC29A1/KLF7/HK3/PDX1/TREM2/COL1A1/SLC9B2/SOX4/ICAM1/ANO1/HKDC1",13
"BP","GO:0010988","regulation of low-density lipoprotein particle clearance","4/656","22/18986",0.181818181818182,5.26219512195122,3.78403968784547,0.00628985365518442,0.0407000370826162,0.0302078497913462,"APOC3/TREM2/PCSK9/LDLR",4
"BP","GO:0098801","regulation of renal system process","4/656","22/18986",0.181818181818182,5.26219512195122,3.78403968784547,0.00628985365518442,0.0407000370826162,0.0302078497913462,"AGT/STC1/F2R/AGTR1",4
"BP","GO:0032436","positive regulation of proteasomal ubiquitin-dependent protein catabolic process","8/656","80/18986",0.1,2.89420731707317,3.21180126311334,0.00633914013672764,0.0409101537205792,0.0303637998172728,"TF/HAMP/TRIB3/NKD2/AURKA/PLK1/AXIN2/CLU",8
"BP","GO:0140962","multicellular organismal-level chemical homeostasis","8/656","80/18986",0.1,2.89420731707317,3.21180126311334,0.00633914013672764,0.0409101537205792,0.0303637998172728,"TF/HAMP/TFR2/SLC11A1/VEGFA/CTSH/CYP4F2/TMPRSS6",8
"BP","GO:0019674","NAD metabolic process","7/656","64/18986",0.109375,3.16553925304878,3.28283092649448,0.00642205385913479,0.0413356006330025,0.0306795694662928,"NNMT/ALDOB/KYNU/HK3/ENO3/GPD1/PC",7
"BP","GO:0033619","membrane protein proteolysis","7/656","64/18986",0.109375,3.16553925304878,3.28283092649448,0.00642205385913479,0.0413356006330025,0.0306795694662928,"TIMP1/MMP7/APOE/CTSH/PACSIN3/TMPRSS6/IL1B",7
"BP","GO:0048477","oogenesis","10/656","115/18986",0.0869565217391304,2.51670201484624,3.08622592068728,0.00652903400461181,0.0419686650811639,0.0311494342902359,"INHBB/DCAF13/WDR77/TRIP13/CDC25B/EREG/AURKA/TNFAIP6/LGR5/ANG",10
"BP","GO:0030850","prostate gland development","6/656","49/18986",0.122448979591837,3.54392732702837,3.37305279589987,0.00657655339486596,0.0420519169768959,0.0312112244246284,"SHH/WDR77/SOX9/SULF1/BMP7/SERPINB5",6
"BP","GO:0032506","cytokinetic process","6/656","49/18986",0.122448979591837,3.54392732702837,3.37305279589987,0.00657655339486596,0.0420519169768959,0.0312112244246284,"RTKN/ANLN/ECT2/IQGAP3/KIF20A/CEP55",6
"BP","GO:0035272","exocrine system development","6/656","49/18986",0.122448979591837,3.54392732702837,3.37305279589987,0.00657655339486596,0.0420519169768959,0.0312112244246284,"SHH/PDX1/TGM2/IGF2/SOX9/BMP7",6
"BP","GO:0061028","establishment of endothelial barrier","6/656","49/18986",0.122448979591837,3.54392732702837,3.37305279589987,0.00657655339486596,0.0420519169768959,0.0312112244246284,"CLDN1/PROC/FASN/VEGFA/ICAM1/IL1B",6
"BP","GO:0000038","very long-chain fatty acid metabolic process","5/656","35/18986",0.142857142857143,4.1345818815331,3.51134549318839,0.0066715514130158,0.042436299576124,0.0314965158555999,"SLC27A5/ACSL1/ELOVL5/CYP4F2/ACSL6",5
"BP","GO:0001893","maternal placenta development","5/656","35/18986",0.142857142857143,4.1345818815331,3.51134549318839,0.0066715514130158,0.042436299576124,0.0314965158555999,"SPP1/DCAF13/STC2/STC1/CTSB",5
"BP","GO:0009156","ribonucleoside monophosphate biosynthetic process","5/656","35/18986",0.142857142857143,4.1345818815331,3.51134549318839,0.0066715514130158,0.042436299576124,0.0314965158555999,"DHODH/HPRT1/PAICS/PPAT/IMPDH1",5
"BP","GO:0090183","regulation of kidney development","5/656","35/18986",0.142857142857143,4.1345818815331,3.51134549318839,0.0066715514130158,0.042436299576124,0.0314965158555999,"AGT/VEGFA/MYC/TACSTD2/SOX9",5
"BP","GO:0009746","response to hexose","15/656","211/18986",0.0710900473933649,2.05749335336955,2.92216603909888,0.00672553707273066,0.0427238425534039,0.0317099322475455,"APOA2/NR0B2/MLXIPL/KHK/VSNL1/SLC29A1/KLF7/PDX1/TREM2/GPAM/COL1A1/SLC9B2/SOX4/ICAM1/ANO1",15
"BP","GO:0022409","positive regulation of cell-cell adhesion","21/656","336/18986",0.0625,1.80887957317073,2.8300237276688,0.00674611184019348,0.0427986704229224,0.0317654700112589,"FGG/FGB/FGA/SERPINF2/CBFB/HSPD1/RIPK2/SHH/HSPH1/DUSP10/FSTL3/GPAM/IL4I1/SOX4/IGFBP2/SLC7A1/VNN1/IGF2/THY1/IL1B/BMP7",21
"BP","GO:0003073","regulation of systemic arterial blood pressure","9/656","98/18986",0.0918367346938776,2.65794549527128,3.11290801617222,0.00680534344460786,0.0431182307310701,0.0320026498882258,"SERPINF2/AGT/ENPEP/COMT/CYP4F2/F2R/IER3/AGTR1/POSTN",9
"BP","GO:0043271","negative regulation of monoatomic ion transport","11/656","134/18986",0.082089552238806,2.37584182744812,3.02355713722772,0.00682641476948312,0.0431393951536427,0.0320183582694417,"HAMP/AGT/GSTO1/STC1/PACSIN3/PCSK9/RGS4/MMP9/GEM/SERPINE2/MAOB",11
"BP","GO:0051225","spindle assembly","11/656","134/18986",0.082089552238806,2.37584182744812,3.02355713722772,0.00682641476948312,0.0431393951536427,0.0320183582694417,"DCAF13/UHRF1/TPX2/MZT1/SKA3/MYBL2/AURKA/BIRC5/NEK2/KIFC1/PLK1",11
"BP","GO:2000377","regulation of reactive oxygen species metabolic process","12/656","153/18986",0.0784313725490196,2.26996652319464,2.98369360243609,0.00691650352144552,0.0436520183337924,0.0323988307489652,"HP/CRP/AGT/PON3/TRAP1/AKR1C1/CYP1B1/BNIP3/IER3/AGTR1/DCXR/BMP7",12
"BP","GO:0002444","myeloid leukocyte mediated immunity","10/656","116/18986",0.0862068965517241,2.4950063078217,3.05535767054634,0.00693073509877849,0.0436851774490364,0.0324234416742692,"FCGR3A/FCGR1A/CXCL6/C3/DDX21/TREM1/ANXA3/CCL3/SPON2/FCGR3B",10
"BP","GO:1904018","positive regulation of vasculature development","14/656","192/18986",0.0729166666666667,2.11035950203252,2.92536866051113,0.00699221645750748,0.044015686005474,0.0326687474170466,"CHI3L1/SERPINE1/VEGFA/C3/CYP1B1/CTSH/ANGPTL4/TGM2/LRG1/SPHK1/C5AR1/ANXA3/HYAL1/IL1B",14
"BP","GO:0022613","ribonucleoprotein complex biogenesis","28/656","492/18986",0.0569105691056911,1.64710985524489,2.75119343635586,0.00702792648876505,0.0441833207937089,0.032793167119479,"RCL1/PNO1/BYSL/WDR43/NOP58/NPM1/EIF2S2/RPF2/UTP14A/DKC1/DCAF13/RRP9/HSP90AB1/BOP1/NOP2/RRS1/WDR77/EIF3B/BRIX1/RRP1/DDX21/EXOSC5/RPP40/RUVBL1/NOLC1/NOP16/GTF3A/LYAR",28
"BP","GO:0000050","urea cycle","3/656","12/18986",0.25,7.23551829268293,4.08751839825496,0.00715275183871542,0.0442252737575467,0.0328243049001974,"CPS1/SLC25A15/OTC",3
"BP","GO:0001547","antral ovarian follicle growth","3/656","12/18986",0.25,7.23551829268293,4.08751839825496,0.00715275183871542,0.0442252737575467,0.0328243049001974,"GAS2/EREG/TNFAIP6",3
"BP","GO:0006534","cysteine metabolic process","3/656","12/18986",0.25,7.23551829268293,4.08751839825496,0.00715275183871542,0.0442252737575467,0.0328243049001974,"AGXT/MTHFD1/CBS",3
"BP","GO:0006863","purine nucleobase transport","3/656","12/18986",0.25,7.23551829268293,4.08751839825496,0.00715275183871542,0.0442252737575467,0.0328243049001974,"AQP9/SLC29A1/SLC43A3",3
"BP","GO:0007056","spindle assembly involved in female meiosis","3/656","12/18986",0.25,7.23551829268293,4.08751839825496,0.00715275183871542,0.0442252737575467,0.0328243049001974,"DCAF13/SKA3/AURKA",3
"BP","GO:0019336","phenol-containing compound catabolic process","3/656","12/18986",0.25,7.23551829268293,4.08751839825496,0.00715275183871542,0.0442252737575467,0.0328243049001974,"FAH/COMT/MAOB",3
"BP","GO:0033629","negative regulation of cell adhesion mediated by integrin","3/656","12/18986",0.25,7.23551829268293,4.08751839825496,0.00715275183871542,0.0442252737575467,0.0328243049001974,"HRG/SERPINE1/CYP1B1",3
"BP","GO:0035812","renal sodium excretion","3/656","12/18986",0.25,7.23551829268293,4.08751839825496,0.00715275183871542,0.0442252737575467,0.0328243049001974,"AGT/COMT/AGTR1",3
"BP","GO:0042363","fat-soluble vitamin catabolic process","3/656","12/18986",0.25,7.23551829268293,4.08751839825496,0.00715275183871542,0.0442252737575467,0.0328243049001974,"CYP3A4/CYP4F2/CYP2W1",3
"BP","GO:0042364","water-soluble vitamin biosynthetic process","3/656","12/18986",0.25,7.23551829268293,4.08751839825496,0.00715275183871542,0.0442252737575467,0.0328243049001974,"RGN/PSAT1/SLC19A2",3
"BP","GO:0070857","regulation of bile acid biosynthetic process","3/656","12/18986",0.25,7.23551829268293,4.08751839825496,0.00715275183871542,0.0442252737575467,0.0328243049001974,"PROX1/CES1/FGFR4",3
"BP","GO:0097067","cellular response to thyroid hormone stimulus","3/656","12/18986",0.25,7.23551829268293,4.08751839825496,0.00715275183871542,0.0442252737575467,0.0328243049001974,"INHBB/CTSH/CTSB",3
"BP","GO:2000644","regulation of receptor catabolic process","3/656","12/18986",0.25,7.23551829268293,4.08751839825496,0.00715275183871542,0.0442252737575467,0.0328243049001974,"HAMP/APOE/PCSK9",3
"BP","GO:0015748","organophosphate ester transport","13/656","173/18986",0.0751445086705202,2.17483786832088,2.93662132611412,0.00718622257182367,0.0443195931996121,0.0328943094442359,"APOA2/APOC2/APOC3/APOA1/APOC1/ATP11A/SLC25A32/GLTPD2/APOE/LDLR/SLC17A9/SLC35D3/PRAP1",13
"BP","GO:1902904","negative regulation of supramolecular fiber organization","13/656","173/18986",0.0751445086705202,2.17483786832088,2.93662132611412,0.00718622257182367,0.0443195931996121,0.0328943094442359,"MET/SPTBN2/PFDN4/APOE/TACSTD2/PFDN2/TREM2/TPX2/CKAP2/RHPN1/DIAPH3/LDLR/CLU",13
"BP","GO:0009261","ribonucleotide catabolic process","11/656","135/18986",0.0814814814814815,2.35824299909666,2.99607824186013,0.00720759102850467,0.0443951113224098,0.0329503595187202,"MLXIPL/GALK1/ALDOB/HPRT1/HK3/ENO3/FBP1/DDIT4/IER3/GPD1/HKDC1",11
"BP","GO:0042542","response to hydrogen peroxide","9/656","99/18986",0.0909090909090909,2.63109756097561,3.07816597547561,0.00726340964600149,0.044569673817709,0.0330799210133817,"HP/CYP1B1/ECT2/FOSL1/COL1A1/BNIP3/SPHK1/CDK1/AREG",9
"BP","GO:0043280","positive regulation of cysteine-type endopeptidase activity involved in apoptotic process","9/656","99/18986",0.0909090909090909,2.63109756097561,3.07816597547561,0.00726340964600149,0.044569673817709,0.0330799210133817,"PRR7/HSPD1/HSPE1/MYC/PMAIP1/BOK/F2R/S100A8/S100A9",9
"BP","GO:0060993","kidney morphogenesis","9/656","99/18986",0.0909090909090909,2.63109756097561,3.07816597547561,0.00726340964600149,0.044569673817709,0.0330799210133817,"AGT/VEGFA/SHH/MYC/TACSTD2/SOX4/SOX9/WNT11/BMP7",9
"BP","GO:0045765","regulation of angiogenesis","22/656","360/18986",0.0611111111111111,1.76868224932249,2.78557137764138,0.00727740709062815,0.0445993235554113,0.0331019272543354,"APOH/HRG/CHI3L1/SERPINE1/THBS2/VEGFA/C3/CYP1B1/CTSH/ANGPTL4/COL4A2/TGM2/LRG1/SPARC/SPHK1/C5AR1/ANXA3/CXCL10/SULF1/HYAL1/EFNA3/IL1B",22
"BP","GO:0072028","nephron morphogenesis","8/656","82/18986",0.0975609756097561,2.82361689470553,3.13068712239482,0.00734253122613619,0.0449418326369543,0.0333561398700738,"AGT/VEGFA/SHH/MYC/TACSTD2/SOX9/WNT11/BMP7",8
"BP","GO:0010800","positive regulation of peptidyl-threonine phosphorylation","4/656","23/18986",0.173913043478261,5.03340402969247,3.66149218295264,0.00740931810355656,0.0451235818421855,0.0334910353906891,"CHI3L1/RIPK2/SPHK1/PLK1",4
"BP","GO:0010866","regulation of triglyceride biosynthetic process","4/656","23/18986",0.173913043478261,5.03340402969247,3.66149218295264,0.00740931810355656,0.0451235818421855,0.0334910353906891,"RGN/C3/LDLR/SIK1",4
"BP","GO:0046033","AMP metabolic process","4/656","23/18986",0.173913043478261,5.03340402969247,3.66149218295264,0.00740931810355656,0.0451235818421855,0.0334910353906891,"HPRT1/PAICS/AK4/PPAT",4
"BP","GO:0051443","positive regulation of ubiquitin-protein transferase activity","4/656","23/18986",0.173913043478261,5.03340402969247,3.66149218295264,0.00740931810355656,0.0451235818421855,0.0334910353906891,"TRIB3/UBE2C/UBE2S/PLK1",4
"BP","GO:0031589","cell-substrate adhesion","22/656","361/18986",0.0609418282548476,1.76378285250997,2.7717327419794,0.00750681669181468,0.0455852963568078,0.0338337231055893,"APOA1/FGL1/FGG/VTN/FGB/FGA/HRG/AJUBA/ITGBL1/SERPINE1/VEGFA/FN1/VWA2/RHOD/TACSTD2/SDC4/COL1A1/EPDR1/ITGA2/THY1/FERMT1/POSTN",22
"BP","GO:0001556","oocyte maturation","5/656","36/18986",0.138888888888889,4.01973238482385,3.43076592337195,0.00753197251764766,0.0455852963568078,0.0338337231055893,"TRIP13/CDC25B/EREG/AURKA/ANG",5
"BP","GO:0032373","positive regulation of sterol transport","5/656","36/18986",0.138888888888889,4.01973238482385,3.43076592337195,0.00753197251764766,0.0455852963568078,0.0338337231055893,"APOA1/APOE/TREM2/CES1/LIPG",5
"BP","GO:0032376","positive regulation of cholesterol transport","5/656","36/18986",0.138888888888889,4.01973238482385,3.43076592337195,0.00753197251764766,0.0455852963568078,0.0338337231055893,"APOA1/APOE/TREM2/CES1/LIPG",5
"BP","GO:0071604","transforming growth factor beta production","5/656","36/18986",0.138888888888889,4.01973238482385,3.43076592337195,0.00753197251764766,0.0455852963568078,0.0338337231055893,"SERPINF2/FN1/LAPTM4B/WNT11/FERMT1",5
"BP","GO:0001655","urogenital system development","7/656","66/18986",0.106060606060606,3.06961382113821,3.18622694255087,0.00759062434573532,0.0458572310454135,0.0340355549174322,"SHH/WDR77/SOX9/SULF1/WNT11/BMP7/SERPINB5",7
"BP","GO:0021782","glial cell development","11/656","136/18986",0.0808823529411765,2.34090297704448,2.96884223604831,0.00760517580222949,0.0458572310454135,0.0340355549174322,"SHH/TREM2/SOX4/C5AR1/S100A8/LDLR/PHGDH/S100A9/ANO1/CLU/IL1B",11
"BP","GO:0030879","mammary gland development","11/656","136/18986",0.0808823529411765,2.34090297704448,2.96884223604831,0.00760517580222949,0.0458572310454135,0.0340355549174322,"CEBPB/CCND1/FASN/VEGFA/NME1/SLC29A1/IQGAP3/MSX2/ITGA2/SOX9/AREG",11
"BP","GO:0022411","cellular component disassembly","26/656","450/18986",0.0577777777777778,1.67220867208672,2.73009868253205,0.0076249473114229,0.0459195465561681,0.0340818059216935,"PLIN2/HPN/SPTBN2/MMP7/ATAD2/C3/MYC/ADAMTS4/FAP/TREM2/TPX2/BOK/BNIP3/HMGA1/CKAP2/DDIT4/MMP9/TMPRSS6/DIAPH3/FGFR4/CDK1/AURKA/KIF2C/PLK1/MMP11/TOP2A",26
"BP","GO:0072523","purine-containing compound catabolic process","12/656","155/18986",0.0774193548387097,2.24067663257278,2.93402458073312,0.00764411652734793,0.0459780853177689,0.0341252537965399,"MLXIPL/GALK1/ALDOB/HPRT1/HK3/ENO3/FBP1/VNN1/DDIT4/IER3/GPD1/HKDC1",12
"BP","GO:0001657","ureteric bud development","9/656","100/18986",0.09,2.60478658536585,3.04385023764434,0.00774467423105448,0.0464108187294471,0.0344464315358412,"AGT/VEGFA/SHH/MYC/TACSTD2/SDC4/SOX9/WNT11/BMP7",9
"BP","GO:0043648","dicarboxylic acid metabolic process","9/656","100/18986",0.09,2.60478658536585,3.04385023764434,0.00774467423105448,0.0464108187294471,0.0344464315358412,"NIT2/ALDH4A1/GPT2/MTHFD1L/SLC25A32/KYNU/GLS2/MTHFD1/ALDH1L1",9
"BP","GO:0071229","cellular response to acid chemical","9/656","100/18986",0.09,2.60478658536585,3.04385023764434,0.00774467423105448,0.0464108187294471,0.0344464315358412,"CEBPB/COL4A1/VEGFA/SLC7A5/GRIN2D/IPO5/COL1A1/COL5A2/COL1A2",9
"BP","GO:0006636","unsaturated fatty acid biosynthetic process","6/656","51/18986",0.117647058823529,3.40494978479197,3.25337731434045,0.00799388329317919,0.0477865308410442,0.0354674946061009,"SCD/ELOVL5/MIF/FADS1/FADS2/IL1B",6
"BP","GO:0046850","regulation of bone remodeling","6/656","51/18986",0.117647058823529,3.40494978479197,3.25337731434045,0.00799388329317919,0.0477865308410442,0.0354674946061009,"SPP1/TF/HAMP/TNFRSF11B/SYT7/LEPR",6
"BP","GO:0010950","positive regulation of endopeptidase activity","11/656","137/18986",0.0802919708029197,2.32381609400036,2.94184489196987,0.008019630852362,0.0478816242056362,0.0355380735608059,"PRR7/HSPD1/RIPK2/HSPE1/MYC/PMAIP1/BOK/F2R/S100A8/S100A9/EFNA3",11
"BP","GO:0045667","regulation of osteoblast differentiation","12/656","156/18986",0.0769230769230769,2.22631332082552,2.90947461884059,0.00802975472612699,0.0478833167859484,0.0355393298056524,"CEBPB/CTHRC1/VEGFA/SMOC1/CHRD/MSX2/SOX9/IFITM1/TNFAIP6/AREG/AXIN2/BMP7",12
"BP","GO:0007159","leukocyte cell-cell adhesion","25/656","430/18986",0.0581395348837209,1.68267867271696,2.70884633372034,0.0081440433036585,0.0485054035686686,0.0360010469301711,"FGL1/CBFB/CEBPB/OLR1/HSPD1/RIPK2/SHH/HSPH1/DUSP10/SDC4/GPAM/ASCL2/IL4I1/LRG1/SOX4/IGFBP2/SLC7A1/VNN1/IGF2/ICAM1/S100A8/S100A9/THY1/IL1B/BMP7",25
"BP","GO:0050832","defense response to fungus","7/656","67/18986",0.104477611940299,3.02379868947943,3.13929126072848,0.00823050970177729,0.0488962883815953,0.0362911643492447,"HRG/HAMP/LEAP2/S100A8/S100A9/SPON2/ANG",7
"BP","GO:0070613","regulation of protein processing","7/656","67/18986",0.104477611940299,3.02379868947943,3.13929126072848,0.00823050970177729,0.0488962883815953,0.0362911643492447,"SERPINF2/F12/HPN/SERPINE1/LDLRAD3/NKD2/SERPINE2",7
"BP","GO:0072163","mesonephric epithelium development","9/656","101/18986",0.0891089108910891,2.57899661917411,3.00995068645286,0.00824986698752358,0.0488962883815953,0.0362911643492447,"AGT/VEGFA/SHH/MYC/TACSTD2/SDC4/SOX9/WNT11/BMP7",9
"BP","GO:0072164","mesonephric tubule development","9/656","101/18986",0.0891089108910891,2.57899661917411,3.00995068645286,0.00824986698752358,0.0488962883815953,0.0362911643492447,"AGT/VEGFA/SHH/MYC/TACSTD2/SDC4/SOX9/WNT11/BMP7",9
"CC","GO:0062023","collagen-containing extracellular matrix","74/669","430/19960",0.172093023255814,5.13449438592832,16.1402623693095,7.87426034748749e-32,3.55129141671686e-29,3.19114761450809e-29,"FCN3/ORM2/ORM1/APOC3/APOA1/FGL1/FGG/VTN/AMBP/FGB/AHSG/FGA/APOH/HPX/SERPINF2/SERPINC1/F12/HRG/A1BG/ITIH4/AZGP1/AGT/SERPINA3/BGN/TIMP1/MARCO/KNG1/SERPINA1/SERPINE1/CDH2/TGFBI/MST1/THBS2/ADAMTS2/COL4A1/CTHRC1/FN1/SHH/COL18A1/VWA2/APOE/ADAMTS4/GDF15/CTSH/ANGPTL4/COL4A2/SERPING1/COL1A1/CTSB/TGM2/SPARC/SMOC1/MMP9/LTBP2/ICAM1/S100A8/IGFBP7/VCAN/SULF1/S100A9/COL10A1/COL5A1/ASPN/LOXL2/COMP/ANG/COL5A2/SERPINE2/COL11A1/SRPX2/COL1A2/CLU/POSTN/BMP7",74
"CC","GO:0072562","blood microparticle","43/669","144/19960",0.298611111111111,8.90923434645408,17.7383316420542,4.21925090694607e-29,9.51441079516339e-27,8.54953473249599e-27,"FCN3/APOA2/ORM2/ORM1/APOA1/FGG/VTN/HP/AMBP/GC/FGB/AHSG/FGA/HPX/SERPINF2/SERPINC1/CFHR1/TF/HRG/A1BG/ITIH4/AGT/SERPINA3/KNG1/C4BPA/CFB/C8G/ALB/FN1/C4B/CP/C3/APOE/ANGPTL4/C4A/SERPING1/SLC2A1/TMPRSS13/CFH/C1R/PROS1/CLU/C1S",43
"CC","GO:0005788","endoplasmic reticulum lumen","47/669","314/19960",0.14968152866242,4.46583454723753,11.5276467088761,5.52274590724422e-18,8.30252801389047e-16,7.46055148873342e-16,"APOA2/APOA1/FGG/VTN/AHSG/FGA/SERPINC1/SPP1/TF/SERPINA10/TIMP1/PROC/KNG1/SERPINA1/CDH2/LIPC/F10/COL4A1/ALB/FN1/P4HA1/CP/SHH/STC2/C3/COL18A1/APOE/RCN1/FSTL3/CES1/PCSK9/TMEM132A/C4A/COL4A2/SERPING1/COL1A1/NOTUM/IGFBP7/FKBP10/VCAN/COL10A1/COL5A1/COL5A2/COL11A1/COL1A2/CLU/CYP2W1",47
"CC","GO:0031093","platelet alpha granule lumen","22/669","67/19960",0.328358208955224,9.79675612966557,13.4312022787336,1.68510550718135e-16,1.89995645934697e-14,1.70727794806531e-14,"ORM2/ORM1/FGG/FGB/AHSG/FGA/SERPINF2/HRG/A1BG/SERPINA3/TIMP1/KNG1/SERPINA1/SERPINE1/VEGFA/ALB/FN1/SERPING1/SPARC/IGF2/PROS1/CLU",22
"CC","GO:0060205","cytoplasmic vesicle lumen","45/669","329/19960",0.13677811550152,4.08085378985102,10.4930780461389,9.32284219322219e-16,7.86325833701404e-14,7.06582905765061e-14,"ORM2/ORM1/APOA1/FGG/HP/FGB/AHSG/FGA/APOH/SERPINF2/TF/HRG/A1BG/ITIH4/SERPINA3/TTR/NIT2/TIMP1/KNG1/CHI3L1/SERPINA1/SERPINE1/PRDX4/S100A11/VEGFA/HSP90AB1/ALB/FN1/C3/OSCAR/HK3/MIF/CTSH/SERPING1/IMPDH1/LRG1/SPARC/IGF2/S100A8/S100A9/S100P/GGH/PROS1/GZMB/CLU",45
"CC","GO:0031983","vesicle lumen","45/669","330/19960",0.136363636363636,4.06848756624541,10.467097399274,1.04610975658723e-15,7.86325833701404e-14,7.06582905765061e-14,"ORM2/ORM1/APOA1/FGG/HP/FGB/AHSG/FGA/APOH/SERPINF2/TF/HRG/A1BG/ITIH4/SERPINA3/TTR/NIT2/TIMP1/KNG1/CHI3L1/SERPINA1/SERPINE1/PRDX4/S100A11/VEGFA/HSP90AB1/ALB/FN1/C3/OSCAR/HK3/MIF/CTSH/SERPING1/IMPDH1/LRG1/SPARC/IGF2/S100A8/S100A9/S100P/GGH/PROS1/GZMB/CLU",45
"CC","GO:0031091","platelet alpha granule","24/669","91/19960",0.263736263736264,7.86872320504608,12.2296431335126,1.94757960687744e-15,1.25479771814532e-13,1.1275460881922e-13,"ORM2/ORM1/FGG/FGB/AHSG/FGA/SERPINF2/HRG/A1BG/SERPINA3/TIMP1/KNG1/SERPINA1/SERPINE1/THBS2/VEGFA/ALB/FN1/SERPING1/SPARC/IGF2/SERPINE2/PROS1/CLU",24
"CC","GO:0034774","secretory granule lumen","44/669","324/19960",0.135802469135802,4.05174481905922,10.3133388460885,2.5607862037206e-15,1.44364322234749e-13,1.29724037951635e-13,"ORM2/ORM1/APOA1/FGG/HP/FGB/AHSG/FGA/APOH/SERPINF2/TF/HRG/A1BG/ITIH4/SERPINA3/TTR/NIT2/TIMP1/KNG1/CHI3L1/SERPINA1/SERPINE1/PRDX4/S100A11/VEGFA/HSP90AB1/ALB/FN1/C3/OSCAR/HK3/MIF/CTSH/SERPING1/IMPDH1/LRG1/SPARC/IGF2/S100A8/S100A9/S100P/GGH/PROS1/CLU",44
"CC","GO:0034358","plasma lipoprotein particle","15/669","37/19960",0.405405405405405,12.0955035753242,12.5798536793024,3.06205432899379e-13,1.3809865023762e-11,1.24093780701327e-11,"APOA2/APOC2/APOC3/APOA1/APOH/APOC1/SAA2/SAA1/APOM/LIPC/APOE/MSR1/LCAT/LDLR/CLU",15
"CC","GO:1990777","lipoprotein particle","15/669","37/19960",0.405405405405405,12.0955035753242,12.5798536793024,3.06205432899379e-13,1.3809865023762e-11,1.24093780701327e-11,"APOA2/APOC2/APOC3/APOA1/APOH/APOC1/SAA2/SAA1/APOM/LIPC/APOE/MSR1/LCAT/LDLR/CLU",15
"CC","GO:0034364","high-density lipoprotein particle","13/669","27/19960",0.481481481481481,14.3652770857554,12.9413205032994,7.81749071470714e-13,3.20517119302993e-11,2.88012815805e-11,"APOA2/APOC2/APOC3/APOA1/APOH/APOC1/SAA2/SAA1/APOM/LIPC/APOE/LCAT/CLU",13
"CC","GO:0032994","protein-lipid complex","15/669","40/19960",0.375,11.1883408071749,12.0114066407467,1.19795358396546e-12,4.50230888640351e-11,4.04572043707633e-11,"APOA2/APOC2/APOC3/APOA1/APOH/APOC1/SAA2/SAA1/APOM/LIPC/APOE/MSR1/LCAT/LDLR/CLU",15
"CC","GO:0042627","chylomicron","7/669","13/19960",0.538461538461538,16.0653098769691,10.11849750268,6.62939321862532e-08,2.29988949353848e-06,2.06665294669696e-06,"APOA2/APOC2/APOC3/APOA1/APOH/APOC1/APOE",7
"CC","GO:0034361","very-low-density lipoprotein particle","8/669","21/19960",0.380952380952381,11.3659335183999,8.85057440206556,2.11166382207975e-07,5.95225239848729e-06,5.34862218092568e-06,"APOA2/APOC2/APOC3/APOA1/APOH/APOC1/APOM/APOE",8
"CC","GO:0034385","triglyceride-rich plasma lipoprotein particle","8/669","21/19960",0.380952380952381,11.3659335183999,8.85057440206556,2.11166382207975e-07,5.95225239848729e-06,5.34862218092568e-06,"APOA2/APOC2/APOC3/APOA1/APOH/APOC1/APOM/APOE",8
"CC","GO:0098644","complex of collagen trimers","8/669","21/19960",0.380952380952381,11.3659335183999,8.85057440206556,2.11166382207975e-07,5.95225239848729e-06,5.34862218092568e-06,"COL4A1/COL4A2/COL1A1/COL10A1/COL5A1/COL5A2/COL11A1/COL1A2",8
"CC","GO:0045178","basal part of cell","30/669","317/19960",0.0946372239747634,2.82355603966559,6.09466605607164,3.47404506138824e-07,9.21643719227116e-06,8.28177924851067e-06,"CLDN1/TF/AQP9/SLC27A5/SLC22A3/MET/CDH2/SLCO1B3/SLC5A6/SLCO4A1/SLC6A6/SLC7A5/SLC29A1/SLC1A3/SLC13A3/TACSTD2/FAP/CA9/SLC2A9/SLC9B2/NKD2/SLC43A3/SLC7A1/LEPR/C5AR1/ITGA2/LDLR/AURKA/FXYD5/SLC2A1",30
"CC","GO:0005581","collagen trimer","14/669","86/19960",0.162790697674419,4.85695414885111,6.67507479479663,9.6274938448221e-07,2.33511217419374e-05,2.09830362251042e-05,"FCN3/COLEC11/MARCO/COL4A1/CTHRC1/COL18A1/MSR1/COL4A2/COL1A1/COL10A1/COL5A1/COL5A2/COL11A1/COL1A2",14
"CC","GO:0009925","basal plasma membrane","28/669","298/19960",0.0939597315436242,2.80334266309527,5.84087108385573,9.83750139904234e-07,2.33511217419374e-05,2.09830362251042e-05,"CLDN1/TF/AQP9/SLC27A5/SLC22A3/MET/CDH2/SLCO1B3/SLC5A6/SLCO4A1/SLC6A6/SLC7A5/SLC29A1/SLC1A3/SLC13A3/TACSTD2/CA9/SLC2A9/SLC9B2/NKD2/SLC43A3/SLC7A1/LEPR/C5AR1/LDLR/AURKA/FXYD5/SLC2A1",28
"CC","GO:0005604","basement membrane","14/669","92/19960",0.152173913043478,4.54019626957822,6.33795652121416,2.22104672027864e-06,5.00846035422833e-05,4.50054203845935e-05,"VTN/TIMP1/TGFBI/THBS2/COL4A1/FN1/COL18A1/VWA2/COL4A2/SPARC/SMOC1/COL5A1/LOXL2/ANG",14
"CC","GO:0034362","low-density lipoprotein particle","6/669","15/19960",0.4,11.9342301943199,7.888998969851,5.35660703763241e-06,0.000115039513046296,0.000103373118270099,"APOC2/APOA1/APOM/APOE/MSR1/LDLR",6
"CC","GO:0071682","endocytic vesicle lumen","7/669","23/19960",0.304347826086957,9.08039253915643,7.22057112022153,7.0641560645636e-06,0.000144815199323554,0.000130129190663014,"APOA1/HP/HPX/SAA1/APOE/HSPH1/SPARC",7
"CC","GO:0071162","CMG complex","5/669","11/19960",0.454545454545455,13.561625220818,7.76044609941739,1.62760742027163e-05,0.000319152585453262,0.000286786662153124,"MCM3/MCM2/GINS1/GINS2/CDC45",5
"CC","GO:0005583","fibrillar collagen trimer","5/669","12/19960",0.416666666666667,12.4314897857499,7.37647463435873,2.71317901279887e-05,0.000489457493908916,0.000439820597864238,"COL1A1/COL5A1/COL5A2/COL11A1/COL1A2",5
"CC","GO:0098643","banded collagen fibril","5/669","12/19960",0.416666666666667,12.4314897857499,7.37647463435873,2.71317901279887e-05,0.000489457493908916,0.000439820597864238,"COL1A1/COL5A1/COL5A2/COL11A1/COL1A2",5
"CC","GO:0016323","basolateral plasma membrane","23/669","264/19960",0.0871212121212121,2.59931150065679,4.87136962018007,3.04494582287122e-05,0.000528180986967277,0.000474617061459684,"CLDN1/AQP9/SLC22A3/CDH2/SLCO1B3/SLC5A6/SLCO4A1/SLC6A6/SLC7A5/SLC29A1/SLC13A3/CA9/SLC2A9/SLC9B2/NKD2/SLC43A3/SLC7A1/LEPR/C5AR1/LDLR/AURKA/FXYD5/SLC2A1",23
"CC","GO:0031261","DNA replication preinitiation complex","5/669","13/19960",0.384615384615385,11.4752213406922,7.0356004517272,4.28733401006388e-05,0.000716143569829188,0.000643517970321478,"MCM3/MCM2/GINS1/GINS2/CDC45",5
"CC","GO:1904724","tertiary granule lumen","9/669","55/19960",0.163636363636364,4.8821850794945,5.36885367107661,8.09456097094098e-05,0.00130380249924799,0.00117158119316251,"ORM1/HP/NIT2/OSCAR/CTSH/LRG1/MMP9/TNFAIP6/GGH",9
"CC","GO:0045177","apical part of cell","32/669","474/19960",0.0675105485232067,2.01421606655188,4.16162923044137,0.000150562178609548,0.00234150146734159,0.00210404496423506,"CLDN1/TF/SLC22A3/HPN/BYSL/CDH2/SPTBN2/SNX10/SLC5A6/SLC6A6/ENPEP/FN1/SLC7A5/SLC29A1/STC1/SLC39A10/FAP/SLC2A9/CTSB/SLC43A1/CYP4F2/SLC9B2/DPEP1/IGFBP2/SLC7A1/C5AR1/LDLR/SAPCD2/ANO1/SLC2A1/GPR143/THY1",32
"CC","GO:1904090","peptidase inhibitor complex","4/669","11/19960",0.363636363636364,10.8493001766544,6.0847988850388,0.000341931227576036,0.00514036612122641,0.00461907096900961,"VTN/SERPINE1/CTSB/CSTA",4
"CC","GO:0000940","outer kinetochore","5/669","20/19960",0.25,7.45889387144993,5.38165244350998,0.000424936517950512,0.00618214095469938,0.00555519726352961,"SKA3/SPC25/NUF2/PLK1/CCNB1",5
"CC","GO:0000779","condensed chromosome, centromeric region","16/669","185/19960",0.0864864864864865,2.58037409606916,4.0215419016818,0.000515855924612987,0.00727034443751428,0.00653304378210526,"CEBPB/CBX3/CENPN/CENPH/SKA3/SPC25/NUF2/HJURP/AURKA/MAD2L1/KIF2C/BIRC5/NEK2/PLK1/CENPW/CCNB1",16
"CC","GO:0000775","chromosome, centromeric region","20/669","262/19960",0.0763358778625954,2.27752484624425,3.8762699275805,0.000563722782665178,0.00770421136309077,0.00692291136606359,"CEBPB/CBX3/SNAI1/DSCC1/CENPN/CENPH/CDCA5/SKA3/SPC25/NUF2/HJURP/AURKA/MAD2L1/KIF2C/BIRC5/NEK2/PLK1/CENPW/CCNB1/TOP2A",20
"CC","GO:0016324","apical plasma membrane","27/669","408/19960",0.0661764705882353,1.9744130836191,3.70324692928272,0.000654879739580165,0.00868678713384277,0.00780584209716295,"CLDN1/TF/SLC22A3/HPN/CDH2/SPTBN2/SLC5A6/SLC6A6/ENPEP/FN1/SLC7A5/SLC29A1/STC1/SLC39A10/SLC2A9/CTSB/SLC43A1/CYP4F2/SLC9B2/DPEP1/IGFBP2/SLC7A1/SAPCD2/ANO1/SLC2A1/GPR143/THY1",27
"CC","GO:0031528","microvillus membrane","6/669","33/19960",0.181818181818182,5.42465008832722,4.73718143222988,0.000708584085252666,0.00913061206997007,0.0082046578292414,"SLC6A6/SLC7A5/SLC38A4/CA9/DPEP1/S100P",6
"CC","GO:0030684","preribosome","11/669","106/19960",0.10377358490566,3.09614462588487,4.02953790367628,0.000856892075501988,0.0107349535014277,0.00964629968035863,"RCL1/PNO1/BYSL/WDR43/NOP58/UTP14A/DCAF13/RRP9/BOP1/RRS1/RRP1",11
"CC","GO:1904813","ficolin-1-rich granule lumen","12/669","124/19960",0.0967741935483871,2.88731375669029,3.92584343537803,0.000947201350644407,0.0115456164632602,0.0103747516357922,"A1BG/SERPINA1/PRDX4/HSP90AB1/HK3/MIF/CTSH/CTSB/IMPDH1/LRG1/MMP9/TNFAIP6",12
"CC","GO:0035580","specific granule lumen","8/669","62/19960",0.129032258064516,3.84975167558706,4.18507481986052,0.00104598607340915,0.0124142031344086,0.011155253137466,"ORM2/ORM1/HP/NIT2/CHI3L1/OSCAR/LRG1/GGH",8
"CC","GO:0070820","tertiary granule","14/669","164/19960",0.0853658536585366,2.546939370739,3.70434622992602,0.00127955903455729,0.0147969519124445,0.0132963624373699,"ORM1/HP/NIT2/OLR1/ATP11A/SLC11A1/FPR1/OSCAR/CTSH/LRG1/MMP9/TNFAIP6/GGH/SLC2A3",14
"CC","GO:0101002","ficolin-1-rich granule","15/669","185/19960",0.0810810810810811,2.41910071506484,3.61115320893623,0.001467209555361,0.0165427877366953,0.0148651494424733,"A1BG/SERPINA1/PRDX4/SLC11A1/HSP90AB1/FPR1/HK3/MIF/CTSH/CTSB/IMPDH1/LRG1/MMP9/TNFAIP6/SLC2A3",15
"CC","GO:0000776","kinetochore","14/669","173/19960",0.0809248554913295,2.41443963468899,3.4795458978543,0.00211951762040537,0.023177497745198,0.020827019796712,"CENPN/CENPH/SKA3/SPC25/NUF2/HJURP/AURKA/MAD2L1/KIF2C/BIRC5/NEK2/PLK1/CENPW/CCNB1",14
"CC","GO:0005732","sno(s)RNA-containing ribonucleoprotein complex","5/669","28/19960",0.178571428571429,5.32778133674995,4.26750426264331,0.00215843659711379,0.023177497745198,0.020827019796712,"NOP58/DKC1/RRP9/RPP40/SNORA62",5
"CC","GO:0005775","vacuolar lumen","14/669","178/19960",0.0786516853932584,2.34661829663593,3.36065933420142,0.00275602259479082,0.0289061904709455,0.0259747539533529,"ORM2/GC/SERPINA3/TTR/BGN/C3/SDC4/CTSB/IMPDH1/EPDR1/VCAN/HYAL1/GGH/GZMB",14
"CC","GO:0005769","early endosome","26/669","438/19960",0.0593607305936073,1.77106155851779,3.0385684927616,0.00369256192558366,0.0378487597372325,0.0340104387882705,"APOA2/APOC2/APOC3/APOA1/TF/TBC1D16/HPS3/ATP11A/HSPD1/FCGR1A/IFITM3/NME1/HSD17B6/RHOD/APOE/BOK/LIPG/PCSK9/PTP4A3/F2R/SPHK1/LDLR/LAPTM4B/KIFC1/PMEPA1/SLC35D3",26
"MF","GO:0005539","glycosaminoglycan binding","37/654","246/18737",0.150406504065041,4.30912334352701,9.93556070972099,5.8393459011282e-14,4.84081775203527e-11,3.93387513339163e-11,"VTN/AMBP/APOH/SERPINC1/HRG/SERPINA10/SAA1/BGN/KNG1/TNFRSF11B/THBS2/LIPC/VEGFA/FN1/SHH/CXCL6/APOE/TREM2/FGFRL1/LIPG/SMOC1/LTBP2/FGFR4/CXCL10/VCAN/SULF1/CXCL11/COL5A1/TNFAIP6/COMP/ANG/CEL/SERPINE2/CFH/COL11A1/POSTN/BMP7",37
"MF","GO:0004866","endopeptidase inhibitor activity","29/654","168/18737",0.172619047619048,4.94550931993593,9.76912188691338,9.31184497061789e-13,3.85975974032112e-10,3.13662146378708e-10,"AMBP/AHSG/SERPINF2/SERPINC1/HRG/ITIH4/AGT/SERPINA3/SERPINA10/TIMP1/KNG1/C5/SERPINA1/SERPINE1/SLCO1B3/SERPINA6/C4B/C3/C4A/SERPING1/BIRC5/CST1/CSTA/SERPINE2/TFPI/PTTG1/TFPI2/PROS1/SERPINB5",29
"MF","GO:0008201","heparin binding","29/654","176/18737",0.164772727272727,4.72071344175702,9.43135177463444,3.12237707385138e-12,5.70548619431555e-10,4.63654518997137e-10,"VTN/APOH/SERPINC1/HRG/SERPINA10/SAA1/KNG1/THBS2/LIPC/VEGFA/FN1/CXCL6/APOE/FGFRL1/LIPG/SMOC1/LTBP2/FGFR4/CXCL10/CXCL11/COL5A1/COMP/ANG/CEL/SERPINE2/CFH/COL11A1/POSTN/BMP7",29
"MF","GO:0030414","peptidase inhibitor activity","29/654","176/18737",0.164772727272727,4.72071344175702,9.43135177463444,3.12237707385138e-12,5.70548619431555e-10,4.63654518997137e-10,"AMBP/AHSG/SERPINF2/SERPINC1/HRG/ITIH4/AGT/SERPINA3/SERPINA10/TIMP1/KNG1/C5/SERPINA1/SERPINE1/SLCO1B3/SERPINA6/C4B/C3/C4A/SERPING1/BIRC5/CST1/CSTA/SERPINE2/TFPI/PTTG1/TFPI2/PROS1/SERPINB5",29
"MF","GO:0061135","endopeptidase regulator activity","30/654","189/18737",0.158730158730159,4.54759477695258,9.32198580280267,3.54096312259602e-12,5.70548619431555e-10,4.63654518997137e-10,"AMBP/AHSG/SERPINF2/SERPINC1/HRG/ITIH4/AGT/SERPINA3/SERPINA10/TIMP1/KNG1/C5/SERPINA1/SERPINE1/SLCO1B3/SERPINA6/C4B/C3/ADRM1/C4A/SERPING1/BIRC5/CST1/CSTA/SERPINE2/TFPI/PTTG1/TFPI2/PROS1/SERPINB5",30
"MF","GO:0005201","extracellular matrix structural constituent","28/654","166/18737",0.168674698795181,4.83250432924358,9.43215925762916,4.12942305981825e-12,5.70548619431555e-10,4.63654518997137e-10,"FGG/VTN/FGB/FGA/BGN/CHI3L1/TGFBI/THBS2/COL4A1/CTHRC1/FN1/COL18A1/COL4A2/COL1A1/SPARC/LTBP2/IGFBP7/VCAN/COL10A1/COL5A1/ASPN/COMP/COL5A2/COL11A1/TFPI2/SRPX2/COL1A2/POSTN",28
"MF","GO:0061134","peptidase regulator activity","33/654","235/18737",0.140425531914894,4.02317001756783,8.86909356420271,9.41799606308327e-12,1.11535981947086e-09,9.06393606071172e-10,"AMBP/AHSG/SERPINF2/SERPINC1/HRG/ITIH4/AGT/SERPINA3/SERPINA10/TIMP1/KNG1/C5/SERPINA1/SERPINE1/SLCO1B3/SERPINA6/FN1/C4B/C3/ADRM1/CTSH/C4A/SERPING1/PRSS22/BIRC5/CST1/CSTA/SERPINE2/TFPI/PTTG1/TFPI2/PROS1/SERPINB5",33
"MF","GO:0004857","enzyme inhibitor activity","44/654","410/18737",0.107317073170732,3.07461773700306,8.07748940239982,3.7914540180494e-11,3.92889422620369e-09,3.19280338362055e-09,"APOA2/APOC2/APOC3/AMBP/AHSG/SERPINF2/SERPINC1/APOC1/HRG/ITIH4/AGT/SERPINA3/SERPINA10/TIMP1/KNG1/C5/SERPINA1/SERPINE1/TRIB3/SLCO1B3/SERPINA6/NPM1/RTKN/C4B/C3/IPO5/DDX21/TESC/ANGPTL4/UGT1A6/C4A/SERPING1/UGT1A1/IGFBP2/ANXA3/BIRC5/CST1/CSTA/SERPINE2/TFPI/PTTG1/TFPI2/PROS1/SERPINB5",44
"MF","GO:1901681","sulfur compound binding","34/654","277/18737",0.122743682310469,3.5165877300478,8.02468849609814,1.9309966257488e-10,1.77866244749528e-08,1.44542437482951e-08,"VTN/AMBP/APOH/SERPINC1/HRG/SERPINA10/SAA1/KNG1/TNFRSF11B/THBS2/LIPC/VEGFA/FN1/CXCL6/APOE/FGFRL1/LIPG/CBS/SMOC1/LTBP2/FGFR4/ITGA2/CXCL10/CXCL11/COL5A1/PC/COMP/ANG/CEL/SERPINE2/CFH/COL11A1/POSTN/BMP7",34
"MF","GO:0071813","lipoprotein particle binding","11/654","32/18737",0.34375,9.84838493883792,9.52691329343636,5.69834186307716e-09,4.29447764044633e-07,3.48989358121472e-07,"APOA2/APOA1/CRP/HSPD1/LIPC/LRP8/APOE/MSR1/TREM2/PCSK9/LDLR",11
"MF","GO:0071814","protein-lipid complex binding","11/654","32/18737",0.34375,9.84838493883792,9.52691329343636,5.69834186307716e-09,4.29447764044633e-07,3.48989358121472e-07,"APOA2/APOA1/CRP/HSPD1/LIPC/LRP8/APOE/MSR1/TREM2/PCSK9/LDLR",11
"MF","GO:0019842","vitamin binding","22/654","150/18737",0.146666666666667,4.20197757390418,7.48775003448423,1.2321376754967e-08,8.51201777488971e-07,6.91726414313937e-07,"GC/AGXT/RBP4/SEC14L2/GPT2/PSAT1/SHMT2/C8G/FASN/ALB/P4HA1/KYNU/CBS/SDS/STRA6/TTPA/PC/GLDC/RBP1/ABAT/RBP5/CYP2W1",22
"MF","GO:0004252","serine-type endopeptidase activity","24/654","178/18737",0.134831460674157,3.86290073188331,7.29845738766018,1.46765104656246e-08,9.35909782769445e-07,7.60564105101193e-07,"HP/F12/HPN/PROC/CFI/CFB/C2/MMP7/F10/FAP/CTSH/PCSK9/TMPRSS3/PRSS22/MMP9/TMPRSS6/KLK6/MMP11/TMPRSS13/C1R/MASP1/GZMB/C1S/KLK10",24
"MF","GO:0031406","carboxylic acid binding","24/654","187/18737",0.128342245989305,3.67698572339695,6.99659883195702,3.87381923428893e-08,2.25468589065645e-06,1.83226331029157e-06,"AMBP/APOC1/CPS1/TNFRSF11B/PRR7/ALB/P4HA1/GRIN2D/SLC1A3/AKR1C1/FABP6/UGT1A1/EPDR1/S100A8/GSTA1/S100A9/PC/GLDC/RBP1/GPR143/FABP3/COL11A1/RBP5/CYP2W1",24
"MF","GO:0050840","extracellular matrix binding","14/654","65/18737",0.215384615384615,6.1707362973418,7.94155815587468,4.07964877682108e-08,2.25468589065645e-06,1.83226331029157e-06,"VTN/AMBP/SPP1/BGN/TGFBI/ADAMTSL2/VEGFA/SHH/SPARC/SMOC1/LTBP2/ITGA2/OLFML2B/COL11A1",14
"MF","GO:0004867","serine-type endopeptidase inhibitor activity","17/654","102/18737",0.166666666666667,4.7749745158002,7.27011839285356,8.3261816964533e-08,4.24348370886501e-06,3.44845352507601e-06,"AMBP/SERPINF2/SERPINC1/HRG/ITIH4/AGT/SERPINA3/SERPINA10/SERPINA1/SERPINE1/SLCO1B3/SERPINA6/SERPING1/SERPINE2/TFPI/TFPI2/SERPINB5",17
"MF","GO:0008236","serine-type peptidase activity","24/654","195/18737",0.123076923076923,3.52613502705246,6.74353552868363,8.70195694218398e-08,4.24348370886501e-06,3.44845352507601e-06,"HP/F12/HPN/PROC/CFI/CFB/C2/MMP7/F10/FAP/CTSH/PCSK9/TMPRSS3/PRSS22/MMP9/TMPRSS6/KLK6/MMP11/TMPRSS13/C1R/MASP1/GZMB/C1S/KLK10",24
"MF","GO:0017171","serine hydrolase activity","24/654","199/18737",0.120603015075377,3.45525794108155,6.62192557808952,1.28171754211628e-07,5.59233601270734e-06,4.54459405514913e-06,"HP/F12/HPN/PROC/CFI/CFB/C2/MMP7/F10/FAP/CTSH/PCSK9/TMPRSS3/PRSS22/MMP9/TMPRSS6/KLK6/MMP11/TMPRSS13/C1R/MASP1/GZMB/C1S/KLK10",24
"MF","GO:0043177","organic acid binding","24/654","199/18737",0.120603015075377,3.45525794108155,6.62192557808952,1.28171754211628e-07,5.59233601270734e-06,4.54459405514913e-06,"AMBP/APOC1/CPS1/TNFRSF11B/PRR7/ALB/P4HA1/GRIN2D/SLC1A3/AKR1C1/FABP6/UGT1A1/EPDR1/S100A8/GSTA1/S100A9/PC/GLDC/RBP1/GPR143/FABP3/COL11A1/RBP5/CYP2W1",24
"MF","GO:0004497","monooxygenase activity","17/654","106/18737",0.160377358490566,4.59478679822284,7.05829912845796,1.48771895616134e-07,6.16659507328877e-06,5.01126385233295e-06,"CYP2E1/FMO3/PAH/CYP2C9/CYP2D6/CYP4F3/CYP3A4/MSMO1/CYP39A1/SQLE/CYP2B6/AKR1C1/CYP1B1/AGMO/CYP4F2/CYP27A1/CYP2W1",17
"MF","GO:0005125","cytokine activity","26/654","238/18737",0.109243697478992,3.12981522884383,6.28851863566248,2.81813363540306e-07,1.1124918017853e-05,9.04062920630556e-06,"SPP1/TIMP1/C5/TNFRSF11B/INHBB/VEGFA/INHBA/CXCL6/CXCL2/MIF/GDF15/IL1RN/OSM/CCL3/CXCL10/CXCL11/CCL4/AREG/CXCL9/WNT11/CCL4L1/CXCL3/IL1B/BMP7/CCL18/FAM3B",26
"MF","GO:0033293","monocarboxylic acid binding","14/654","79/18737",0.177215189873418,5.07718809274958,6.90611522978133,5.30184679038021e-07,1.99783226782963e-05,1.62353203150399e-05,"APOC1/PRR7/ALB/AKR1C1/FABP6/UGT1A1/S100A8/GSTA1/S100A9/PC/RBP1/FABP3/RBP5/CYP2W1",14
"MF","GO:0008009","chemokine activity","11/654","49/18737",0.224489795918367,6.43159832740436,7.23996297258512,7.49426825716364e-07,2.70119495008202e-05,2.19511747578248e-05,"C5/CXCL6/CXCL2/CCL3/CXCL10/CXCL11/CCL4/CXCL9/CCL4L1/CXCL3/CCL18",11
"MF","GO:0016705","oxidoreductase activity, acting on paired donors, with incorporation or reduction of molecular oxygen","21/654","180/18737",0.116666666666667,3.34248216106014,6.00552159265978,1.34610383993353e-06,4.64966701377041e-05,3.77853709455027e-05,"CYP2E1/FMO3/PAH/CYP2C9/CYP2D6/SCD/CYP4F3/P4HA1/CYP3A4/MSMO1/CYP39A1/SQLE/CYP2B6/AKR1C1/CYP1B1/AGMO/CYP4F2/FADS1/CYP27A1/FADS2/CYP2W1",21
"MF","GO:0005506","iron ion binding","19/654","153/18737",0.124183006535948,3.5578241490276,6.04141781948918,1.6645080915091e-06,5.51950883144416e-05,4.48541127817188e-05,"CYP2E1/TF/PAH/CYP2C9/AOX1/CYP2D6/SCD/CYP4F3/P4HA1/CYP3A4/MSMO1/CYP39A1/CYP2B6/CYP1B1/AGMO/CYP4F2/RRM2/CYP27A1/CYP2W1",19
"MF","GO:0016712","oxidoreductase activity, acting on paired donors, with incorporation or reduction of molecular oxygen, reduced flavin or flavoprotein as one donor, and incorporation of one atom of oxygen","10/654","44/18737",0.227272727272727,6.5113288851821,6.96041661741044,2.12476767829258e-06,6.77474002040212e-05,5.50547090731682e-05,"CYP2E1/CYP2C9/CYP2D6/CYP4F3/CYP3A4/CYP39A1/CYP2B6/CYP1B1/CYP4F2/CYP2W1",10
"MF","GO:0016709","oxidoreductase activity, acting on paired donors, with incorporation or reduction of molecular oxygen, NAD(P)H as one donor, and incorporation of one atom of oxygen","9/654","35/18737",0.257142857142857,7.36710353866317,7.17007964665838,2.27685226668071e-06,6.99077973732707e-05,5.68103489542166e-05,"CYP2E1/FMO3/CYP2D6/CYP3A4/SQLE/CYP2B6/AKR1C1/CYP1B1/CYP4F2",9
"MF","GO:0005504","fatty acid binding","10/654","47/18737",0.212765957446809,6.09571214783005,6.65183146722432,4.03443964668182e-06,0.00011944823096783,9.70692245818182e-05,"APOC1/PRR7/ALB/FABP6/S100A8/GSTA1/S100A9/RBP1/FABP3/RBP5",10
"MF","GO:0001540","amyloid-beta binding","13/654","83/18737",0.156626506024096,4.48732544858332,6.0553271393804,5.66339568303125e-06,0.000161895000732169,0.000131563456883485,"APOA1/MARCO/PFDN4/LRP8/APOE/LDLRAD3/MSR1/PFDN2/TREM2/ITGA2/LDLR/FBXO2/CLU",13
"MF","GO:0019841","retinol binding","6/654","16/18737",0.375,10.7436926605505,7.41499936858238,1.04900739355701e-05,0.00028987570975292,0.00023556657258824,"RBP4/C8G/STRA6/RBP1/RBP5/CYP2W1",6
"MF","GO:0030169","low-density lipoprotein particle binding","6/654","17/18737",0.352941176470588,10.1117107393416,7.14765421876742,1.57341206900337e-05,0.000420760840388322,0.000341929957270682,"CRP/LIPC/MSR1/TREM2/PCSK9/LDLR",6
"MF","GO:0090482","vitamin transmembrane transporter activity","8/654","34/18737",0.235294117647059,6.74114049289441,6.37197507316915,1.71412937455181e-05,0.000444066641094829,0.000360869342010908,"GC/RBP4/SLC25A32/SLC5A6/SLC19A2/STRA6/SLC2A1/SLC2A3",8
"MF","GO:0030170","pyridoxal phosphate binding","10/654","56/18737",0.178571428571429,5.11604412407165,5.86632401772399,2.09067277477201e-05,0.000510033487629256,0.000414477089813629,"AGXT/GPT2/PSAT1/SHMT2/ALB/KYNU/CBS/SDS/GLDC/ABAT",10
"MF","GO:0030020","extracellular matrix structural constituent conferring tensile strength","9/654","45/18737",0.2,5.72996941896024,6.04127736631761,2.09181406265316e-05,0.000510033487629256,0.000414477089813629,"COL4A1/COL18A1/COL4A2/COL1A1/COL10A1/COL5A1/COL5A2/COL11A1/COL1A2",9
"MF","GO:0001848","complement binding","7/654","26/18737",0.269230769230769,7.71342037167725,6.51439500171499,2.25190085342732e-05,0.000513218819827904,0.000417065639883003,"CRP/CFHR1/CFB/C8G/C4B/C4A/CFH",7
"MF","GO:0034185","apolipoprotein binding","6/654","18/18737",0.333333333333333,9.54994903160041,6.90161180821027,2.29060269404493e-05,0.000513218819827904,0.000417065639883003,"HSPD1/LIPC/LRP8/TREM2/PCSK9/LCAT",6
"MF","GO:0045236","CXCR chemokine receptor binding","6/654","18/18737",0.333333333333333,9.54994903160041,6.90161180821027,2.29060269404493e-05,0.000513218819827904,0.000417065639883003,"CXCL6/CXCL2/CXCL10/CXCL11/CXCL9/CXCL3",6
"MF","GO:0070279","vitamin B6 binding","10/654","57/18737",0.175438596491228,5.02628896400021,5.78956593709801,2.45714607673979e-05,0.000530406888646295,0.000431033469282749,"AGXT/GPT2/PSAT1/SHMT2/ALB/KYNU/CBS/SDS/GLDC/ABAT",10
"MF","GO:0008514","organic anion transmembrane transporter activity","24/654","268/18737",0.0895522388059701,2.56565794878817,4.90947062089823,2.49527969326967e-05,0.000530406888646295,0.000431033469282749,"SLC27A5/SLC22A3/SLCO1B3/SLC25A32/SLC5A6/SLCO4A1/SLC6A6/SLC19A2/SLC7A5/GRIN2D/SLC25A15/MFSD12/SLC1A3/SLC13A3/SLC38A4/SLC39A10/SLC43A1/SLC43A3/SLC7A1/SLC7A2/SLC2A1/SLC2A3/SLC17A9/SLC35D3",24
"MF","GO:0043394","proteoglycan binding","8/654","37/18737",0.216216216216216,6.19456153401108,6.01479771221697,3.32309924958432e-05,0.000688712319476351,0.000559679873614201,"HRG/FN1/APOE/CTSB/ITGA2/COL5A1/COMP/CFH",8
"MF","GO:0004175","endopeptidase activity","31/654","404/18737",0.0767326732673267,2.19837935628425,4.63084563385251,3.7634337878884e-05,0.000752867526831481,0.000611815398605991,"HP/F12/CPS1/HPN/PROC/CFI/CFB/C2/ADAMTS2/MMP7/F10/SHH/ADAMTS4/FAP/CTSH/ECE2/PCSK9/CTSB/TMPRSS3/CPNE1/PRSS22/MMP9/TMPRSS6/KLK6/MMP11/TMPRSS13/C1R/MASP1/GZMB/C1S/KLK10",31
"MF","GO:0016645","oxidoreductase activity, acting on the CH-NH group of donors","7/654","28/18737",0.25,7.16246177370031,6.2058323414185,3.81428662568422e-05,0.000752867526831481,0.000611815398605991,"MTHFD1L/PIPOX/MTHFD1/SMOX/IL4I1/PYCR1/ALDH1L1",7
"MF","GO:0020037","heme binding","16/654","143/18737",0.111888111888112,3.20557729732042,5.03495925131535,4.04107078766087e-05,0.000779080856504851,0.000633117577503784,"CYP2E1/AMBP/HRG/CYP2C9/TDO2/CYP2D6/CYP4F3/STC2/CYP3A4/CYP39A1/CYP2B6/CYP1B1/CBS/CYP4F2/CYP27A1/CYP2W1",16
"MF","GO:0033218","amide binding","22/654","244/18737",0.0901639344262295,2.58318293477716,4.73384899383095,4.85155567163173e-05,0.000914077193586977,0.000742821921015384,"APOA1/MARCO/PFDN4/FASN/INHBA/LRP8/GLTPD2/APOE/LDLRAD3/MSR1/PFDN2/TREM2/EPDR1/FOLH1/ITGA2/LDLR/LAPTM4B/FKBP10/PC/FBXO2/CLU/RAMP1",22
"MF","GO:0008035","high-density lipoprotein particle binding","5/654","13/18737",0.384615384615385,11.0191719595389,6.87220747064709,5.20054184741478e-05,0.000958055375890411,0.000778560650841043,"APOA2/APOA1/HSPD1/LRP8/TREM2",5
"MF","GO:0042379","chemokine receptor binding","11/654","75/18737",0.146666666666667,4.20197757390418,5.28398890328597,5.53393045757474e-05,0.000997310510723795,0.000810461211177994,"C5/CXCL6/CXCL2/CCL3/CXCL10/CXCL11/CCL4/CXCL9/CCL4L1/CXCL3/CCL18",11
"MF","GO:0016597","amino acid binding","9/654","51/18737",0.176470588235294,5.0558553696708,5.51571029624184,5.95869383077086e-05,0.00105101216717214,0.000854101691308701,"AGXT/CPS1/TDO2/SHMT2/GRIN2D/SLC1A3/OTC/GLDC/GPR143",9
"MF","GO:0043178","alcohol binding","12/654","91/18737",0.131868131868132,3.77800181469906,5.05187333717731,7.49826718458413e-05,0.00129501322833755,0.00105238837678374,"APOA2/APOC3/APOA1/RBP4/C8G/TMEM97/SULT2B1/GRAMD1A/STRA6/RBP1/RBP5/CYP2W1",12
"MF","GO:0070325","lipoprotein particle receptor binding","7/654","31/18737",0.225806451612903,6.46932031172931,5.79583232125641,7.73341407840284e-05,0.00130836740224407,0.00106324060369019,"APOA2/APOC3/APOA1/CRP/APOE/PCSK9/CLU",7
"MF","GO:0002020","protease binding","15/654","136/18737",0.110294117647059,3.15990960604425,4.80760696450932,8.23447283722984e-05,0.00136527559641271,0.00110948686648992,"SERPINF2/SERPINC1/SERPINA1/SERPINE1/RIPK2/FN1/ADRM1/ADAMTS4/MIF/FAP/COL1A1/LDLR/CSTA/COMP/COL1A2",15
"MF","GO:0046943","carboxylic acid transmembrane transporter activity","18/654","185/18737",0.0972972972972973,2.78755269030498,4.64666561004895,8.78857325636135e-05,0.00142857396657325,0.00116092608546362,"SLC27A5/SLCO1B3/SLC25A32/SLC5A6/SLC6A6/SLC19A2/SLC7A5/GRIN2D/SLC25A15/MFSD12/SLC1A3/SLC13A3/SLC38A4/SLC43A1/SLC43A3/SLC7A1/SLC7A2/SLC2A1",18
"MF","GO:0046906","tetrapyrrole binding","16/654","153/18737",0.104575163398693,2.9960624412864,4.71457242523305,9.16363755407624e-05,0.00146089529467869,0.00118719190983984,"CYP2E1/AMBP/HRG/CYP2C9/TDO2/CYP2D6/CYP4F3/STC2/CYP3A4/CYP39A1/CYP2B6/CYP1B1/CBS/CYP4F2/CYP27A1/CYP2W1",16
"MF","GO:0005342","organic acid transmembrane transporter activity","18/654","186/18737",0.0967741935483871,2.77256584788399,4.6202689690096,9.42085912993201e-05,0.00147356456956861,0.00119748755574111,"SLC27A5/SLCO1B3/SLC25A32/SLC5A6/SLC6A6/SLC19A2/SLC7A5/GRIN2D/SLC25A15/MFSD12/SLC1A3/SLC13A3/SLC38A4/SLC43A1/SLC43A3/SLC7A1/SLC7A2/SLC2A1",18
"MF","GO:0055102","lipase inhibitor activity","5/654","16/18737",0.3125,8.95307721712538,6.0523319646599,0.000161759410284283,0.00248330650232723,0.00201805112245499,"APOA2/APOC2/APOC3/APOC1/ANXA3",5
"MF","GO:0004869","cysteine-type endopeptidase inhibitor activity","7/654","36/18737",0.194444444444444,5.5708036017669,5.2203962386107,0.00021098714752356,0.00316130967276775,0.00256902824020235,"AHSG/HRG/KNG1/BIRC5/CST1/CSTA/PTTG1",7
"MF","GO:0019838","growth factor binding","14/654","132/18737",0.106060606060606,3.03862014641831,4.4699278387481,0.00021355047246682,0.00316130967276775,0.00256902824020235,"COL4A1/RHBDF2/FGFRL1/COL1A1/IL1RN/IGFALS/NKD2/IGFBP2/LTBP2/FGFR4/IGFBP7/COL5A1/SRPX2/COL1A2",14
"MF","GO:0008395","steroid hydroxylase activity","6/654","26/18737",0.230769230769231,6.61150317572336,5.44514512963638,0.000223807638761743,0.00319890573333594,0.00259958055912006,"CYP2C9/CYP3A4/CYP39A1/CYP2B6/CYP1B1/CYP27A1",6
"MF","GO:0070330","aromatase activity","6/654","26/18737",0.230769230769231,6.61150317572336,5.44514512963638,0.000223807638761743,0.00319890573333594,0.00259958055912006,"CYP2E1/CYP2C9/CYP4F3/CYP3A4/CYP1B1/CYP4F2",6
"MF","GO:0048029","monosaccharide binding","10/654","74/18737",0.135135135135135,3.87160095875692,4.70696851565079,0.000240090820173004,0.00337347949022746,0.00274144736682823,"COLEC11/ASGR1/KHK/GALK1/ALDOB/P4HA1/HK3/FBP1/HKDC1/SLC2A3",10
"MF","GO:0005501","retinoid binding","7/654","38/18737",0.184210526315789,5.27760341220023,5.01967034601045,0.000300254927120263,0.00408051368168357,0.00331601645137132,"RBP4/C8G/UGT1A1/STRA6/RBP1/RBP5/CYP2W1",7
"MF","GO:0019840","isoprenoid binding","7/654","38/18737",0.184210526315789,5.27760341220023,5.01967034601045,0.000300254927120263,0.00408051368168357,0.00331601645137132,"RBP4/C8G/UGT1A1/STRA6/RBP1/RBP5/CYP2W1",7
"MF","GO:0030246","carbohydrate binding","22/654","280/18737",0.0785714285714286,2.25105941459152,4.01114597150229,0.000353625522571048,0.00472831545502256,0.0038424504999231,"FCN3/COLEC11/VTN/AMBP/ASGR1/CHI3L1/OLR1/KHK/GALK1/SORD/ALDOB/C4B/P4HA1/HK3/FBP1/VCAN/GALNT6/LOXL2/HKDC1/SLC2A3/FBXO2/FAM3B",22
"MF","GO:0005496","steroid binding","12/654","108/18737",0.111111111111111,3.1833163438668,4.32738807636184,0.000387103967201877,0.00501075860373226,0.00407197702544429,"APOA2/APOC3/APOA1/GC/HSD11B1/SERPINA6/INSIG1/TMEM97/CYP3A4/UGT1A1/SULT2B1/GRAMD1A",12
"MF","GO:0016918","retinal binding","5/654","19/18737",0.263157894736842,7.53943344600032,5.42349538647999,0.000394737531051674,0.00501075860373226,0.00407197702544429,"RBP4/STRA6/RBP1/RBP5/CYP2W1",5
"MF","GO:0043395","heparan sulfate proteoglycan binding","5/654","19/18737",0.263157894736842,7.53943344600032,5.42349538647999,0.000394737531051674,0.00501075860373226,0.00407197702544429,"HRG/APOE/ITGA2/COMP/CFH",5
"MF","GO:0048407","platelet-derived growth factor binding","4/654","11/18737",0.363636363636364,10.4181262162914,5.94196940411569,0.000398926499211495,0.00501075860373226,0.00407197702544429,"COL4A1/COL1A1/COL5A1/COL1A2",4
"MF","GO:0042277","peptide binding","20/654","249/18737",0.0803212851405622,2.30119253773504,3.93086693971399,0.000487964731913584,0.00603765317546808,0.00490647962961027,"APOA1/MARCO/PFDN4/HSP90AB1/ENPEP/SLC7A5/IPO5/LRP8/APOE/LDLRAD3/MSR1/PFDN2/TREM2/KPNA2/ITGA2/LDLR/ANG/TUBB3/FBXO2/CLU",20
"MF","GO:0005178","integrin binding","15/654","161/18737",0.093167701863354,2.66924041255912,4.04527265895616,0.000528768855541318,0.00644631443005519,0.00523857689700377,"VTN/SPP1/ITGBL1/TGFBI/FN1/FAP/ESM1/IGF2/ICAM1/ITGA2/COL5A1/COMP/THY1/FERMT1/IL1B",15
"MF","GO:0015101","organic cation transmembrane transporter activity","10/654","82/18737",0.121951219512195,3.49388379204893,4.30405273750921,0.00055711888426214,0.00669350079787411,0.00543945211178901,"SLC22A3/SLC6A6/SLC19A2/SLC7A5/SLC25A15/MFSD12/SLC38A4/SLC43A1/SLC7A1/SLC7A2",10
"MF","GO:0061575","cyclin-dependent protein serine/threonine kinase activator activity","4/654","12/18737",0.333333333333333,9.54994903160041,5.63423954540013,0.000581915153769435,0.00689153803535516,0.0056003864422923,"CCND1/CKS1B/CKS2/CCNB1",4
"MF","GO:0019200","carbohydrate kinase activity","5/654","21/18737",0.238095238095238,6.82139216542886,5.07600519677094,0.000651949149198442,0.00761219499557054,0.00618602602649374,"KHK/GALK1/FGGY/HK3/HKDC1",5
"MF","GO:0016209","antioxidant activity","10/654","86/18737",0.116279069767442,3.33137756916293,4.1210022357494,0.000814218166675024,0.00915743189866805,0.00744175787587779,"HP/AMBP/APOM/PRDX4/GSTO1/ALB/CP/APOE/GSTA1/S100A9",10
"MF","GO:0017017","MAP kinase tyrosine/serine/threonine phosphatase activity","4/654","13/18737",0.307692307692308,8.81533756763115,5.36058483024332,0.000817430591678451,0.00915743189866805,0.00744175787587779,"DUSP14/DUSP10/DUSP2/DUSP4",4
"MF","GO:0061459","L-arginine transmembrane transporter activity","4/654","13/18737",0.307692307692308,8.81533756763115,5.36058483024332,0.000817430591678451,0.00915743189866805,0.00744175787587779,"SLC25A15/SLC38A4/SLC7A1/SLC7A2",4
"MF","GO:0005543","phospholipid binding","31/654","494/18737",0.062753036437247,1.79786489866162,3.41772233355143,0.00125606224062062,0.0138836746329933,0.0112825239859256,"APOA2/APOC3/APOA1/APOH/APOC1/SEC14L2/CPS1/APOM/SPTBN2/SNX10/PHLDA1/F10/ANXA9/GLTPD2/APOE/TREM2/PACSIN3/CPNE7/SYT7/CPNE1/EPDR1/PXDC1/DPEP1/OTC/ANXA3/LAPTM4B/PHLDA2/TTPA/PLEKHA4/FCGR3B/THY1",31
"MF","GO:0005319","lipid transporter activity","15/654","178/18737",0.0842696629213483,2.41431295742707,3.60553991189445,0.00148092783528234,0.0161538049401192,0.0131273381520873,"APOA2/APOA1/RBP4/SLC27A5/APOM/ATP11A/SLCO1B3/SLCO4A1/GLTPD2/APOE/SLC43A3/GRAMD1A/STRA6/TTPA/SLC2A1",15
"MF","GO:0019865","immunoglobulin binding","5/654","26/18737",0.192307692307692,5.50958597976947,4.37589525755777,0.00182445766200576,0.01959766288818,0.015925978348594,"AMBP/HRG/FCGR3A/FCGR1A/FCGR3B",5
"MF","GO:0038024","cargo receptor activity","8/654","65/18737",0.123076923076923,3.52613502705246,3.87980493943241,0.00184392968067315,0.01959766288818,0.015925978348594,"VTN/ASGR1/TFR2/MARCO/OLR1/LRP8/MSR1/LDLR",8
"MF","GO:0003688","DNA replication origin binding","4/654","16/18737",0.25,7.16246177370031,4.68966456073742,0.00191415649137014,0.0198354466418231,0.0161192125589064,"HSPD1/CDC6/MCM2/CDC45",4
"MF","GO:0008392","arachidonate epoxygenase activity","4/654","16/18737",0.25,7.16246177370031,4.68966456073742,0.00191415649137014,0.0198354466418231,0.0161192125589064,"CYP2E1/CYP2C9/CYP2B6/CYP4F2",4
"MF","GO:0001664","G protein-coupled receptor binding","21/654","299/18737",0.0702341137123746,2.01219661869841,3.35533311366041,0.0019704826391796,0.0201670383688875,0.0163886795201422,"AGT/SAA1/MARCO/C5/CTHRC1/ZNRF3/CXCL6/C3/FPR1/CXCL2/CCL3/CXCL10/AGTR1/CXCL11/CCL4/RNF43/CXCL9/WNT11/CCL4L1/CXCL3/CCL18",21
"MF","GO:0019843","rRNA binding","8/654","66/18737",0.121212121212121,3.47270873876378,3.82695375161379,0.00203544486287704,0.0205778511137203,0.0167225251892337,"NPM1/RPF2/RRS1/BRIX1/DDX21/GTF3A/MRPS17/ANG",8
"MF","GO:0016614","oxidoreductase activity, acting on CH-OH group of donors","12/654","132/18737",0.0909090909090909,2.60453155407284,3.51813469238043,0.00227670919971784,0.0227396617658565,0.0184793137326495,"HSD11B1/SORD/FASN/CYP4F3/HSD17B6/AKR1C1/IMPDH1/CYP4F2/GPD1/PHGDH/DCXR/ADH6",12
"MF","GO:0015171","amino acid transmembrane transporter activity","10/654","99/18737",0.101010101010101,2.89392394896982,3.59312686394351,0.00239351155261942,0.0236216794895417,0.0191960826275242,"SLC6A6/SLC7A5/GRIN2D/SLC25A15/MFSD12/SLC1A3/SLC38A4/SLC43A1/SLC7A1/SLC7A2",10
"MF","GO:0036041","long-chain fatty acid binding","4/654","17/18737",0.235294117647059,6.74114049289441,4.50362047682149,0.00243463440226909,0.023744846111542,0.0192961735907395,"PRR7/S100A8/S100A9/FABP3",4
"MF","GO:0005518","collagen binding","8/654","69/18737",0.115942028985507,3.32172140229579,3.6743271850696,0.00270518165882817,0.0260766929670762,0.0211911415134642,"VTN/TGFBI/FN1/CTSB/SPARC/MMP9/ITGA2/COMP",8
"MF","GO:0015175","neutral L-amino acid transmembrane transporter activity","6/654","41/18737",0.146341463414634,4.19266055045872,3.89190648577914,0.00280501997821144,0.0267282938153711,0.0217206628681829,"SLC6A6/SLC7A5/MFSD12/SLC1A3/SLC38A4/SLC43A1",6
"MF","GO:0051861","glycolipid binding","5/654","29/18737",0.172413793103448,4.93962880944849,4.03768742125736,0.00302171997719179,0.0274353814173427,0.0222952753566114,"TREM2/EPDR1/DPEP1/FCGR3B/THY1",5
"MF","GO:0008391","arachidonate monooxygenase activity","4/654","18/18737",0.222222222222222,6.3666326877336,4.3320042483407,0.00304469854088725,0.0274353814173427,0.0222952753566114,"CYP2E1/CYP2C9/CYP2B6/CYP4F2",4
"MF","GO:0016646","oxidoreductase activity, acting on the CH-NH group of donors, NAD or NADP as acceptor","4/654","18/18737",0.222222222222222,6.3666326877336,4.3320042483407,0.00304469854088725,0.0274353814173427,0.0222952753566114,"MTHFD1L/MTHFD1/PYCR1/ALDH1L1",4
"MF","GO:0030297","transmembrane receptor protein tyrosine kinase activator activity","4/654","18/18737",0.222222222222222,6.3666326877336,4.3320042483407,0.00304469854088725,0.0274353814173427,0.0222952753566114,"VEGFA/IGF2/EREG/AREG",4
"MF","GO:0033549","MAP kinase phosphatase activity","4/654","18/18737",0.222222222222222,6.3666326877336,4.3320042483407,0.00304469854088725,0.0274353814173427,0.0222952753566114,"DUSP14/DUSP10/DUSP2/DUSP4",4
"MF","GO:0170055","lipid transmembrane transporter activity","7/654","56/18737",0.125,3.58123088685015,3.67885675915472,0.0032113864711111,0.0286262299414097,0.0232630146181223,"RBP4/SLC27A5/SLCO1B3/SLCO4A1/SLC43A3/STRA6/SLC2A1",7
"MF","GO:0019207","kinase regulator activity","19/654","273/18737",0.0695970695970696,1.99394540220228,3.14610366574687,0.00348781777337285,0.0307595844055968,0.0249966783310036,"AHSG/AJUBA/TRIB3/ACSL1/NPM1/CCND1/VEGFA/HSP90AB1/TESC/TREM2/CKS1B/CKS2/IGF2/EREG/CCNO/CXCL10/CCNB1/AREG/WNT11",19
"MF","GO:0072341","modified amino acid binding","9/654","88/18737",0.102272727272727,2.93009799833194,3.45131813777479,0.00357321901139787,0.0311810374784087,0.0253391708287494,"CPS1/FASN/ANXA9/TREM2/CBS/CPNE1/DPEP1/ANXA3/GPR143",9
"MF","GO:0019209","kinase activator activity","12/654","142/18737",0.0845070422535211,2.42111383899729,3.23271204508496,0.00415055731371014,0.0353961737920451,0.0287645879333488,"AJUBA/ACSL1/CCND1/VEGFA/TREM2/CKS1B/CKS2/IGF2/EREG/CCNB1/AREG/WNT11",12
"MF","GO:0005345","purine nucleobase transmembrane transporter activity","3/654","10/18737",0.3,8.59495412844037,4.56859985680396,0.0042270460861429,0.0353961737920451,0.0287645879333488,"AQP9/SLC29A1/SLC43A3",3
"MF","GO:0008330","protein tyrosine/threonine phosphatase activity","3/654","10/18737",0.3,8.59495412844037,4.56859985680396,0.0042270460861429,0.0353961737920451,0.0287645879333488,"DUSP10/DUSP2/DUSP4",3
"MF","GO:0033550","MAP kinase tyrosine phosphatase activity","3/654","10/18737",0.3,8.59495412844037,4.56859985680396,0.0042270460861429,0.0353961737920451,0.0287645879333488,"DUSP10/DUSP2/DUSP4",3
"MF","GO:0003678","DNA helicase activity","7/654","59/18737",0.11864406779661,3.39913440107811,3.51000285951342,0.00431891205043187,0.0358037808980802,0.0290958285502779,"DSCC1/RFC3/RUVBL1/RAD54B/MCM3/MCM2/RECQL4",7
"MF","GO:0008083","growth factor activity","13/654","162/18737",0.0802469135802469,2.2990618039038,3.15802076570019,0.00453260197263466,0.0367123753768871,0.0298341949605838,"AGT/TIMP1/INHBB/VEGFA/INHBA/GDF15/MACC1/OSM/IGF2/EREG/JAG2/AREG/BMP7",13
"MF","GO:0015174","basic amino acid transmembrane transporter activity","4/654","20/18737",0.2,5.72996941896024,4.02482759933263,0.00456136871389551,0.0367123753768871,0.0298341949605838,"SLC25A15/SLC38A4/SLC7A1/SLC7A2",4
"MF","GO:0016638","oxidoreductase activity, acting on the CH-NH2 group of donors","4/654","20/18737",0.2,5.72996941896024,4.02482759933263,0.00456136871389551,0.0367123753768871,0.0298341949605838,"IL4I1/GLDC/LOXL2/MAOB",4
"MF","GO:0030515","snoRNA binding","5/654","32/18737",0.15625,4.47653860856269,3.74313302529201,0.00470197665121825,0.0374403079104897,0.0304257470163334,"BYSL/NOP58/DKC1/RRP9/DDX21",5
"MF","GO:0016829","lyase activity","15/654","201/18737",0.0746268656716418,2.13804829065681,3.08491200794433,0.00474213791387385,0.0374403079104897,0.0304257470163334,"SHMT2/GLO1/ALDOB/FASN/PAICS/ENO3/CYP1B1/CA9/GGCT/ODC1/CBS/HMGA1/SDS/GLDC/ECHDC3",15
"MF","GO:0019887","protein kinase regulator activity","17/654","243/18737",0.0699588477366255,2.0043102905828,2.99673054617709,0.00527142091727168,0.0412264900039455,0.0335025758396611,"AJUBA/TRIB3/ACSL1/NPM1/CCND1/VEGFA/HSP90AB1/TESC/CKS1B/CKS2/IGF2/EREG/CCNO/CXCL10/CCNB1/AREG/WNT11",17
"MF","GO:0001846","opsonin binding","4/654","21/18737",0.19047619047619,5.45711373234309,3.88641270422054,0.00548123214088305,0.041542370637166,0.0337592752305075,"CRP/CFHR1/C4A/CFH",4
"MF","GO:0005536","D-glucose binding","3/654","11/18737",0.272727272727273,7.81359466221852,4.2987501000906,0.00566259093124216,0.041542370637166,0.0337592752305075,"HK3/HKDC1/SLC2A3",3
"MF","GO:0015205","nucleobase transmembrane transporter activity","3/654","11/18737",0.272727272727273,7.81359466221852,4.2987501000906,0.00566259093124216,0.041542370637166,0.0337592752305075,"AQP9/SLC29A1/SLC43A3",3
"MF","GO:0016717","oxidoreductase activity, acting on paired donors, with oxidation of a pair of donors resulting in the reduction of molecular oxygen to two molecules of water","3/654","11/18737",0.272727272727273,7.81359466221852,4.2987501000906,0.00566259093124216,0.041542370637166,0.0337592752305075,"SCD/FADS1/FADS2",3
"MF","GO:0016725","oxidoreductase activity, acting on CH or CH2 groups","3/654","11/18737",0.272727272727273,7.81359466221852,4.2987501000906,0.00566259093124216,0.041542370637166,0.0337592752305075,"CYP2C9/CYP3A4/RRM2",3
"MF","GO:0019864","IgG binding","3/654","11/18737",0.272727272727273,7.81359466221852,4.2987501000906,0.00566259093124216,0.041542370637166,0.0337592752305075,"FCGR3A/FCGR1A/FCGR3B",3
"MF","GO:0050786","RAGE receptor binding","3/654","11/18737",0.272727272727273,7.81359466221852,4.2987501000906,0.00566259093124216,0.041542370637166,0.0337592752305075,"FPR1/S100A8/S100A9",3
"MF","GO:0019825","oxygen binding","5/654","34/18737",0.147058823529412,4.213212808059,3.56627954725727,0.00613609328507838,0.0446212397660524,0.0362613084252093,"CYP2E1/TDO2/ALB/CYP3A4/CBS",5
"MF","GO:0048306","calcium-dependent protein binding","8/654","79/18737",0.10126582278481,2.90125033871405,3.22041898022056,0.00623650222668808,0.0449570464862993,0.0365342006872345,"S100A11/LRP8/S100A2/S100A8/ANXA3/S100A9/S100P/MASP1",8
"MF","GO:0005343","organic acid:sodium symporter activity","5/654","35/18737",0.142857142857143,4.09283529925732,3.48288280456132,0.00695736208216533,0.0497211479837505,0.0404057326005972,"SLC5A6/SLC6A6/SLC1A3/SLC13A3/SLC38A4",5
