"ONTOLOGY","ID","Description","GeneRatio","BgRatio","RichFactor","FoldEnrichment","zScore","pvalue","p.adjust","qvalue","geneID","Count"
"BP","GO:0043270","positive regulation of monoatomic ion transport","35/789","215/18986",0.162790697674419,3.91729301146579,8.95776121855219,3.93300636062839e-12,1.86817802129849e-08,1.54339449604449e-08,"P2RX1/EDN3/GCG/SLC9A1/BDKRB1/PLP1/P2RY1/SCN4B/GPD1L/ANK3/P2RX4/GSTM2/CHP1/SRI/CD19/LRRC26/AKAP5/ATP1B3/CAV1/LGALS3/HSPA2/ANK2/FHL1/HEPH/ADRA2A/FXYD3/MS4A1/AKAP7/CCL5/ATP2C2/KCNMB1/MYLK/PRSS8/JPH2/MIR210",35
"BP","GO:0050900","leukocyte migration","49/789","404/18986",0.121287128712871,2.91857721893862,8.11647850548752,1.71731046048556e-11,4.07861234365319e-08,3.36954389299482e-08,"NKX2-3/GPR15/PTN/CD177/CHGA/MMP28/EDN3/CCL28/ADTRP/BMP5/MADCAM1/SCG2/CTSG/BDKRB1/PTGER4/PTK2B/CCL11/PADI2/KITLG/SMPD3/P2RX4/MAPK3/TRPM4/KIT/BSG/APOD/PDGFD/JAM2/ITGB7/ASB2/LGALS3/CCL15/MCOLN2/NBL1/TNFRSF11A/CCL23/EDN2/MMP2/GP2/F2RL1/ITGA3/CCL5/CCL13/GREM1/ST3GAL4/S100A14/DUSP1/LYVE1/CXCL13",49
"BP","GO:0043269","regulation of monoatomic ion transport","54/789","480/18986",0.1125,2.70712927756654,7.88814082234849,2.92508100416965e-11,4.63137825660194e-08,3.8262112222963e-08,"CA7/P2RX1/EDN3/CA2/GCG/SLC9A1/BDKRB1/PLP1/PTK2B/P2RY1/SCN4B/GPD1L/ANK3/ATP8B1/P2RX4/PDE4D/GSTM2/VAMP2/NEDD4L/CHP1/SLC6A9/SRI/CD19/LRRC26/BCL2/AKAP5/ATP1B3/CAV1/B2M/LGALS3/KCNS3/OSR1/HSPA2/FKBP1B/ANK2/FHL1/HEPH/AHNAK/ATP1A2/ADRA2A/FXYD3/MS4A1/PLN/AKAP7/CCL5/ABCB1/ATP2C2/CASQ2/KCNMB1/MYLK/MIR192/PRSS8/JPH2/MIR210",54
"BP","GO:0010959","regulation of metal ion transport","48/789","408/18986",0.117647058823529,2.83098486542906,7.78501155652439,8.11451864977999e-11,9.63599089661373e-08,7.9607698753631e-08,"P2RX1/EDN3/GCG/SLC9A1/BDKRB1/PLP1/PTK2B/SCN4B/GPD1L/ANK3/P2RX4/PDE4D/GSTM2/VAMP2/NEDD4L/CHP1/SRI/CD19/LRRC26/BCL2/AKAP5/ATP1B3/CAV1/B2M/LGALS3/KCNS3/OSR1/HSPA2/FKBP1B/ANK2/FHL1/HEPH/AHNAK/ATP1A2/ADRA2A/FXYD3/MS4A1/PLN/AKAP7/CCL5/ATP2C2/CASQ2/KCNMB1/MYLK/MIR192/PRSS8/JPH2/MIR210",48
"BP","GO:1904062","regulation of monoatomic cation transmembrane transport","40/789","318/18986",0.125786163522013,3.02683916429522,7.58975673450419,4.32784047695343e-10,4.11144845310575e-07,3.39667143117524e-07,"P2RX1/EDN3/SLC9A1/BDKRB1/PLP1/PTK2B/SCN4B/ANK3/P2RX4/PDE4D/GSTM2/VAMP2/NEDD4L/CHP1/SRI/CD19/LRRC26/BCL2/AKAP5/ATP1B3/CAV1/KCNS3/OSR1/HSPA2/FKBP1B/ANK2/FHL1/HEPH/AHNAK/ATP1A2/ADRA2A/FXYD3/MS4A1/PLN/AKAP7/CASQ2/KCNMB1/MIR192/JPH2/MIR210",40
"BP","GO:0034765","regulation of monoatomic ion transmembrane transport","41/789","354/18986",0.115819209039548,2.78700063729386,7.06708810116592,3.15734392510902e-09,2.49956394071131e-06,2.06501371101867e-06,"P2RX1/EDN3/SLC9A1/BDKRB1/PLP1/PTK2B/SCN4B/ANK3/P2RX4/PDE4D/GSTM2/VAMP2/NEDD4L/CHP1/SLC6A9/SRI/CD19/LRRC26/BCL2/AKAP5/ATP1B3/CAV1/KCNS3/OSR1/HSPA2/FKBP1B/ANK2/FHL1/HEPH/AHNAK/ATP1A2/ADRA2A/FXYD3/MS4A1/PLN/AKAP7/CASQ2/KCNMB1/MIR192/JPH2/MIR210",41
"BP","GO:0006936","muscle contraction","41/789","358/18986",0.114525139664804,2.75586096536879,6.98381019416783,4.39401660524139e-09,2.98165412498523e-06,2.46329231644209e-06,"P2RX1/BDKRB2/CHGA/EDN3/SCNN1B/SLC9A1/PDE5A/SCN4B/GPD1L/SSPN/GSN/P2RX4/PDE4D/GSTM2/TRPM4/NEDD4L/KIT/SRI/MAP2K6/CAV1/DES/DSC2/FKBP1B/ANK2/MYH11/EDN2/ATP1A2/SCN7A/ADRA2A/LMOD1/CHRNA3/PPP1R12B/PLN/CRYAB/SLC6A8/KCNMA1/RGS2/CASQ2/CNN1/MYLK/SYNM",41
"BP","GO:1904064","positive regulation of cation transmembrane transport","24/789","144/18986",0.166666666666667,4.01056189269117,7.55108243028803,5.89957161418673e-09,3.50287064592337e-06,2.89389512864317e-06,"P2RX1/EDN3/SLC9A1/BDKRB1/PLP1/ANK3/P2RX4/GSTM2/CHP1/SRI/CD19/LRRC26/AKAP5/ATP1B3/CAV1/HSPA2/ANK2/HEPH/FXYD3/MS4A1/AKAP7/KCNMB1/JPH2/MIR210",24
"BP","GO:0034762","regulation of transmembrane transport","49/789","487/18986",0.100616016427105,2.42116056766161,6.61572444681159,1.04691382898709e-08,5.5253785418763e-06,4.56478918650745e-06,"P2RX1/APPL2/EDN3/CA2/SLC9A1/BDKRB1/PLP1/PTK2B/SCN4B/ANK3/ITLN1/RNASEL/P2RX4/PDE4D/GSTM2/VAMP2/NEDD4L/CHP1/SLC6A9/SRI/CD19/LRRC26/BCL2/AKAP5/SIRT6/ATP1B3/CAV1/KCNS3/OSR1/HSPA2/FKBP1B/ANK2/FHL1/PID1/HEPH/AHNAK/ATP1A2/ADRA2A/FXYD3/MS4A1/HK2/PLN/AKAP7/RGS2/CASQ2/KCNMB1/MIR192/JPH2/MIR210",49
"BP","GO:0055119","relaxation of cardiac muscle","9/789","18/18986",0.5,12.0316856780735,9.75014930206264,1.22579857662668e-08,5.82254323897672e-06,4.81029167754132e-06,"CHGA/PDE5A/GSN/P2RX4/PDE4D/GSTM2/ATP1A2/PLN/RGS2",9
"BP","GO:0003012","muscle system process","47/789","465/18986",0.101075268817204,2.43221172847077,6.51096545671782,1.82541757499951e-08,7.88248498295245e-06,6.51211169339539e-06,"P2RX1/BDKRB2/CHGA/EDN3/PI16/SCNN1B/SLC9A1/PDE5A/P2RY1/SCN4B/GPD1L/SSPN/GSN/PDE9A/P2RX4/PDE4D/GSTM2/TRPM4/NEDD4L/KIT/SRI/MAP2K6/CAV1/ASB2/DES/DSC2/FKBP1B/ANK2/MEIS1/MYH11/EDN2/ATP1A2/SCN7A/ADRA2A/LMOD1/CHRNA3/PPP1R12B/PLN/CRYAB/FBXO32/SLC6A8/KCNMA1/RGS2/CASQ2/CNN1/MYLK/SYNM",47
"BP","GO:0034767","positive regulation of monoatomic ion transmembrane transport","24/789","157/18986",0.152866242038217,3.67847714998426,7.01726777142575,3.36208404217099e-08,1.33082493335935e-05,1.09946046572048e-05,"P2RX1/EDN3/SLC9A1/BDKRB1/PLP1/ANK3/P2RX4/GSTM2/CHP1/SRI/CD19/LRRC26/AKAP5/ATP1B3/CAV1/HSPA2/ANK2/HEPH/FXYD3/MS4A1/AKAP7/KCNMB1/JPH2/MIR210",24
"BP","GO:0055074","calcium ion homeostasis","37/789","329/18986",0.112462006079027,2.7062150157369,6.50061892266085,4.04662188937369e-08,1.47857338265577e-05,1.22152278571539e-05,"SLC25A23/P2RX1/SCGN/PLCD1/TRPA1/EDN3/PLCE1/ATP2A3/BDKRB1/PTK2B/CCL11/P2RY1/PDE4D/CALB2/GSTM2/ATP13A4/SLC35G1/SRI/CD19/BCL2/CAV1/VDR/CCL15/FKBP1B/ANK2/XK/CCL23/EDN2/ATP1A2/FGFR1/PLN/CCL5/CCL13/ATP2C2/CASQ2/S100A14/JPH2",37
"BP","GO:0006874","intracellular calcium ion homeostasis","35/789","304/18986",0.115131578947368,2.77045393903008,6.47968129004525,5.24079110856905e-08,1.77812555469307e-05,1.46899768817635e-05,"SLC25A23/P2RX1/SCGN/PLCD1/TRPA1/EDN3/PLCE1/ATP2A3/BDKRB1/PTK2B/CCL11/P2RY1/PDE4D/CALB2/GSTM2/ATP13A4/SLC35G1/SRI/CD19/BCL2/CAV1/VDR/CCL15/FKBP1B/ANK2/XK/CCL23/EDN2/ATP1A2/PLN/CCL5/CCL13/ATP2C2/CASQ2/JPH2",35
"BP","GO:0006935","chemotaxis","46/789","472/18986",0.0974576271186441,2.34515907284484,6.16223731697779,7.75772334459226e-08,2.45661239245421e-05,2.02952930727298e-05,"LPAR1/PTN/PTGDR2/SEMA6D/CHGA/MMP28/EDN3/CCL28/CXCL14/SEMA6A/SCG2/CTSG/PTK2B/CCL11/CCR10/PADI2/GAB1/P2RX4/SEMA3G/MAPK3/PDGFRA/TRPM4/KIT/BSG/PDGFD/LGALS3/CCL15/SLIT3/NTN1/NBL1/TNFRSF11A/SEMA3B/ENPP2/CCL23/EDN2/MMP2/FGFR1/SEMA4G/F3/F2RL1/CCL5/CCL13/GREM1/S100A14/DUSP1/CXCL13",46
"BP","GO:0042330","taxis","46/789","474/18986",0.0970464135021097,2.33526388688347,6.13018397128118,8.79319456338321e-08,2.61047963600439e-05,2.1566466665982e-05,"LPAR1/PTN/PTGDR2/SEMA6D/CHGA/MMP28/EDN3/CCL28/CXCL14/SEMA6A/SCG2/CTSG/PTK2B/CCL11/CCR10/PADI2/GAB1/P2RX4/SEMA3G/MAPK3/PDGFRA/TRPM4/KIT/BSG/PDGFD/LGALS3/CCL15/SLIT3/NTN1/NBL1/TNFRSF11A/SEMA3B/ENPP2/CCL23/EDN2/MMP2/FGFR1/SEMA4G/F3/F2RL1/CCL5/CCL13/GREM1/S100A14/DUSP1/CXCL13",46
"BP","GO:0090075","relaxation of muscle","11/789","35/18986",0.314285714285714,7.56277385478906,8.09187751681971,9.95644253347338e-08,2.66769282420307e-05,2.20391331825574e-05,"CHGA/PDE5A/P2RY1/GSN/P2RX4/PDE4D/GSTM2/SRI/ATP1A2/PLN/RGS2",11
"BP","GO:0097529","myeloid leukocyte migration","30/789","243/18986",0.123456790123457,2.97078658717864,6.43823888708474,1.01091517548748e-07,2.66769282420307e-05,2.20391331825574e-05,"CD177/CHGA/MMP28/EDN3/SCG2/CTSG/PTGER4/PTK2B/CCL11/KITLG/P2RX4/MAPK3/KIT/BSG/PDGFD/LGALS3/CCL15/MCOLN2/NBL1/TNFRSF11A/CCL23/EDN2/MMP2/GP2/CCL5/CCL13/GREM1/S100A14/DUSP1/CXCL13",30
"BP","GO:0060326","cell chemotaxis","36/789","328/18986",0.109756097560976,2.64110173421126,6.2428627453535,1.14231920900126e-07,2.85579802250316e-05,2.35931634967131e-05,"LPAR1/PTN/CHGA/MMP28/EDN3/CCL28/CXCL14/SCG2/CTSG/PTK2B/CCL11/CCR10/PADI2/GAB1/P2RX4/MAPK3/PDGFRA/TRPM4/KIT/BSG/PDGFD/LGALS3/CCL15/NBL1/TNFRSF11A/CCL23/EDN2/MMP2/FGFR1/F2RL1/CCL5/CCL13/GREM1/S100A14/DUSP1/CXCL13",36
"BP","GO:0055117","regulation of cardiac muscle contraction","16/789","79/18986",0.20253164556962,4.87359419871332,7.18389969742012,1.26415087430659e-07,3.00235832647814e-05,2.48039708390261e-05,"CHGA/SLC9A1/PDE5A/P2RX4/PDE4D/GSTM2/TRPM4/SRI/CAV1/DSC2/FKBP1B/ANK2/ATP1A2/PLN/RGS2/CASQ2",16
"BP","GO:0002685","regulation of leukocyte migration","29/789","236/18986",0.122881355932203,2.95693970054349,6.29907405476669,1.82217548480429e-07,3.62889068371359e-05,2.99800653050066e-05,"PTN/MMP28/EDN3/CCL28/ADTRP/BMP5/MADCAM1/BDKRB1/PTGER4/PTK2B/PADI2/KITLG/SMPD3/P2RX4/MAPK3/APOD/PDGFD/JAM2/LGALS3/NBL1/EDN2/F2RL1/CCL5/GREM1/ST3GAL4/S100A14/DUSP1/LYVE1/CXCL13",29
"BP","GO:0060048","cardiac muscle contraction","22/789","147/18986",0.149659863945578,3.60132088323289,6.59276471196383,1.82878673607973e-07,3.62889068371359e-05,2.99800653050066e-05,"CHGA/SLC9A1/PDE5A/SCN4B/GPD1L/GSN/P2RX4/PDE4D/GSTM2/TRPM4/NEDD4L/SRI/MAP2K6/CAV1/DSC2/FKBP1B/ANK2/ATP1A2/SCN7A/PLN/RGS2/CASQ2",22
"BP","GO:0071772","response to BMP","25/789","184/18986",0.135869565217391,3.26947980382432,6.44135321280944,1.86186760020169e-07,3.62889068371359e-05,2.99800653050066e-05,"ACVRL1/VSTM2A/CHRDL1/PDCD4/BMP5/NEO1/RGMA/FZD1/TMEM100/SMPD3/MAPK3/BMP2/SFRP1/GREM2/BMP6/SFRP2/SOSTDC1/SMAD9/CAV1/NBL1/SPINT1/ITGA3/GREM1/HOXA13/MIR210",25
"BP","GO:0071773","cellular response to BMP stimulus","25/789","184/18986",0.135869565217391,3.26947980382432,6.44135321280944,1.86186760020169e-07,3.62889068371359e-05,2.99800653050066e-05,"ACVRL1/VSTM2A/CHRDL1/PDCD4/BMP5/NEO1/RGMA/FZD1/TMEM100/SMPD3/MAPK3/BMP2/SFRP1/GREM2/BMP6/SFRP2/SOSTDC1/SMAD9/CAV1/NBL1/SPINT1/ITGA3/GREM1/HOXA13/MIR210",25
"BP","GO:0022898","regulation of transmembrane transporter activity","26/789","197/18986",0.131979695431472,3.17587642263869,6.39233329537871,1.90994246511241e-07,3.62889068371359e-05,2.99800653050066e-05,"SLC9A1/SCN4B/ANK3/GSTM2/VAMP2/NEDD4L/CHP1/SLC6A9/SRI/LRRC26/BCL2/ATP1B3/CAV1/OSR1/HSPA2/FKBP1B/ANK2/FHL1/AHNAK/ATP1A2/ADRA2A/PLN/AKAP7/CASQ2/MIR192/JPH2",26
"BP","GO:0055123","digestive system development","22/789","148/18986",0.148648648648649,3.57698763402185,6.5534456309258,2.06546077081617e-07,3.77343794668338e-05,3.11742419174197e-05,"NKX2-3/NPY/TMIGD1/FOXF2/TCF21/PYY/FOXF1/PCSK5/PDGFRA/CLMP/SFRP1/KIT/BCL2/SFRP2/SPDEF/WLS/LGR4/HOXA5/CDKN1A/HOXA13/CDX1/HOXD13",22
"BP","GO:0034308","primary alcohol metabolic process","18/789","103/18986",0.174757281553398,4.20524936321016,6.79186184393414,2.23284384778246e-07,3.88751535109138e-05,3.21166919199306e-05,"SCNN1B/BMP5/NAAA/SULT1B1/GDPD3/DHRS9/AKR1B10/HSD11B2/BMP2/SULT1A2/BMP6/CLCN2/ACSS2/SULT1A4/SULT1A1/RETSAT/AKR1C3/ADH1C",18
"BP","GO:0048565","digestive tract development","21/789","137/18986",0.153284671532847,3.68854597429991,6.57623763922392,2.29158799643281e-07,3.88751535109138e-05,3.21166919199306e-05,"NKX2-3/NPY/TMIGD1/FOXF2/TCF21/PYY/FOXF1/PCSK5/PDGFRA/CLMP/SFRP1/KIT/BCL2/SFRP2/SPDEF/LGR4/HOXA5/CDKN1A/HOXA13/CDX1/HOXD13",21
"BP","GO:0006937","regulation of muscle contraction","24/789","174/18986",0.137931034482759,3.31908570429614,6.39908446444021,2.45698010391337e-07,4.02436396330638e-05,3.32472661611217e-05,"P2RX1/CHGA/EDN3/SLC9A1/PDE5A/P2RX4/PDE4D/GSTM2/TRPM4/KIT/SRI/CAV1/DSC2/FKBP1B/ANK2/EDN2/ATP1A2/ADRA2A/CHRNA3/PPP1R12B/PLN/RGS2/CASQ2/CNN1",24
"BP","GO:0032412","regulation of monoatomic ion transmembrane transporter activity","25/789","188/18986",0.132978723404255,3.19991640374296,6.31209003326928,2.82907407127243e-07,4.47936727951467e-05,3.70062741673811e-05,"SLC9A1/SCN4B/ANK3/GSTM2/VAMP2/NEDD4L/CHP1/SLC6A9/SRI/LRRC26/ATP1B3/CAV1/OSR1/HSPA2/FKBP1B/ANK2/FHL1/AHNAK/ATP1A2/ADRA2A/PLN/AKAP7/CASQ2/MIR192/JPH2",25
"BP","GO:0034764","positive regulation of transmembrane transport","27/789","216/18986",0.125,3.00792141951838,6.17995562491173,3.40307242550773e-07,5.21438516811668e-05,4.30786213999756e-05,"P2RX1/EDN3/CA2/SLC9A1/BDKRB1/PLP1/ANK3/ITLN1/RNASEL/P2RX4/GSTM2/CHP1/SRI/CD19/LRRC26/AKAP5/ATP1B3/CAV1/HSPA2/ANK2/HEPH/FXYD3/MS4A1/AKAP7/KCNMB1/JPH2/MIR210",27
"BP","GO:0071674","mononuclear cell migration","28/789","231/18986",0.121212121212121,2.91677228559358,6.10326014707767,3.92987447265991e-07,5.83340742035455e-05,4.81926711647241e-05,"GPR15/MMP28/ADTRP/BMP5/MADCAM1/CTSG/PTK2B/PADI2/P2RX4/MAPK3/TRPM4/APOD/PDGFD/JAM2/ITGB7/ASB2/LGALS3/MCOLN2/NBL1/TNFRSF11A/CCL23/EDN2/MMP2/CCL5/GREM1/S100A14/DUSP1/CXCL13",28
"BP","GO:0051928","positive regulation of calcium ion transport","19/789","120/18986",0.158333333333333,3.81003379805661,6.42992868647004,5.12536375238876e-07,7.37741752237776e-05,6.09485042070344e-05,"P2RX1/GCG/SLC9A1/BDKRB1/PLP1/P2RX4/GSTM2/SRI/CD19/AKAP5/CAV1/LGALS3/HSPA2/ANK2/MS4A1/CCL5/ATP2C2/MYLK/JPH2",19
"BP","GO:0007586","digestion","21/789","144/18986",0.145833333333333,3.50924165610477,6.2936724964064,5.38824997464715e-07,7.52770217046293e-05,6.21900802027386e-05,"NKX2-3/SST/LIMA1/SLC22A5/NEGR1/MUC2/FABP2/SI/HTR4/MUC4/GCNT3/UCN3/CAPN9/MOGAT2/VDR/HEPH/ADRA2A/PLS1/MUC13/PBLD/FABP1",21
"BP","GO:0030509","BMP signaling pathway","23/789","172/18986",0.133720930232558,3.21777640227547,6.08394552212109,7.61151345489843e-07,0.000101795386457904,8.40982162249456e-05,"ACVRL1/CHRDL1/PDCD4/BMP5/NEO1/RGMA/FZD1/TMEM100/SMPD3/MAPK3/BMP2/SFRP1/GREM2/BMP6/SFRP2/SOSTDC1/SMAD9/CAV1/NBL1/ITGA3/GREM1/HOXA13/MIR210",23
"BP","GO:0032409","regulation of transporter activity","27/789","225/18986",0.12,2.88760456273764,5.93086707536384,7.71501876312537e-07,0.000101795386457904,8.40982162249456e-05,"SLC9A1/SCN4B/ANK3/GSTM2/VAMP2/NEDD4L/CHP1/SLC6A9/SRI/LRRC26/BCL2/ATP1B3/CAV1/OSR1/HSPA2/FKBP1B/ANK2/FHL1/AHNAK/ATP1A2/ADRA2A/PLN/SGK2/AKAP7/CASQ2/MIR192/JPH2",27
"BP","GO:0009312","oligosaccharide biosynthetic process","9/789","27/18986",0.333333333333333,8.02112378538234,7.60194465571735,8.43032542866321e-07,0.000108227150773379,8.94118156416969e-05,"B3GALT5/B3GALT1/B3GALT4/B4GALNT2/ST6GALNAC6/ST6GALNAC1/ST3GAL4/FUT2/FUT3",9
"BP","GO:0042445","hormone metabolic process","28/789","241/18986",0.116182572614108,2.7957443899258,5.84190139183153,9.34537040506508e-07,0.000116817130063314,9.65084234628327e-05,"DHRS11/UGT1A8/SCNN1B/BMP5/PCSK5/CMA1/CTSG/SULT1B1/DHRS9/AKR1B10/PDGFRA/BMP2/PAPSS2/MEP1A/GFI1/BMP6/PCSK7/HSD3B2/CLCN2/UGT2A3/CTSK/HSD17B2/PCSK1N/CPE/SULT1A1/RETSAT/AKR1C3/ADH1C",28
"BP","GO:1903169","regulation of calcium ion transmembrane transport","23/789","179/18986",0.128491620111732,3.09194157090157,5.85544907541704,1.54176802053326e-06,0.000187779438398282,0.000155133905008043,"P2RX1/SLC9A1/BDKRB1/PLP1/PTK2B/P2RX4/PDE4D/GSTM2/SRI/CD19/BCL2/AKAP5/CAV1/HSPA2/FKBP1B/ANK2/AHNAK/ATP1A2/ADRA2A/MS4A1/PLN/CASQ2/JPH2",23
"BP","GO:0003018","vascular process in circulatory system","30/789","276/18986",0.108695652173913,2.61558384305946,5.62977519716458,1.58167223362531e-06,0.000187823577743005,0.000155170370709346,"P2RX1/BDKRB2/EDN3/SCNN1B/ATP2A3/SLC4A4/SLC22A5/P2RY1/SLC2A13/ATP8A1/ABCG2/TRPM4/SLC6A9/BMP6/PDE3A/CAV1/EDN2/ATP1A2/TJP3/CLDN5/CEACAM1/ADRA2A/MMP2/F2RL1/ABCB1/SLC28A2/KCNMA1/RGS2/KCNMB1/SOD3",30
"BP","GO:0051899","membrane depolarization","16/789","97/18986",0.164948453608247,3.96921589379745,6.10473849736483,2.31271511621677e-06,0.000267936507366577,0.000221355634229939,"SCN4B/GPD1L/ANK3/P2RX4/BEST2/TRPM4/NEDD4L/BCL2/CLCN2/CAV1/B2M/ANK2/FHL1/ATP1A2/CHRNA3/DCN",16
"BP","GO:0030595","leukocyte chemotaxis","27/789","240/18986",0.1125,2.70712927756654,5.54193758026959,2.71377444799053e-06,0.000306914967332263,0.000253557672734554,"PTN/CHGA/MMP28/EDN3/SCG2/CTSG/PTK2B/CCL11/PADI2/MAPK3/TRPM4/KIT/BSG/LGALS3/CCL15/NBL1/TNFRSF11A/CCL23/EDN2/MMP2/F2RL1/CCL5/CCL13/GREM1/S100A14/DUSP1/CXCL13",27
"BP","GO:0034310","primary alcohol catabolic process","7/789","17/18986",0.411764705882353,9.90844702900171,7.6515276006981,2.81324889897983e-06,0.000310765866747772,0.000256739091686581,"SULT1B1/AKR1B10/SULT1A2/ACSS2/SULT1A4/SULT1A1/AKR1C3",7
"BP","GO:0070085","glycosylation","27/789","242/18986",0.111570247933884,2.68475630833045,5.49234160691155,3.17965873286893e-06,0.000343258613207441,0.000283582960673095,"B3GNT6/CWH43/B3GALT5/B3GALT1/DHDDS/B3GALT4/B3GNT7/GALNT12/B4GALNT2/GCNT3/CHP1/DERL3/ST6GALNAC6/TMEM59/GCNT2/MGAT4A/ST6GALNAC1/GALNT7/B3GNT8/ENTPD5/GALNT8/NANS/ABO/ST3GAL4/GNE/FUT2/FUT3",27
"BP","GO:0035725","sodium ion transmembrane transport","23/789","188/18986",0.122340425531915,2.94392309144352,5.57758356184172,3.60423005108295e-06,0.000363390859869576,0.000300215207887818,"SCNN1B/SLC9A1/SLC6A19/SLC4A4/SCN4B/ANK3/CNNM4/SLC17A4/SLC9A2/TRPM4/NEDD4L/CHP1/SLC6A9/ATP1B3/OSR1/ATP1A2/SCN7A/SLC9A3/SCNN1A/FXYD3/SLC6A8/SLC13A2/MIR192",23
"BP","GO:0051924","regulation of calcium ion transport","28/789","258/18986",0.108527131782946,2.61152867431053,5.426828471855,3.60752360051536e-06,0.000363390859869576,0.000300215207887818,"P2RX1/GCG/SLC9A1/BDKRB1/PLP1/PTK2B/P2RX4/PDE4D/GSTM2/SRI/CD19/BCL2/AKAP5/CAV1/LGALS3/HSPA2/FKBP1B/ANK2/AHNAK/ATP1A2/ADRA2A/MS4A1/PLN/CCL5/ATP2C2/CASQ2/MYLK/JPH2",28
"BP","GO:0070588","calcium ion transmembrane transport","34/789","348/18986",0.0977011494252874,2.3510190405431,5.29657764092595,3.66637667074246e-06,0.000363390859869576,0.000300215207887818,"SLC25A23/TRPM6/P2RX1/PLCD1/TRPA1/PLCE1/ATP2A3/SLC9A1/BDKRB1/PLP1/PTK2B/P2RX4/PDE4D/GSTM2/TRPM4/SLC35G1/SRI/CD19/BCL2/AKAP5/CAV1/TMEM37/HSPA2/FKBP1B/MCOLN2/ANK2/AHNAK/ATP1A2/ADRA2A/MS4A1/PLN/ATP2C2/CASQ2/JPH2",34
"BP","GO:0022600","digestive system process","17/789","112/18986",0.151785714285714,3.65247600941517,5.86235893312517,3.67216026815572e-06,0.000363390859869576,0.000300215207887818,"NKX2-3/LIMA1/SLC22A5/NEGR1/MUC2/FABP2/HTR4/MUC4/GCNT3/MOGAT2/VDR/HEPH/ADRA2A/PLS1/MUC13/PBLD/FABP1",17
"BP","GO:0006942","regulation of striated muscle contraction","16/789","101/18986",0.158415841584158,3.81201922473616,5.90016806470284,3.99433278698515e-06,0.000387205729350602,0.000319889852414192,"CHGA/SLC9A1/PDE5A/P2RX4/PDE4D/GSTM2/TRPM4/SRI/CAV1/DSC2/FKBP1B/ANK2/ATP1A2/PLN/RGS2/CASQ2",16
"BP","GO:0050878","regulation of body fluid levels","36/789","381/18986",0.094488188976378,2.27370438010838,5.22950036634307,4.11560615728695e-06,0.000388050235858185,0.000320587541114529,"NKX2-3/FBLN1/VIP/P2RX1/SCUBE1/SCNN1B/ADTRP/CTSG/NEGR1/PLAT/P2RY1/MUC2/HTR4/HSD11B2/PDGFRA/PAPSS2/PRKACB/PAFAH2/DGKA/CAV1/VDR/TPH1/MMRN1/RAB27A/VWF/CYP4F12/CEACAM1/SCNN1A/ADRA2A/XDH/HK2/F3/F2RL1/F13A1/ST3GAL4/TSPAN8",36
"BP","GO:0006816","calcium ion transport","40/789","445/18986",0.0898876404494382,2.16299967246265,5.16936175904796,4.16643411131945e-06,0.000388050235858185,0.000320587541114529,"SLC25A23/TRPM6/P2RX1/PLCD1/TRPA1/GCG/PLCE1/ATP2A3/SLC9A1/BDKRB1/CLCA1/PLP1/PTK2B/P2RX4/PDE4D/GSTM2/TRPM4/SLC35G1/SRI/CD19/BCL2/AKAP5/CAV1/LGALS3/VDR/TMEM37/HSPA2/FKBP1B/MCOLN2/ANK2/AHNAK/ATP1A2/ADRA2A/MS4A1/PLN/CCL5/ATP2C2/CASQ2/MYLK/JPH2",40
"BP","GO:0045926","negative regulation of growth","26/789","232/18986",0.112068965517241,2.69675713474061,5.41452826860619,4.43805840274593e-06,0.000405399565635446,0.000334920682701151,"ACVRL1/SEMA6D/PI16/FRZB/BDKRB1/PLAC8/RGMA/SEMA3G/CITED2/SFRP1/BCL2/SFRP2/SLIT3/NTN1/FHL1/CDKN1A/CRYAB/TRIM40/CDHR2/GREM1/MT1M/RGS2/MT1H/MT1F/MT1E/MT1G",26
"BP","GO:0009101","glycoprotein biosynthetic process","32/789","322/18986",0.0993788819875776,2.39139094222579,5.24346833400696,4.94078635151092e-06,0.000442806323956167,0.00036582426054484,"B3GNT6/CWH43/B3GALT5/ITM2C/B3GALT1/DHDDS/B3GALT4/B3GNT7/ITM2A/GALNT12/B4GALNT2/GCNT3/CHP1/DERL3/ST6GALNAC6/TMEM59/BCL2/GCNT2/MGAT4A/MUSTN1/ST6GALNAC1/GALNT7/B3GNT8/ENTPD5/GALNT8/UGDH/ABO/CANT1/ST3GAL4/FUT2/GAL3ST2/FUT3",32
"BP","GO:0019722","calcium-mediated signaling","26/789","235/18986",0.11063829787234,2.66233044791414,5.3392834690675,5.61630751753248e-06,0.00049402705015332,0.000408140242209768,"P2RX1/PTGDR2/TRPA1/PLCE1/SLC9A1/RCAN2/NEGR1/CCR10/CHP2/TMEM100/P2RX4/GSTM2/PDGFRA/TRPM4/CHP1/AKAP5/MCTP2/FKBP1B/MCOLN2/ANK2/NR5A2/CD22/EDN2/ATP1A2/PLN/CASQ2",26
"BP","GO:0006941","striated muscle contraction","23/789","194/18986",0.118556701030928,2.85287392366691,5.40137260247665,6.13967631328864e-06,0.000530244772511292,0.000438061498486891,"CHGA/SLC9A1/PDE5A/SCN4B/GPD1L/GSN/P2RX4/PDE4D/GSTM2/TRPM4/NEDD4L/SRI/MAP2K6/CAV1/DSC2/FKBP1B/ANK2/ATP1A2/SCN7A/PLN/RGS2/CASQ2/SYNM",23
"BP","GO:0006814","sodium ion transport","27/789","251/18986",0.107569721115538,2.58849014588036,5.27519407338117,6.32656653540952e-06,0.000536628411485629,0.000443335339173058,"SCNN1B/SLC9A1/SLC6A19/SLC4A4/SLC22A5/SCN4B/GPD1L/ANK3/CNNM4/SLC17A4/P2RX4/SLC9A2/TRPM4/NEDD4L/CHP1/SLC6A9/ATP1B3/OSR1/ATP1A2/SCN7A/SLC9A3/SCNN1A/FXYD3/SLC6A8/SLC13A2/MIR192/PRSS8",27
"BP","GO:0006486","protein glycosylation","25/789","223/18986",0.112107623318386,2.69768737176536,5.31010263374178,6.70409516727378e-06,0.000546837543292165,0.000451769609173006,"B3GNT6/CWH43/B3GALT5/B3GALT1/DHDDS/B3GALT4/B3GNT7/GALNT12/B4GALNT2/GCNT3/CHP1/DERL3/ST6GALNAC6/TMEM59/GCNT2/MGAT4A/ST6GALNAC1/GALNT7/B3GNT8/ENTPD5/GALNT8/ABO/ST3GAL4/FUT2/FUT3",25
"BP","GO:0043413","macromolecule glycosylation","25/789","223/18986",0.112107623318386,2.69768737176536,5.31010263374178,6.70409516727378e-06,0.000546837543292165,0.000451769609173006,"B3GNT6/CWH43/B3GALT5/B3GALT1/DHDDS/B3GALT4/B3GNT7/GALNT12/B4GALNT2/GCNT3/CHP1/DERL3/ST6GALNAC6/TMEM59/GCNT2/MGAT4A/ST6GALNAC1/GALNT7/B3GNT8/ENTPD5/GALNT8/ABO/ST3GAL4/FUT2/FUT3",25
"BP","GO:0070482","response to oxygen levels","34/789","358/18986",0.0949720670391061,2.2853481176229,5.11237931929527,6.79229790615531e-06,0.000546837543292165,0.000451769609173006,"LPAR1/ACVRL1/SLC9A1/CLCA1/PLAT/PTK2B/CBFA2T3/CITED2/HSD11B2/BMP2/SFRP1/CYGB/UCN3/BCL2/CAPN2/CAV1/FAS/MB/NDNF/FAM162A/PINK1/MMP2/HK2/CDKN1A/CRYAB/DDR2/NOS2/EGLN3/KCNMA1/KCNMB1/SOD3/FABP1/CD24/MIR210",34
"BP","GO:0090257","regulation of muscle system process","27/789","254/18986",0.106299212598425,2.55791742762193,5.20490879865879,7.88818342526432e-06,0.000624481187833425,0.000515914873848866,"P2RX1/CHGA/EDN3/PI16/SLC9A1/PDE5A/PDE9A/P2RX4/PDE4D/GSTM2/TRPM4/KIT/SRI/CAV1/DSC2/FKBP1B/ANK2/EDN2/ATP1A2/ADRA2A/CHRNA3/PPP1R12B/PLN/FBXO32/RGS2/CASQ2/CNN1",27
"BP","GO:0007204","positive regulation of cytosolic calcium ion concentration","21/789","170/18986",0.123529411764706,2.97253410870051,5.37934297699262,8.1267488191641e-06,0.000632820604770975,0.000522804479686691,"LPAR1/BDKRB2/CCL28/BDKRB1/PTGER4/PTK2B/P2RY1/CCR10/PTGER2/PTGDR/P2RX4/GATA2/TRPM4/BCL2/ADCY5/CAV1/FKBP1B/F2RL1/JPH2/CXCL13/CD24",21
"BP","GO:0001666","response to hypoxia","31/789","317/18986",0.0977917981072555,2.35320035344024,5.05912151217541,9.58188141368091e-06,0.000734095753467489,0.00060647290170123,"ACVRL1/SLC9A1/CLCA1/PLAT/PTK2B/CBFA2T3/CITED2/HSD11B2/BMP2/SFRP1/CYGB/UCN3/BCL2/CAPN2/CAV1/MB/NDNF/FAM162A/PINK1/MMP2/HK2/CRYAB/DDR2/NOS2/EGLN3/KCNMA1/KCNMB1/SOD3/FABP1/CD24/MIR210",31
"BP","GO:0086003","cardiac muscle cell contraction","14/789","85/18986",0.164705882352941,3.96337881160069,5.70161840778911,1.00038360809454e-05,0.000742472209132663,0.000613393107068491,"SLC9A1/SCN4B/GPD1L/GSN/PDE4D/TRPM4/NEDD4L/SRI/CAV1/DSC2/ANK2/ATP1A2/SCN7A/PLN",14
"BP","GO:1904427","positive regulation of calcium ion transmembrane transport","14/789","85/18986",0.164705882352941,3.96337881160069,5.70161840778911,1.00038360809454e-05,0.000742472209132663,0.000613393107068491,"P2RX1/SLC9A1/BDKRB1/PLP1/P2RX4/GSTM2/SRI/CD19/AKAP5/CAV1/HSPA2/ANK2/MS4A1/JPH2",14
"BP","GO:0006939","smooth muscle contraction","16/789","109/18986",0.146788990825688,3.53223799723259,5.52071321159332,1.09341311705544e-05,0.00079903266246359,0.000660120502086264,"P2RX1/BDKRB2/EDN3/SCNN1B/KIT/CAV1/FKBP1B/MYH11/EDN2/ATP1A2/ADRA2A/CHRNA3/KCNMA1/RGS2/CNN1/MYLK",16
"BP","GO:0015698","inorganic anion transport","21/789","174/18986",0.120689655172414,2.90419999125912,5.25428472034488,1.16837722349993e-05,0.00084087754721586,0.00069469063623728,"BEST4/CA7/CLCA4/SLC26A3/CA2/SLC26A2/SLC4A4/CLCA1/ANO7/SLC17A4/ATP8B1/CLIC5/BEST2/ANO5/CLCN2/VDR/CLIC6/FXYD3/FGFR1/TMC4/ABCB1",21
"BP","GO:0048732","gland development","39/789","450/18986",0.0866666666666667,2.08549218419941,4.85253696158383,1.28474084132396e-05,0.000910823730789377,0.00075247664673303,"NKX2-3/TCF21/CDKN2B/PTN/UGT1A8/FOXF1/FRZB/UGT1A10/CCL11/MAPK3/CITED2/GATA2/PDGFRA/ACO2/BMP2/SFRP1/BCL2/CLCN2/SOSTDC1/CAV1/VDR/WLS/NTN1/TPH1/RPS6KA1/HOXA5/CEACAM1/MMP2/INSM1/XDH/FGFR1/HK2/TFCP2L1/HOXD9/ATP2C2/HOXA13/HOXB13/CRIP1/HOXD13",39
"BP","GO:0008217","regulation of blood pressure","22/789","190/18986",0.115789473684211,2.78628510439597,5.15274634392778,1.41775538496928e-05,0.000990343835088832,0.00081817214785843,"NPY/ACVRL1/GNA11/P2RX1/CPA3/CHGA/EDN3/SCNN1B/PCSK5/CMA1/CTSG/BDKRB1/P2RX4/HSD11B2/KLK1/EDN2/ATP1A2/CYP4F12/SCNN1A/F2RL1/NOS2/PTGS1",22
"BP","GO:0060485","mesenchyme development","32/789","341/18986",0.093841642228739,2.25814628562083,4.88169947703476,1.60324187238962e-05,0.00110368099910879,0.000911805598820517,"FOXF2/TCF21/ACVRL1/SEMA6D/EDN3/FOXF1/PDCD4/BMP5/FRZB/SEMA6A/TMEM100/KITLG/SEMA3G/MAPK3/CITED2/BMP2/SFRP1/NCAM1/BCL2/SFRP2/GCNT2/GLIPR2/OSR1/SEMA3B/ELL3/HOXA5/TNXB/RBM24/FGFR1/SEMA4G/ACTG2/GREM1",32
"BP","GO:0030278","regulation of ossification","17/789","125/18986",0.136,3.27261850443599,5.30814884441185,1.64935422685941e-05,0.00111920465394031,0.000924630459809304,"PTN/PTGER4/PTK2B/MAPK3/BMP2/TRPM4/SFRP1/BMP6/BCL2/OSR2/VDR/OSR1/TPH1/TMEM119/GPM6B/DDR2/GREM1",17
"BP","GO:0009100","glycoprotein metabolic process","35/789","392/18986",0.0892857142857143,2.14851529965598,4.7845082735184,1.90024473093472e-05,0.00127129048900562,0.00105027610925495,"B3GNT6/CWH43/B3GALT5/ITM2C/B3GALT1/DHDDS/B3GALT4/B3GNT7/ITM2A/GALNT12/B4GALNT2/GNPTAB/BMP2/GCNT3/CHP1/DERL3/ST6GALNAC6/TMEM59/BCL2/GCNT2/MGAT4A/MUSTN1/ST6GALNAC1/GALNT7/B3GNT8/ENTPD5/NEU4/GALNT8/UGDH/ABO/CANT1/ST3GAL4/FUT2/GAL3ST2/FUT3",35
"BP","GO:0010038","response to metal ion","32/789","345/18986",0.0927536231884058,2.23196487941074,4.8085836601798,2.02491034714138e-05,0.00132554908777809,0.0010951018280857,"CPNE5/SLC25A23/ITPKA/PTK2B/ANK3/CHP2/MUC2/SMPD3/P2RX4/KIT/BSG/BMP6/BCL2/CPNE8/CYBRD1/CAV1/B2M/ATP1A2/SMPD1/FABP4/KCNMA1/MT1M/AKR1C3/SLC13A2/CASQ2/KCNMB1/MT1H/SOD3/CRIP1/MT1F/MT1E/MT1G",32
"BP","GO:0022612","gland morphogenesis","17/789","127/18986",0.133858267716535,3.22108120515354,5.22938807437936,2.03715965069054e-05,0.00132554908777809,0.0010951018280857,"NKX2-3/PTN/CCL11/SFRP1/BCL2/SOSTDC1/CAV1/VDR/NTN1/RPS6KA1/CEACAM1/MMP2/FGFR1/HOXA13/HOXB13/CRIP1/HOXD13",17
"BP","GO:0051216","cartilage development","23/789","209/18986",0.110047846889952,2.64812220665733,4.98876855153702,2.09395113478994e-05,0.00132863844863606,0.00109765410227484,"ACVRL1/WNT2B/BMP3/SLC26A2/BMP5/FRZB/RSPO2/BARX2/SCIN/OGN/SMPD3/MAPK3/BMP2/BMP6/SFRP2/MUSTN1/OSR2/OSR1/HOXA5/CTSK/FGFR1/GREM1/WNT5B",23
"BP","GO:0060047","heart contraction","26/789","253/18986",0.102766798418972,2.47291563343803,4.91109540046561,2.09785018205693e-05,0.00132863844863606,0.00109765410227484,"CHGA/EDN3/ATP2A3/SLC9A1/PDE5A/SCN4B/GPD1L/GSN/P2RX4/PDE4D/GSTM2/TRPM4/NEDD4L/SRI/MAP2K6/CAV1/DES/DSC2/FKBP1B/ANK2/EDN2/ATP1A2/SCN7A/PLN/RGS2/CASQ2",26
"BP","GO:0036293","response to decreased oxygen levels","31/789","331/18986",0.0936555891238671,2.25366922066634,4.79118828808857,2.2516176613793e-05,0.00139410915156163,0.00115174269629291,"ACVRL1/SLC9A1/CLCA1/PLAT/PTK2B/CBFA2T3/CITED2/HSD11B2/BMP2/SFRP1/CYGB/UCN3/BCL2/CAPN2/CAV1/MB/NDNF/FAM162A/PINK1/MMP2/HK2/CRYAB/DDR2/NOS2/EGLN3/KCNMA1/KCNMB1/SOD3/FABP1/CD24/MIR210",31
"BP","GO:0006821","chloride transport","17/789","128/18986",0.1328125,3.19591650823828,5.19059205377157,2.25992430884727e-05,0.00139410915156163,0.00115174269629291,"BEST4/CA7/CLCA4/SLC26A3/CA2/SLC26A2/CLCA1/ANO7/ATP8B1/CLIC5/BEST2/ANO5/CLCN2/CLIC6/FXYD3/TMC4/ABCB1",17
"BP","GO:0141091","transforming growth factor beta receptor superfamily signaling pathway","35/789","397/18986",0.0881612090680101,2.12145591301044,4.70211611657905,2.48082693419145e-05,0.00151075999197556,0.001248113739631,"ACVRL1/CDKN2B/APPL2/CHRDL1/PDCD4/BMP5/ITGA8/LTBP4/NEO1/RGMA/FZD1/TMEM100/SMPD3/MAPK3/CITED2/HPGD/BMP2/GIPC1/SFRP1/GREM2/BMP6/SFRP2/GCNT2/SOSTDC1/SMAD9/CAV1/NBL1/CILP/CLDN5/ITGA3/GREM1/HOXA13/LEFTY1/PBLD/MIR210",35
"BP","GO:0032413","negative regulation of ion transmembrane transporter activity","12/789","70/18986",0.171428571428571,4.12514937533949,5.45442598206996,2.82416273404458e-05,0.00163872898038744,0.00135383526623477,"ANK3/GSTM2/NEDD4L/SLC6A9/SRI/CAV1/OSR1/ATP1A2/ADRA2A/PLN/CASQ2/MIR192",12
"BP","GO:1901019","regulation of calcium ion transmembrane transporter activity","12/789","70/18986",0.171428571428571,4.12514937533949,5.45442598206996,2.82416273404458e-05,0.00163872898038744,0.00135383526623477,"SLC9A1/GSTM2/SRI/HSPA2/FKBP1B/ANK2/AHNAK/ATP1A2/ADRA2A/PLN/CASQ2/JPH2",12
"BP","GO:0010273","detoxification of copper ion","6/789","16/18986",0.375,9.02376425855513,6.68572318489,2.82896371351095e-05,0.00163872898038744,0.00135383526623477,"MUC2/MT1M/MT1H/MT1F/MT1E/MT1G",6
"BP","GO:1990169","stress response to copper ion","6/789","16/18986",0.375,9.02376425855513,6.68572318489,2.82896371351095e-05,0.00163872898038744,0.00135383526623477,"MUC2/MT1M/MT1H/MT1F/MT1E/MT1G",6
"BP","GO:0072677","eosinophil migration","8/789","31/18986",0.258064516129032,6.2099022854573,6.04494613444627,2.89043585834238e-05,0.00165416509965377,0.00136658780975274,"SCG2/PTGER4/CCL11/LGALS3/CCL15/CCL23/CCL5/CCL13",8
"BP","GO:0048762","mesenchymal cell differentiation","27/789","274/18986",0.0985401459854015,2.37120812633566,4.76060841782473,3.10037458729028e-05,0.0017531880106701,0.00144839554654363,"FOXF2/TCF21/SEMA6D/EDN3/PDCD4/BMP5/FRZB/SEMA6A/TMEM100/KITLG/SEMA3G/MAPK3/CITED2/BMP2/SFRP1/NCAM1/BCL2/SFRP2/GCNT2/GLIPR2/OSR1/SEMA3B/ELL3/TNXB/FGFR1/SEMA4G/GREM1",27
"BP","GO:0002028","regulation of sodium ion transport","13/789","82/18986",0.158536585365854,3.81492472719404,5.31913193611453,3.14270371416179e-05,0.00175621678144335,0.00145089776425946,"SLC9A1/SCN4B/GPD1L/ANK3/P2RX4/NEDD4L/CHP1/ATP1B3/OSR1/ATP1A2/FXYD3/MIR192/PRSS8",13
"BP","GO:0043266","regulation of potassium ion transport","15/789","107/18986",0.14018691588785,3.37336981628229,5.12639085424159,3.56819155169798e-05,0.0019485220202846,0.00160977065742294,"EDN3/PTK2B/ANK3/VAMP2/NEDD4L/LRRC26/ATP1B3/CAV1/KCNS3/ANK2/FHL1/ADRA2A/AKAP7/CASQ2/KCNMB1",15
"BP","GO:0030198","extracellular matrix organization","31/789","339/18986",0.0914454277286136,2.20048528625533,4.6440416921559,3.56887191083706e-05,0.0019485220202846,0.00160977065742294,"FOXF2/FBLN1/TPSAB1/MMP28/ADTRP/FOXF1/ITGA8/CMA1/CTSG/LTBP4/SMPD3/ABI3BP/MFAP4/PDGFRA/BMP2/MATN2/SFRP2/DPT/CAV1/CREB3L1/NDNF/MYH11/GPM6B/MMP2/TNXB/CTSK/SPINK5/DDR2/SPINT1/GREM1/COL17A1",31
"BP","GO:0043062","extracellular structure organization","31/789","340/18986",0.0911764705882353,2.19401327070752,4.62593660837115,3.77530489602964e-05,0.002037806620016,0.00168353309239216,"FOXF2/FBLN1/TPSAB1/MMP28/ADTRP/FOXF1/ITGA8/CMA1/CTSG/LTBP4/SMPD3/ABI3BP/MFAP4/PDGFRA/BMP2/MATN2/SFRP2/DPT/CAV1/CREB3L1/NDNF/MYH11/GPM6B/MMP2/TNXB/CTSK/SPINK5/DDR2/SPINT1/GREM1/COL17A1",31
"BP","GO:0003015","heart process","26/789","262/18986",0.099236641221374,2.38796814984665,4.71058380425338,3.83384290377974e-05,0.00203918582713655,0.00168467252378173,"CHGA/EDN3/ATP2A3/SLC9A1/PDE5A/SCN4B/GPD1L/GSN/P2RX4/PDE4D/GSTM2/TRPM4/NEDD4L/SRI/MAP2K6/CAV1/DES/DSC2/FKBP1B/ANK2/EDN2/ATP1A2/SCN7A/PLN/RGS2/CASQ2",26
"BP","GO:1901016","regulation of potassium ion transmembrane transporter activity","10/789","51/18986",0.196078431372549,4.71830810904844,5.53658168650987,3.94413387337224e-05,0.00203918582713655,0.00168467252378173,"ANK3/VAMP2/NEDD4L/LRRC26/ATP1B3/CAV1/ANK2/FHL1/AKAP7/CASQ2",10
"BP","GO:0034763","negative regulation of transmembrane transport","18/789","147/18986",0.122448979591837,2.94653526809963,4.93328182187642,3.98441171159151e-05,0.00203918582713655,0.00168467252378173,"APPL2/ANK3/GSTM2/NEDD4L/SLC6A9/SRI/BCL2/SIRT6/CAV1/OSR1/FKBP1B/PID1/ATP1A2/ADRA2A/PLN/RGS2/CASQ2/MIR192",18
"BP","GO:0071675","regulation of mononuclear cell migration","18/789","147/18986",0.122448979591837,2.94653526809963,4.93328182187642,3.98441171159151e-05,0.00203918582713655,0.00168467252378173,"MMP28/ADTRP/BMP5/MADCAM1/PTK2B/PADI2/P2RX4/MAPK3/APOD/PDGFD/JAM2/LGALS3/NBL1/CCL5/GREM1/S100A14/DUSP1/CXCL13",18
"BP","GO:0045229","external encapsulating structure organization","31/789","341/18986",0.0909090909090909,2.18757921419518,4.6078940860309,3.99251119839366e-05,0.00203918582713655,0.00168467252378173,"FOXF2/FBLN1/TPSAB1/MMP28/ADTRP/FOXF1/ITGA8/CMA1/CTSG/LTBP4/SMPD3/ABI3BP/MFAP4/PDGFRA/BMP2/MATN2/SFRP2/DPT/CAV1/CREB3L1/NDNF/MYH11/GPM6B/MMP2/TNXB/CTSK/SPINK5/DDR2/SPINT1/GREM1/COL17A1",31
"BP","GO:0061138","morphogenesis of a branching epithelium","21/789","190/18986",0.110526315789474,2.65963578146888,4.78741169826148,4.43115543424576e-05,0.00223914769283696,0.00184987093604347,"TCF21/WNT2B/FOXF1/RSPO2/CCL11/BMP2/SFRP1/BCL2/SFRP2/SIRT6/VDR/NRARP/LGR4/HOXA5/FGFR1/HOXD11/SPINT1/GREM1/HOXA13/HOXB13/HOXD13",21
"BP","GO:0023061","signal release","40/789","493/18986",0.0811359026369168,1.95240335546832,4.46153800105831,4.50689838995973e-05,0.00225344919497986,0.00186168611609638,"GNA11/VIP/P2RX1/CHGA/EDN3/GCG/PCSK5/LTBP4/P2RY1/SMPD3/P2RX4/VAMP2/PRRT2/SYP/PLA2G10/TRPM4/SFRP1/UCN3/SRI/BMP6/ADCY5/MCTP2/MAP2K6/SIRT6/FAM3D/C1QTNF3/WLS/FKBP1B/TNFRSF11A/PINK1/ADRA2A/SLC44A4/CHRNA3/FGFR1/F2RL1/NOS2/STX19/SNCG/CCL5/CPE",40
"BP","GO:0072584","caveolin-mediated endocytosis","5/789","11/18986",0.454545454545455,10.9378960709759,6.86505159775118,4.58701797971343e-05,0.00226961827121238,0.00187504419170742,"PACSIN2/MAPK3/NEDD4L/CAV1/PROM2",5
"BP","GO:0010880","regulation of release of sequestered calcium ion into cytosol by sarcoplasmic reticulum","8/789","33/18986",0.242424242424242,5.83354457118716,5.78665540751528,4.72569187538565e-05,0.0023141274647507,0.00191181544345499,"PDE4D/GSTM2/SRI/FKBP1B/ANK2/ATP1A2/PLN/CASQ2",8
"BP","GO:0048863","stem cell differentiation","25/789","251/18986",0.099601593625498,2.3967501350744,4.63844742987395,5.05520922633349e-05,0.00245022896174327,0.00202425563864353,"PTN/HOXD4/SEMA6D/EDN3/FRZB/SEMA6A/SLC9A1/FZD1/KITLG/SEMA3G/MAPK3/CITED2/PDGFRA/SFRP1/KIT/BCL2/SFRP2/SIRT6/OSR1/SEMA3B/ELL3/RBM24/FGFR1/SEMA4G/GREM1",25
"BP","GO:1903522","regulation of blood circulation","26/789","267/18986",0.0973782771535581,2.34324964516787,4.60272415291984,5.28100161543481e-05,0.00253381390639549,0.00209330930593737,"P2RX1/BDKRB2/CHGA/EDN3/ATP2A3/SLC9A1/PDE5A/SCN4B/GPD1L/P2RX4/PDE4D/GSTM2/TRPM4/SRI/CAV1/DES/DSC2/FKBP1B/ANK2/EDN2/ATP1A2/ADRA2A/MMP2/PLN/RGS2/CASQ2",26
"BP","GO:0006066","alcohol metabolic process","32/789","363/18986",0.0881542699724518,2.12128893497715,4.49148477826087,5.47218031025599e-05,0.0025992856473716,0.00214739875754046,"AQP8/SCNN1B/BMP5/LIMA1/ITPKA/DHDDS/P2RY1/NAAA/SULT1B1/GDPD3/DHRS9/AKR1B10/ABCA5/HSD11B2/ACO2/BMP2/SULT1A2/GFI1/BMP6/CLCN2/MOGAT2/APOBR/ACSS2/OSBPL1A/SMPD1/SGPP2/SULT1A4/FGFR1/SULT1A1/RETSAT/AKR1C3/ADH1C",32
"BP","GO:0009311","oligosaccharide metabolic process","11/789","64/18986",0.171875,4.13589195183777,5.2325268222307,5.90684861182606e-05,0.00277797335704691,0.00229502153464175,"B3GALT5/B3GALT1/B3GALT4/B4GALNT2/SI/ST6GALNAC6/ST6GALNAC1/NEU4/ST3GAL4/FUT2/FUT3",11
"BP","GO:0002009","morphogenesis of an epithelium","40/789","500/18986",0.08,1.92506970849176,4.36497632792232,6.14986409435136e-05,0.00286390729884009,0.00236601582494756,"FOXF2/TCF21/ACVRL1/WNT2B/CA2/FOXF1/BMP5/FRZB/RSPO2/KLF4/CCL11/RGMA/CITED2/PLA2G10/BMP2/PRKACB/SFRP1/RHOC/BSG/BCL2/SFRP2/SOSTDC1/SIRT6/ASB2/VDR/OSR1/NTN1/NRARP/LGR4/HOXA5/CEACAM1/MMP2/FGFR1/HOXD11/SPINT1/GREM1/WNT5B/HOXA13/HOXB13/HOXD13",40
"BP","GO:0051051","negative regulation of transport","38/789","467/18986",0.0813704496788009,1.95804734803766,4.3649628549572,6.53326503000556e-05,0.0030129134847113,0.00248911722349113,"APPL2/CHGA/ADTRP/FOXF1/PTK2B/P2RY1/ANK3/NEO1/PACSIN2/GSTM2/PRRT2/PLA2G10/NEDD4L/SFRP1/CHP1/DERL3/SLC6A9/SRI/APOD/BCL2/SIRT6/CAV1/FAM3D/LGALS3/OSR1/FKBP1B/PID1/GPM6B/ATP1A2/PROM2/CEACAM1/ADRA2A/PLN/CRYAB/F2RL1/RGS2/CASQ2/MIR192",38
"BP","GO:1902305","regulation of sodium ion transmembrane transport","10/789","54/18986",0.185185185185185,4.45617988076797,5.29588900841208,6.60038658814011e-05,0.00301459964362168,0.00249051024297432,"SLC9A1/SCN4B/ANK3/NEDD4L/CHP1/ATP1B3/OSR1/ATP1A2/FXYD3/MIR192",10
"BP","GO:0050892","intestinal absorption","9/789","44/18986",0.204545454545455,4.92205323193916,5.42338968442443,6.76110864914717e-05,0.00305270401009201,0.00252199014950095,"LIMA1/FABP2/GCNT3/MOGAT2/VDR/HEPH/ADRA2A/PLS1/FABP1",9
"BP","GO:0098754","detoxification","19/789","167/18986",0.11377245508982,2.73774883692691,4.6966789667018,6.81410932182713e-05,0.00305270401009201,0.00252199014950095,"AQP8/SLC22A5/UGT1A10/MUC2/GSTM2/AKR1B10/ABCG2/CYGB/PRDX6/MB/ABCB1/PTGS1/MT1M/MT1H/SOD3/FABP1/MT1F/MT1E/MT1G",19
"BP","GO:0016042","lipid catabolic process","31/789","351/18986",0.0883190883190883,2.12525502005857,4.43081608462507,6.87661745431253e-05,0.00305270401009201,0.00252199014950095,"PLCD1/ADTRP/PLCE1/ABHD3/PLCD3/NAAA/FUCA1/GDPD3/SMPD3/AKR1B10/HPGD/MGLL/PLA2G10/PAFAH2/ACADS/PRDX6/SIRT6/LIPH/SMPDL3B/PLA2G4F/NEU4/ENPP2/SMPD1/CYP4F12/SGPP2/ADRA2A/OXCT1/CIDEC/AKR1C3/PLA2G2A/FABP1",31
"BP","GO:0030048","actin filament-based movement","17/789","140/18986",0.121428571428571,2.92198080753214,4.75277632295989,7.19824695845919e-05,0.00316589565302603,0.00261550337827835,"SLC9A1/SCN4B/GPD1L/GSN/PDE4D/TRPM4/NEDD4L/SRI/CAV1/DSC2/ANK2/MYO1A/ATP1A2/SCN7A/MYO1D/MYO7B/PLN",17
"BP","GO:0046486","glycerolipid metabolic process","33/789","385/18986",0.0857142857142857,2.06257468766974,4.38596931794213,7.27440050551075e-05,0.00317003691753909,0.00261892468223506,"NKX2-3/PLCD1/CWH43/PLCE1/ABHD3/ITPKA/NAAA/GDPD3/PIGZ/LPCAT4/PITPNM3/MGLL/PLA2G10/MTM1/TNFAIP8L3/BMX/DGKA/CAPN2/MBOAT1/MOGAT2/PRDX6/CAV1/LIPH/APOBR/PLA2G4F/PIP5K1B/ENPP2/SLC44A4/TNXB/CIDEC/CDS1/MIR192/PLA2G2A",33
"BP","GO:0086004","regulation of cardiac muscle cell contraction","8/789","35/18986",0.228571428571429,5.50019916711932,5.54873004424042,7.4421413676751e-05,0.00318470013481592,0.00263103869309557,"PDE4D/TRPM4/SRI/CAV1/DSC2/ANK2/ATP1A2/PLN",8
"BP","GO:2000649","regulation of sodium ion transmembrane transporter activity","8/789","35/18986",0.228571428571429,5.50019916711932,5.54873004424042,7.4421413676751e-05,0.00318470013481592,0.00263103869309557,"SLC9A1/SCN4B/ANK3/NEDD4L/CHP1/OSR1/ATP1A2/MIR192",8
"BP","GO:0046434","organophosphate catabolic process","24/789","242/18986",0.0991735537190083,2.38645005184929,4.51985682915926,7.59740834471621e-05,0.00322211514619661,0.00266194908920132,"SLC4A4/PDE5A/SMPDL3A/GPD1L/ENTPD8/GDPD3/PDE9A/SMPD3/PDE4D/CBFA2T3/PDE8A/PLA2G10/PRDX6/SIRT6/SMPDL3B/PLA2G4F/ENTPD5/ENPP2/SMPD1/SUCLG2/XDH/HK2/ENPP3/UCHL1",24
"BP","GO:0030282","bone mineralization","16/789","128/18986",0.125,3.00792141951838,4.74621914159721,8.21656316661506e-05,0.00342382000197326,0.00282858747199032,"PTN/RSPO2/PTK2B/CLEC3B/SMPD3/BMP2/TRPM4/BMP6/OSR2/VDR/OSR1/TMEM119/LGR4/GPM6B/DDR2/GREM1",16
"BP","GO:0008016","regulation of heart contraction","22/789","213/18986",0.103286384976526,2.48541863772411,4.5395806399979,8.21716800473582e-05,0.00342382000197326,0.00282858747199032,"CHGA/EDN3/ATP2A3/SLC9A1/PDE5A/SCN4B/GPD1L/P2RX4/PDE4D/GSTM2/TRPM4/SRI/CAV1/DES/DSC2/FKBP1B/ANK2/EDN2/ATP1A2/PLN/RGS2/CASQ2",22
"BP","GO:1901379","regulation of potassium ion transmembrane transport","13/789","90/18986",0.144444444444444,3.47582030699901,4.90229385291636,8.53111669641485e-05,0.00352372211373657,0.002911121560113,"EDN3/ANK3/VAMP2/NEDD4L/LRRC26/ATP1B3/CAV1/KCNS3/ANK2/FHL1/AKAP7/CASQ2/KCNMB1",13
"BP","GO:0048245","eosinophil chemotaxis","7/789","27/18986",0.259259259259259,6.23865183307515,5.67201811603453,8.92581461904788e-05,0.00365496719314461,0.00301954962793199,"SCG2/CCL11/LGALS3/CCL15/CCL23/CCL5/CCL13",7
"BP","GO:0034766","negative regulation of monoatomic ion transmembrane transport","14/789","103/18986",0.135922330097087,3.27074950471901,4.81167459083032,9.08415313436099e-05,0.0036880108878816,0.00304684866260889,"ANK3/GSTM2/NEDD4L/SLC6A9/SRI/BCL2/CAV1/OSR1/FKBP1B/ATP1A2/ADRA2A/PLN/CASQ2/MIR192",14
"BP","GO:0010765","positive regulation of sodium ion transport","8/789","36/18986",0.222222222222222,5.34741585692156,5.43652930181231,9.22287529186491e-05,0.00371259810477613,0.00306716138163001,"SLC9A1/SCN4B/GPD1L/ANK3/CHP1/ATP1B3/FXYD3/PRSS8",8
"BP","GO:0007178","cell surface receptor protein serine/threonine kinase signaling pathway","35/789","425/18986",0.0823529411764706,1.98168940580034,4.26198374159238,9.9172118814012e-05,0.0039585509610635,0.00327035523165535,"ACVRL1/CDKN2B/APPL2/CHRDL1/PDCD4/BMP5/ITGA8/LTBP4/NEO1/RGMA/FZD1/TMEM100/SMPD3/MAPK3/CITED2/HPGD/BMP2/GIPC1/SFRP1/GREM2/BMP6/SFRP2/GCNT2/SOSTDC1/SMAD9/CAV1/NBL1/CILP/CLDN5/ITGA3/GREM1/HOXA13/LEFTY1/PBLD/MIR210",35
"BP","GO:0002686","negative regulation of leukocyte migration","10/789","57/18986",0.175438596491228,4.22164409756965,5.07218468317908,0.000106438100284452,0.00421317480292623,0.00348071261281085,"MMP28/CCL28/ADTRP/BMP5/PTGER4/PADI2/APOD/NBL1/GREM1/DUSP1",10
"BP","GO:0030308","negative regulation of cell growth","19/789","173/18986",0.109826589595376,2.64279801021268,4.51982996206837,0.000109695679227159,0.00430623534156204,0.00355759453813701,"ACVRL1/SEMA6D/PI16/FRZB/BDKRB1/RGMA/SEMA3G/SFRP1/BCL2/SFRP2/SLIT3/NTN1/FHL1/CDKN1A/CRYAB/TRIM40/CDHR2/GREM1/RGS2",19
"BP","GO:0071676","negative regulation of mononuclear cell migration","8/789","37/18986",0.216216216216216,5.20289110403179,5.3284360343527,0.000113423358833848,0.00441607339721948,0.00364833720217933,"MMP28/ADTRP/BMP5/PADI2/APOD/NBL1/GREM1/DUSP1",8
"BP","GO:0010882","regulation of cardiac muscle contraction by calcium ion signaling","7/789","28/18986",0.25,6.01584283903676,5.53057875891527,0.000114770447825282,0.00443219209081374,0.00366165365419471,"SLC9A1/GSTM2/FKBP1B/ANK2/ATP1A2/PLN/CASQ2",7
"BP","GO:0009812","flavonoid metabolic process","5/789","13/18986",0.384615384615385,9.25514282928732,6.19972133625178,0.000119190956131665,0.00449330985416991,0.00371214606899622,"UGT1A8/UGT1A10/SULT1B1/SULT1A4/SULT1A1",5
"BP","GO:0010960","magnesium ion homeostasis","5/789","13/18986",0.384615384615385,9.25514282928732,6.19972133625178,0.000119190956131665,0.00449330985416991,0.00371214606899622,"CNNM2/EDN3/ANK3/CNNM4/XK",5
"BP","GO:0032341","aldosterone metabolic process","5/789","13/18986",0.384615384615385,9.25514282928732,6.19972133625178,0.000119190956131665,0.00449330985416991,0.00371214606899622,"SCNN1B/BMP5/BMP2/BMP6/CLCN2",5
"BP","GO:0097553","calcium ion transmembrane import into cytosol","20/789","189/18986",0.105820105820106,2.54638850329598,4.44886419138998,0.000122392253668683,0.0045776630309153,0.00378183441091462,"P2RX1/PLCD1/PLCE1/BDKRB1/PTK2B/P2RX4/PDE4D/GSTM2/SRI/CD19/BCL2/AKAP5/CAV1/FKBP1B/ANK2/ATP1A2/MS4A1/PLN/CASQ2/JPH2",20
"BP","GO:0001990","regulation of systemic arterial blood pressure by hormone","8/789","38/18986",0.210526315789474,5.06597291708358,5.22418438341965,0.000138485988717379,0.00505631167779044,0.00417726979164604,"CPA3/EDN3/PCSK5/CMA1/CTSG/HSD11B2/EDN2/F2RL1",8
"BP","GO:0008207","C21-steroid hormone metabolic process","8/789","38/18986",0.210526315789474,5.06597291708358,5.22418438341965,0.000138485988717379,0.00505631167779044,0.00417726979164604,"SCNN1B/BMP5/DHRS9/BMP2/BMP6/HSD3B2/CLCN2/AKR1C3",8
"BP","GO:0014808","release of sequestered calcium ion into cytosol by sarcoplasmic reticulum","8/789","38/18986",0.210526315789474,5.06597291708358,5.22418438341965,0.000138485988717379,0.00505631167779044,0.00417726979164604,"PDE4D/GSTM2/SRI/FKBP1B/ANK2/ATP1A2/PLN/CASQ2",8
"BP","GO:0030500","regulation of bone mineralization","12/789","82/18986",0.146341463414634,3.52146897894834,4.76461272384202,0.000139447753640115,0.00505631167779044,0.00417726979164604,"PTN/PTK2B/BMP2/TRPM4/BMP6/OSR2/VDR/OSR1/TMEM119/GPM6B/DDR2/GREM1",12
"BP","GO:0001508","action potential","19/789","177/18986",0.107344632768362,2.58307376139431,4.40604405774145,0.000148552573804429,0.00530544906444389,0.0043830945401101,"GNA11/P2RX1/SLC9A1/SCN4B/GPD1L/ANK3/P2RX4/TRPM4/NEDD4L/SRI/CLCN2/CAV1/KCNS3/DSC2/FKBP1B/ANK2/ATP1A2/SCN7A/AKAP7",19
"BP","GO:0006820","monoatomic anion transport","19/789","177/18986",0.107344632768362,2.58307376139431,4.40604405774145,0.000148552573804429,0.00530544906444389,0.0043830945401101,"BEST4/CA7/CLCA4/SLC26A3/CA2/SLC26A2/SLC4A4/CLCA1/ANO7/SLC17A4/ATP8B1/CLIC5/BEST2/ANO5/CLCN2/CLIC6/FXYD3/TMC4/ABCB1",19
"BP","GO:0001763","morphogenesis of a branching structure","21/789","207/18986",0.101449275362319,2.4412115868555,4.34130793062925,0.000152365901507866,0.0054010300907639,0.00446205876528927,"TCF21/WNT2B/FOXF1/RSPO2/CCL11/BMP2/SFRP1/BCL2/SFRP2/SIRT6/VDR/NRARP/LGR4/HOXA5/FGFR1/HOXD11/SPINT1/GREM1/HOXA13/HOXB13/HOXD13",21
"BP","GO:0010975","regulation of neuron projection development","36/789","452/18986",0.079646017699115,1.91655170093206,4.10662938645329,0.000154476459671338,0.00543528284028783,0.00449035666007602,"LPAR1/PTN/SEMA6D/BMP5/ITM2C/STMN2/KLF4/ITPKA/NEGR1/PTK2B/LTK/TOX/NEO1/RGMA/FZD1/ARHGAP44/KIF13B/SEMA3G/NEDD4L/SFRP1/GFI1/SFRP2/MBOAT1/B2M/FKBP1B/NTN1/XK/NDNF/NEU4/CHRNA3/FGFR1/DDR2/PMP22/ITGA3/RGS2/MIR210",36
"BP","GO:0008202","steroid metabolic process","29/789","334/18986",0.0868263473053892,2.08933463870738,4.18230545510798,0.000156685629393439,0.00544184854227669,0.00449578091204599,"DHRS11/AQP8/UGT1A8/SCNN1B/BMP5/LIMA1/ATP8B1/DHRS9/ABCA5/HSD11B2/PDGFRA/BMP2/SULT1A2/KIT/GFI1/BMP6/HSD3B2/CLCN2/APOBR/OSBPL7/UGT2A3/NR5A2/OSBPL1A/SMPD1/SULT1A4/FGFR1/HSD17B2/SULT1A1/AKR1C3",29
"BP","GO:0051279","regulation of release of sequestered calcium ion into cytosol","12/789","83/18986",0.144578313253012,3.47904164185258,4.71304303933973,0.000156954368482507,0.00544184854227669,0.00449578091204599,"BDKRB1/PTK2B/PDE4D/GSTM2/SRI/CD19/FKBP1B/ANK2/ATP1A2/PLN/CASQ2/JPH2",12
"BP","GO:0097501","stress response to metal ion","6/789","21/18986",0.285714285714286,6.87524895889915,5.6092319985823,0.000160381734470416,0.00552038578793099,0.00456066442491008,"MUC2/MT1M/MT1H/MT1F/MT1E/MT1G",6
"BP","GO:0006693","prostaglandin metabolic process","9/789","49/18986",0.183673469387755,4.41980290214945,4.99099841285721,0.00016272284276594,0.00552095359384439,0.0045611335175295,"HPGD/PLA2G10/HPGDS/PLA2G4F/EDN2/CES2/PTGS1/PTGDS/AKR1C3",9
"BP","GO:0048546","digestive tract morphogenesis","9/789","49/18986",0.183673469387755,4.41980290214945,4.99099841285721,0.00016272284276594,0.00552095359384439,0.0045611335175295,"NKX2-3/TCF21/FOXF1/PDGFRA/SFRP1/BCL2/SFRP2/HOXA13/HOXD13",9
"BP","GO:1901616","organic hydroxy compound catabolic process","10/789","60/18986",0.166666666666667,4.01056189269117,4.86337403941616,0.000166091615739379,0.00559528492739041,0.00462254231785296,"SULT1B1/AKR1B10/SULT1A2/ACSS2/MAOA/CYP4F12/SULT1A4/LDHD/SULT1A1/AKR1C3",10
"BP","GO:0006068","ethanol catabolic process","5/789","14/18986",0.357142857142857,8.59406119862394,5.91868814077863,0.000179077387151043,0.00594837474802415,0.0049142473264563,"SULT1B1/SULT1A2/ACSS2/SULT1A4/SULT1A1",5
"BP","GO:0008212","mineralocorticoid metabolic process","5/789","14/18986",0.357142857142857,8.59406119862394,5.91868814077863,0.000179077387151043,0.00594837474802415,0.0049142473264563,"SCNN1B/BMP5/BMP2/BMP6/CLCN2",5
"BP","GO:0001503","ossification","36/789","456/18986",0.0789473684210526,1.89973984390634,4.04953884800836,0.000183543179934437,0.006054375727004,0.00500181999119577,"BMP3/PTN/GDPD2/CHRDL1/TP53INP2/SLC26A2/BMP5/RSPO2/PTGER4/PTK2B/CLEC3B/FZD1/SMPD3/MAPK3/BMP2/TRPM4/SFRP1/BMP6/BCL2/SFRP2/MAP2K6/OSR2/VDR/CREB3L1/OSR1/ACHE/TPH1/TNFRSF11A/TMEM119/LGR4/GPM6B/MMP2/CTSK/DDR2/GREM1/MIR210",36
"BP","GO:1904063","negative regulation of cation transmembrane transport","13/789","97/18986",0.134020618556701,3.22498791371043,4.57459809553549,0.000185328831238939,0.00607111688541351,0.00501565069225962,"ANK3/GSTM2/NEDD4L/SRI/BCL2/CAV1/OSR1/FKBP1B/ATP1A2/ADRA2A/PLN/CASQ2/MIR192",13
"BP","GO:0007599","hemostasis","23/789","241/18986",0.0954356846473029,2.29650432029619,4.2177775610742,0.000188743866880872,0.00613699811685407,0.00507007844423977,"FBLN1/P2RX1/SCUBE1/ADTRP/CTSG/PLAT/P2RY1/PDGFRA/PAPSS2/PAFAH2/DGKA/CAV1/TPH1/MMRN1/RAB27A/VWF/CEACAM1/ADRA2A/F3/F2RL1/F13A1/ST3GAL4/TSPAN8",23
"BP","GO:0003254","regulation of membrane depolarization","9/789","50/18986",0.18,4.33140684410646,4.9114808848029,0.000191215941325137,0.00613699811685407,0.00507007844423977,"GPD1L/ANK3/TRPM4/NEDD4L/BCL2/CLCN2/B2M/FHL1/DCN",9
"BP","GO:0006692","prostanoid metabolic process","9/789","50/18986",0.18,4.33140684410646,4.9114808848029,0.000191215941325137,0.00613699811685407,0.00507007844423977,"HPGD/PLA2G10/HPGDS/PLA2G4F/EDN2/CES2/PTGS1/PTGDS/AKR1C3",9
"BP","GO:0030510","regulation of BMP signaling pathway","15/789","124/18986",0.120967741935484,2.91089169630811,4.4452577761565,0.000196459446783545,0.00618001571007839,0.0051056174110077,"ACVRL1/CHRDL1/NEO1/RGMA/FZD1/SFRP1/GREM2/SFRP2/SOSTDC1/CAV1/NBL1/ITGA3/GREM1/HOXA13/MIR210",15
"BP","GO:0031640","killing of cells of another organism","15/789","124/18986",0.120967741935484,2.91089169630811,4.4452577761565,0.000196459446783545,0.00618001571007839,0.0051056174110077,"CHGA/CCL28/CXCL14/SCNN1B/CTSG/CCL11/GBP3/LGALS3/GSDMB/F2RL1/NOS2/CCL13/GZMA/CXCL13/PLA2G2A",15
"BP","GO:0141061","disruption of cell in another organism","15/789","124/18986",0.120967741935484,2.91089169630811,4.4452577761565,0.000196459446783545,0.00618001571007839,0.0051056174110077,"CHGA/CCL28/CXCL14/SCNN1B/CTSG/CCL11/GBP3/LGALS3/GSDMB/F2RL1/NOS2/CCL13/GZMA/CXCL13/PLA2G2A",15
"BP","GO:0002687","positive regulation of leukocyte migration","17/789","152/18986",0.111842105263158,2.69129811220065,4.35927814160733,0.00019917260684982,0.00620138272881143,0.00512326976465574,"PTN/EDN3/MADCAM1/BDKRB1/PTK2B/KITLG/P2RX4/MAPK3/PDGFD/JAM2/LGALS3/EDN2/F2RL1/CCL5/S100A14/LYVE1/CXCL13",17
"BP","GO:0002067","glandular epithelial cell differentiation","11/789","73/18986",0.150684931506849,3.62598746462489,4.68077507173608,0.000201326960814537,0.00620138272881143,0.00512326976465574,"BMP5/KLF4/GATA2/BMP2/BMP6/CLCN2/SPDEF/CAV1/NR5A2/HOXA5/INSM1",11
"BP","GO:0016266","O-glycan processing","8/789","40/18986",0.2,4.8126742712294,5.0262586983573,0.000202360910098057,0.00620138272881143,0.00512326976465574,"B3GNT6/B3GNT7/GALNT12/GCNT3/GALNT7/B3GNT8/GALNT8/ST3GAL4",8
"BP","GO:1903514","release of sequestered calcium ion into cytosol by endoplasmic reticulum","8/789","40/18986",0.2,4.8126742712294,5.0262586983573,0.000202360910098057,0.00620138272881143,0.00512326976465574,"PDE4D/GSTM2/SRI/FKBP1B/ANK2/ATP1A2/PLN/CASQ2",8
"BP","GO:0061448","connective tissue development","26/789","290/18986",0.0896551724137931,2.15740570779249,4.1357490040491,0.000203754763093148,0.00620407131213111,0.00512549093664815,"ACVRL1/WNT2B/BMP3/SLC26A2/BMP5/FRZB/RSPO2/BARX2/SCIN/OGN/SMPD3/MAPK3/BMP2/TRPM4/PDGFD/BMP6/SFRP2/MUSTN1/OSR2/OSR1/HOXA5/CTSK/FGFR1/GREM1/WNT5B/CRIP1",26
"BP","GO:0031214","biomineral tissue development","19/789","182/18986",0.104395604395604,2.51211019652084,4.26813275830983,0.000213782780466065,0.00646795036441916,0.00534349450605089,"PTN/RSPO2/PTK2B/CNNM4/CLEC3B/SMPD3/BMP2/TRPM4/BMP6/OSR2/VDR/OSR1/WLS/TMEM119/LGR4/GPM6B/FGFR1/DDR2/GREM1",19
"BP","GO:0006644","phospholipid metabolic process","31/789","374/18986",0.0828877005347594,1.99455751882502,4.04494936048197,0.000217044861483133,0.00652508286104356,0.00539069449439787,"PLCD1/CWH43/PLCE1/ABHD3/ITPKA/DHDDS/NAAA/GDPD3/PIGZ/LPCAT4/SMPD3/PITPNM3/PLA2G10/MTM1/TNFAIP8L3/CHP1/BMX/DGKA/CAPN2/MBOAT1/PRDX6/LIPH/SMPDL3B/PLA2G4F/PIP5K1B/ENPP2/SMPD1/ABCA8/SLC44A4/CDS1/PLA2G2A",31
"BP","GO:0006940","regulation of smooth muscle contraction","10/789","62/18986",0.161290322580645,3.88118892841081,4.73156724978495,0.000219792047834845,0.00656611463657556,0.00542459287870441,"P2RX1/EDN3/KIT/CAV1/EDN2/ATP1A2/ADRA2A/CHRNA3/RGS2/CNN1",10
"BP","GO:0001516","prostaglandin biosynthetic process","7/789","31/18986",0.225806451612903,5.43366449977513,5.14429285058941,0.000228634333950092,0.00672875174767728,0.00555895546046336,"PLA2G10/HPGDS/PLA2G4F/EDN2/PTGS1/PTGDS/AKR1C3",7
"BP","GO:0046457","prostanoid biosynthetic process","7/789","31/18986",0.225806451612903,5.43366449977513,5.14429285058941,0.000228634333950092,0.00672875174767728,0.00555895546046336,"PLA2G10/HPGDS/PLA2G4F/EDN2/PTGS1/PTGDS/AKR1C3",7
"BP","GO:0071248","cellular response to metal ion","19/789","183/18986",0.103825136612022,2.49838281839778,4.24110144889879,0.000229485849078678,0.00672875174767728,0.00555895546046336,"CPNE5/SLC25A23/ITPKA/ANK3/CHP2/SMPD3/P2RX4/BMP6/CPNE8/B2M/SMPD1/FABP4/MT1M/AKR1C3/SLC13A2/MT1H/MT1F/MT1E/MT1G",19
"BP","GO:1903115","regulation of actin filament-based movement","8/789","41/18986",0.195121951219512,4.69529197193113,4.93216147787868,0.000242361443965142,0.00706268011554862,0.00583483024282887,"PDE4D/TRPM4/SRI/CAV1/DSC2/ANK2/ATP1A2/PLN",8
"BP","GO:0141060","disruption of anatomical structure in another organism","15/789","127/18986",0.118110236220472,2.84213047513548,4.33717376734018,0.000256141429054281,0.00741873041468192,0.0061289810495145,"CHGA/CCL28/CXCL14/SCNN1B/CTSG/CCL11/GBP3/LGALS3/GSDMB/F2RL1/NOS2/CCL13/GZMA/CXCL13/PLA2G2A",15
"BP","GO:0006067","ethanol metabolic process","5/789","15/18986",0.333333333333333,8.02112378538234,5.6643626729781,0.00025945374021517,0.00746047637142918,0.00616346945433529,"SULT1B1/SULT1A2/ACSS2/SULT1A4/SULT1A1",5
"BP","GO:0036230","granulocyte activation","9/789","52/18986",0.173076923076923,4.16481427317929,4.75852788693633,0.000260724016348893,0.00746047637142918,0.00616346945433529,"CD177/SCNN1B/CTSG/VAMP2/IL18/F2RL1/ENPP3/CCL5/PLA2G2A",9
"BP","GO:0097530","granulocyte migration","17/789","156/18986",0.108974358974359,2.62229046829807,4.23652389703717,0.000272123274615764,0.00774003326002923,0.00639442526169284,"CD177/EDN3/SCG2/PTGER4/CCL11/MAPK3/BSG/LGALS3/CCL15/MCOLN2/CCL23/EDN2/GP2/CCL5/CCL13/S100A14/CXCL13",17
"BP","GO:0050920","regulation of chemotaxis","21/789","216/18986",0.0972222222222222,2.33949443740318,4.12267935512802,0.000274587386649854,0.00776363146777861,0.00641392091121964,"LPAR1/PTN/MMP28/EDN3/SCG2/PTK2B/PADI2/P2RX4/MAPK3/PDGFRA/PDGFD/NBL1/EDN2/FGFR1/F3/F2RL1/CCL5/GREM1/S100A14/DUSP1/CXCL13",21
"BP","GO:0010881","regulation of cardiac muscle contraction by regulation of the release of sequestered calcium ion","6/789","23/18986",0.260869565217391,6.2774012233427,5.27320206759516,0.000277869215176334,0.00776399277698581,0.00641421940667105,"GSTM2/FKBP1B/ANK2/ATP1A2/PLN/CASQ2",6
"BP","GO:0061687","detoxification of inorganic compound","6/789","23/18986",0.260869565217391,6.2774012233427,5.27320206759516,0.000277869215176334,0.00776399277698581,0.00641421940667105,"MUC2/MT1M/MT1H/MT1F/MT1E/MT1G",6
"BP","GO:0070252","actin-mediated cell contraction","14/789","115/18986",0.121739130434783,2.92945390422659,4.3214528125304,0.000297050432969434,0.00825140091581761,0.00681689143804278,"SLC9A1/SCN4B/GPD1L/GSN/PDE4D/TRPM4/NEDD4L/SRI/CAV1/DSC2/ANK2/ATP1A2/SCN7A/PLN",14
"BP","GO:0007162","negative regulation of cell adhesion","27/789","314/18986",0.0859872611464968,2.06914339686614,3.97785792442258,0.000304419194932686,0.00840692544145499,0.00694537796027572,"FBLN1/ACVRL1/ADAMDEC1/CCL28/ADTRP/LGALS9C/SEMA6A/FAM107A/CTSG/KLF4/PDE5A/B4GALNT2/LGALS9B/BMP2/PAG1/APOD/BMP6/GCNT2/LGALS3/NRARP/CEACAM1/MMP2/FGL2/CLDN7/MUC1/MIR192/DUSP1",27
"BP","GO:0006643","membrane lipid metabolic process","21/789","218/18986",0.0963302752293578,2.31803118568389,4.0755745381689,0.000311258247408255,0.00854610794907058,0.00706036353111027,"P2RX1/CWH43/B3GALT1/B3GALT4/NAAA/FUCA1/PIGZ/SMPD3/ABCG2/KIT/ST6GALNAC6/SMPDL3B/NEU4/ENPP2/SMPD1/SGPP2/ABCA8/ST3GAL4/FUT2/GAL3ST2/FUT3",21
"BP","GO:0071692","protein localization to extracellular region","31/789","382/18986",0.081151832460733,1.95278668073444,3.91713102165035,0.000314003510569819,0.00857193491498069,0.00708170046826549,"GNA11/VIP/CHGA/CWH43/ADTRP/GCG/PCSK5/SCG2/NEO1/GNPTAB/TRPM4/KRT20/SFRP1/UCN3/SRI/BSG/BMP6/ADCY5/SIRT6/FAM3D/C1QTNF3/WLS/FKBP1B/NBL1/ACHE/RAB27A/ADRA2A/F2RL1/NOS2/SNCG/CCL5",31
"BP","GO:0042552","myelination","17/789","158/18986",0.107594936708861,2.58909691806645,4.1765793686723,0.00031659487891208,0.00859312833850696,0.00709920940630558,"LPAR1/PTN/MALL/PLP1/BCAS1/EPB41L3/MAPK3/MPZ/MAL/JAM2/ANK2/XK/GPM6B/CLDN5/LGI4/PMP22/PLLP",17
"BP","GO:0007596","blood coagulation","22/789","234/18986",0.094017094017094,2.26236824715912,4.0458902552758,0.00031839801843731,0.00859312833850696,0.00709920940630558,"FBLN1/P2RX1/SCUBE1/ADTRP/CTSG/PLAT/P2RY1/PDGFRA/PAPSS2/PAFAH2/DGKA/CAV1/MMRN1/RAB27A/VWF/CEACAM1/ADRA2A/F3/F2RL1/F13A1/ST3GAL4/TSPAN8",22
"BP","GO:0002062","chondrocyte differentiation","14/789","116/18986",0.120689655172414,2.90419999125912,4.28350726837032,0.000325172605441481,0.00872638347936178,0.00720929808555362,"ACVRL1/WNT2B/SLC26A2/SCIN/SMPD3/BMP2/BMP6/SFRP2/MUSTN1/OSR2/OSR1/FGFR1/GREM1/WNT5B",14
"BP","GO:0002548","monocyte chemotaxis","9/789","54/18986",0.166666666666667,4.01056189269117,4.61307055381178,0.000349958651327818,0.00920842216458626,0.00760753414505874,"CTSG/LGALS3/NBL1/TNFRSF11A/CCL23/CCL5/GREM1/S100A14/DUSP1",9
"BP","GO:0050921","positive regulation of chemotaxis","16/789","145/18986",0.110344827586207,2.65526856343691,4.16624109329519,0.000353888936487388,0.00920842216458626,0.00760753414505874,"LPAR1/PTN/EDN3/SCG2/PTK2B/P2RX4/MAPK3/PDGFRA/PDGFD/EDN2/FGFR1/F3/F2RL1/CCL5/S100A14/CXCL13",16
"BP","GO:0030277","maintenance of gastrointestinal epithelium","6/789","24/18986",0.25,6.01584283903676,5.11978088861647,0.000357561174062896,0.00920842216458626,0.00760753414505874,"SLC22A5/MUC2/HTR4/MUC4/MUC13/PBLD",6
"BP","GO:0030539","male genitalia development","6/789","24/18986",0.25,6.01584283903676,5.11978088861647,0.000357561174062896,0.00920842216458626,0.00760753414505874,"BMP5/PDGFRA/BMP6/LGR4/HOXA13/HOXD13",6
"BP","GO:0045822","negative regulation of heart contraction","6/789","24/18986",0.25,6.01584283903676,5.11978088861647,0.000357561174062896,0.00920842216458626,0.00760753414505874,"PDE5A/PDE4D/SRI/FKBP1B/ATP1A2/PLN",6
"BP","GO:0071294","cellular response to zinc ion","6/789","24/18986",0.25,6.01584283903676,5.11978088861647,0.000357561174062896,0.00920842216458626,0.00760753414505874,"P2RX4/MT1M/MT1H/MT1F/MT1E/MT1G",6
"BP","GO:0090280","positive regulation of calcium ion import","6/789","24/18986",0.25,6.01584283903676,5.11978088861647,0.000357561174062896,0.00920842216458626,0.00760753414505874,"P2RX1/GCG/AKAP5/LGALS3/MS4A1/ATP2C2",6
"BP","GO:0016049","cell growth","37/789","490/18986",0.0755102040816327,1.81703008199478,3.81540885617688,0.000358643810620728,0.00920842216458626,0.00760753414505874,"CPNE5/ACVRL1/SEMA6D/EDN3/PI16/FRZB/FAM107A/SLC9A1/LTBP4/BDKRB1/PTK2B/RGMA/SEMA3G/NEDD4L/SFRP1/CLSTN1/BCL2/SFRP2/SLIT3/MUC12/NTN1/RPS6KA1/FHL1/MEIS1/NDN/EDN2/S100B/CEACAM1/SLC44A4/SGK2/CDKN1A/CRYAB/TRIM40/CDHR2/GREM1/RGS2/SFN",37
"BP","GO:0010649","regulation of cell communication by electrical coupling","5/789","16/18986",0.3125,7.51980354879594,5.4325626155625,0.000364528332524287,0.009278403214843,0.00766534896065035,"ANK3/PDE4D/SRI/CAV1/CASQ2",5
"BP","GO:0007272","ensheathment of neurons","17/789","160/18986",0.10625,2.55673320659062,4.11755167628849,0.00036722943250326,0.009278403214843,0.00766534896065035,"LPAR1/PTN/MALL/PLP1/BCAS1/EPB41L3/MAPK3/MPZ/MAL/JAM2/ANK2/XK/GPM6B/CLDN5/LGI4/PMP22/PLLP",17
"BP","GO:0008366","axon ensheathment","17/789","160/18986",0.10625,2.55673320659062,4.11755167628849,0.00036722943250326,0.009278403214843,0.00766534896065035,"LPAR1/PTN/MALL/PLP1/BCAS1/EPB41L3/MAPK3/MPZ/MAL/JAM2/ANK2/XK/GPM6B/CLDN5/LGI4/PMP22/PLLP",17
"BP","GO:0002065","columnar/cuboidal epithelial cell differentiation","15/789","132/18986",0.113636363636364,2.73447401774398,4.16386765684396,0.000390460292225489,0.00971039993754488,0.00802224287361048,"NPY/TMIGD1/PYY/BMP5/KLF4/GATA2/BMP2/BMP6/CLCN2/SPDEF/CAV1/NR5A2/HOXA5/INSM1/CDKN1A",15
"BP","GO:0003014","renal system process","15/789","132/18986",0.113636363636364,2.73447401774398,4.16386765684396,0.000390460292225489,0.00971039993754488,0.00802224287361048,"SLC25A23/SCNN1B/PCSK5/GSN/HSD11B2/ABCG2/PRKACB/BCL2/AMN/CYP4F12/CHRNA3/F2RL1/ITGA3/KCNMA1/AKR1C3",15
"BP","GO:0051282","regulation of sequestering of calcium ion","15/789","132/18986",0.113636363636364,2.73447401774398,4.16386765684396,0.000390460292225489,0.00971039993754488,0.00802224287361048,"SLC25A23/PLCD1/PLCE1/BDKRB1/PTK2B/PDE4D/GSTM2/SRI/CD19/FKBP1B/ANK2/ATP1A2/PLN/CASQ2/JPH2",15
"BP","GO:0009612","response to mechanical stimulus","21/789","222/18986",0.0945945945945946,2.27626485801391,3.98289163986164,0.000397656091672215,0.0098106418483436,0.00810505768656509,"PTN/TRPA1/SLC9A1/BDKRB1/PTGER4/PTK2B/P2RY1/TLR3/CASP5/GSN/MAPK3/CITED2/KIT/BMP6/CAPN2/SLITRK6/FAS/TNFRSF11A/ATP1A2/MMP2/DDR2",21
"BP","GO:0009636","response to toxic substance","24/789","270/18986",0.0888888888888889,2.13896634276862,3.92491412622322,0.000399561673055426,0.0098106418483436,0.00810505768656509,"TRPM6/AQP8/SLC22A5/UGT1A10/MUC2/GSTM2/AKR1B10/ABCG2/CYGB/BCL2/PRDX6/MB/PINK1/CDKN1A/CCL5/ABCB1/PTGS1/MT1M/MT1H/SOD3/FABP1/MT1F/MT1E/MT1G",24
"BP","GO:0030501","positive regulation of bone mineralization","8/789","44/18986",0.181818181818182,4.37515842839037,4.66714710926555,0.000402752665353053,0.0098106418483436,0.00810505768656509,"PTN/BMP2/BMP6/OSR2/VDR/OSR1/TMEM119/GPM6B",8
"BP","GO:0043268","positive regulation of potassium ion transport","8/789","44/18986",0.181818181818182,4.37515842839037,4.66714710926555,0.000402752665353053,0.0098106418483436,0.00810505768656509,"EDN3/LRRC26/ATP1B3/ANK2/FHL1/ADRA2A/AKAP7/KCNMB1",8
"BP","GO:0002027","regulation of heart rate","13/789","105/18986",0.123809523809524,2.9792745488563,4.23479214061903,0.000409567344317586,0.00992573921177824,0.00820014532554223,"EDN3/SCN4B/GPD1L/PDE4D/TRPM4/SRI/CAV1/DSC2/FKBP1B/ANK2/EDN2/PLN/CASQ2",13
"BP","GO:0007389","pattern specification process","36/789","476/18986",0.0756302521008403,1.81991884206154,3.772376567908,0.000416101189244695,0.0100328966949863,0.0082886734357693,"ACVRL1/WNT2B/HOXD4/CHRDL1/FOXF1/BMP5/HOXD8/PCSK5/PPP2R3A/CITED2/BMP2/BHLHE41/MEIS3P1/SFRP1/GREM2/SFRP2/SHROOM3/SOSTDC1/DAAM2/OSR2/ASB2/OSR1/WLS/NBL1/NRARP/MEIS1/HOXA5/FGFR1/HOXA6/HOXD11/HOXD9/GREM1/HES2/LEFTY1/CDX1/HOXD13",36
"BP","GO:0051897","positive regulation of phosphatidylinositol 3-kinase/protein kinase B signal transduction","19/789","192/18986",0.0989583333333333,2.38127112378538,4.00556552600533,0.000422651043531377,0.0101393558422931,0.00837662461608173,"PTK2B/LTK/TMEM100/P2RX4/RASD2/PDGFRA/KIT/CD19/PDGFD/PRR5L/GCNT2/PINK1/FGFR1/IL18/F2RL1/DDR2/CCL5/DCN/AKR1C3",19
"BP","GO:0051651","maintenance of location in cell","21/789","224/18986",0.09375,2.25594106463878,3.93729185711967,0.000448214616875808,0.0106757870146264,0.00881979700621104,"SLC25A23/PLCD1/PLCE1/BDKRB1/PTK2B/SCIN/ANK3/GSN/PDE4D/GSTM2/SRI/CD19/CAV1/FKBP1B/ANK2/ATP1A2/PINK1/HK2/PLN/CASQ2/JPH2",21
"BP","GO:0051047","positive regulation of secretion","27/789","322/18986",0.0838509316770186,2.01773610750301,3.83534698273288,0.000452125780588098,0.0106757870146264,0.00881979700621104,"GNA11/CD177/EDN3/GCG/NEGR1/SCIN/P2RY1/SMPD3/P2RX4/GATA2/PLA2G10/BMP2/TRPM4/UCN3/SRI/BSG/BMP6/MAP2K6/SIRT6/C1QTNF3/WLS/ACHE/TNFRSF11A/PINK1/RAB27A/FGFR1/F2RL1",27
"BP","GO:0030318","melanocyte differentiation","6/789","25/18986",0.24,5.77520912547528,4.974800689525,0.000454067990727725,0.0106757870146264,0.00881979700621104,"GNA11/EDN3/KITLG/KIT/BCL2/RAB27A",6
"BP","GO:0120254","olefinic compound metabolic process","17/789","163/18986",0.104294478527607,2.50967676720552,4.03067013526065,0.000456265097708244,0.0106757870146264,0.00881979700621104,"SCNN1B/BMP5/DHRS9/GSTM2/AKR1B10/HSD11B2/MGLL/PLA2G10/BMP2/BMP6/CLCN2/CYP4F12/PTGS1/PTGDS/RETSAT/AKR1C3/ADH1C",17
"BP","GO:0043271","negative regulation of monoatomic ion transport","15/789","134/18986",0.111940298507463,2.69366097270303,4.0967934508992,0.000459054245836943,0.0106757870146264,0.00881979700621104,"PTK2B/ANK3/GSTM2/NEDD4L/SLC6A9/SRI/BCL2/CAV1/OSR1/FKBP1B/ATP1A2/ADRA2A/PLN/CASQ2/MIR192",15
"BP","GO:0001558","regulation of cell growth","32/789","408/18986",0.0784313725490196,1.88732324361937,3.77273555689975,0.000459999899755852,0.0106757870146264,0.00881979700621104,"CPNE5/ACVRL1/SEMA6D/PI16/FRZB/FAM107A/SLC9A1/LTBP4/BDKRB1/PTK2B/RGMA/SEMA3G/NEDD4L/SFRP1/CLSTN1/BCL2/SFRP2/SLIT3/MUC12/NTN1/RPS6KA1/FHL1/CEACAM1/SLC44A4/SGK2/CDKN1A/CRYAB/TRIM40/CDHR2/GREM1/RGS2/SFN",32
"BP","GO:0032410","negative regulation of transporter activity","12/789","93/18986",0.129032258064516,3.10495114272865,4.23718022570688,0.000462449110621845,0.0106757870146264,0.00881979700621104,"ANK3/GSTM2/NEDD4L/SLC6A9/SRI/CAV1/OSR1/ATP1A2/ADRA2A/PLN/CASQ2/MIR192",12
"BP","GO:0086065","cell communication involved in cardiac conduction","9/789","56/18986",0.160714285714286,3.86732753938077,4.47445265663742,0.000462992026318536,0.0106757870146264,0.00881979700621104,"SCN4B/PDE4D/TRPM4/SRI/CAV1/DSC2/ANK2/ATP1A2/CASQ2",9
"BP","GO:0003044","regulation of systemic arterial blood pressure mediated by a chemical signal","8/789","45/18986",0.177777777777778,4.27793268553725,4.58404360839933,0.000472227976487242,0.0107840523476654,0.00890924036611557,"CPA3/EDN3/PCSK5/CMA1/CTSG/HSD11B2/EDN2/F2RL1",8
"BP","GO:0070296","sarcoplasmic reticulum calcium ion transport","8/789","45/18986",0.177777777777778,4.27793268553725,4.58404360839933,0.000472227976487242,0.0107840523476654,0.00890924036611557,"PDE4D/GSTM2/SRI/FKBP1B/ANK2/ATP1A2/PLN/CASQ2",8
"BP","GO:0050817","coagulation","22/789","241/18986",0.0912863070539419,2.19665630637027,3.89295279492273,0.000478189197860807,0.0108306783507805,0.00894776041921544,"FBLN1/P2RX1/SCUBE1/ADTRP/CTSG/PLAT/P2RY1/PDGFRA/PAPSS2/PAFAH2/DGKA/CAV1/MMRN1/RAB27A/VWF/CEACAM1/ADRA2A/F3/F2RL1/F13A1/ST3GAL4/TSPAN8",22
"BP","GO:0015711","organic anion transport","35/789","462/18986",0.0757575757575758,1.82298267849599,3.72896408927505,0.00048270586337078,0.0108306783507805,0.00894776041921544,"BEST4/CA4/SLC25A23/SLCO2A1/GLTP/BDKRB2/SLC26A3/SLC26A2/SLC4A4/SLC36A1/SLC17A4/ATP8B1/P2RX4/FABP2/BEST2/PLA2G10/ABCG2/GIPC1/SLC6A9/MAP2K6/SLC16A9/PLA2G4F/TNFRSF11A/SLC35A3/ATP1A2/CEACAM1/SLC44A4/NOS2/FABP4/ABCB1/SLC6A8/RGS2/SLC13A2/PLA2G2A/FABP1",35
"BP","GO:0007188","adenylate cyclase-modulating G protein-coupled receptor signaling pathway","24/789","274/18986",0.0875912408759124,2.1077405567428,3.84589247825443,0.000494310215109138,0.0108306783507805,0.00894776041921544,"LPAR1/GLP2R/GNA11/VIP/PTGDR2/CHGA/GCG/PRKAR2B/PTGER4/P2RY1/PTGER2/PDE4D/HTR4/VIPR1/PRKACB/UCN3/PDE3A/MTNR1A/ADCY5/AKAP5/LGR4/ADRA2A/PLN/RGS2",24
"BP","GO:0033865","nucleoside bisphosphate metabolic process","5/789","17/18986",0.294117647058824,7.07746216357265,5.21997485480761,0.000498837700700962,0.0108306783507805,0.00894776041921544,"SULT1B1/PAPSS2/SULT1A2/SULT1A4/SULT1A1",5
"BP","GO:0033875","ribonucleoside bisphosphate metabolic process","5/789","17/18986",0.294117647058824,7.07746216357265,5.21997485480761,0.000498837700700962,0.0108306783507805,0.00894776041921544,"SULT1B1/PAPSS2/SULT1A2/SULT1A4/SULT1A1",5
"BP","GO:0034032","purine nucleoside bisphosphate metabolic process","5/789","17/18986",0.294117647058824,7.07746216357265,5.21997485480761,0.000498837700700962,0.0108306783507805,0.00894776041921544,"SULT1B1/PAPSS2/SULT1A2/SULT1A4/SULT1A1",5
"BP","GO:0034035","purine ribonucleoside bisphosphate metabolic process","5/789","17/18986",0.294117647058824,7.07746216357265,5.21997485480761,0.000498837700700962,0.0108306783507805,0.00894776041921544,"SULT1B1/PAPSS2/SULT1A2/SULT1A4/SULT1A1",5
"BP","GO:0038083","peptidyl-tyrosine autophosphorylation","5/789","17/18986",0.294117647058824,7.07746216357265,5.21997485480761,0.000498837700700962,0.0108306783507805,0.00894776041921544,"PTK2B/LTK/MAPK3/CAV1/GREM1",5
"BP","GO:0050427","3'-phosphoadenosine 5'-phosphosulfate metabolic process","5/789","17/18986",0.294117647058824,7.07746216357265,5.21997485480761,0.000498837700700962,0.0108306783507805,0.00894776041921544,"SULT1B1/PAPSS2/SULT1A2/SULT1A4/SULT1A1",5
"BP","GO:0016486","peptide hormone processing","7/789","35/18986",0.2,4.8126742712294,4.70101422004733,0.000505964746123306,0.0108306783507805,0.00894776041921544,"PCSK5/CMA1/CTSG/MEP1A/PCSK7/PCSK1N/CPE",7
"BP","GO:0048333","mesodermal cell differentiation","7/789","35/18986",0.2,4.8126742712294,4.70101422004733,0.000505964746123306,0.0108306783507805,0.00894776041921544,"FOXF1/ITGA8/KLF4/SFRP2/FGFR1/EYA2/ITGA3",7
"BP","GO:0043299","leukocyte degranulation","11/789","81/18986",0.135802469135802,3.26786524589651,4.25907530635608,0.000507763922923758,0.0108306783507805,0.00894776041921544,"CD177/CHGA/FOXF1/PTGDR/VAMP2/GATA2/KIT/RAB27A/CEACAM1/F2RL1/PTGDS",11
"BP","GO:0009624","response to nematode","4/789","10/18986",0.4,9.62534854245881,5.6809141007672,0.000508471846784011,0.0108306783507805,0.00894776041921544,"PTGER4/PTGER2/ITLN1/HPGDS",4
"BP","GO:0036093","germ cell proliferation","4/789","10/18986",0.4,9.62534854245881,5.6809141007672,0.000508471846784011,0.0108306783507805,0.00894776041921544,"PTGDR2/HPGDS/UCHL1/PTGDS",4
"BP","GO:0048263","determination of dorsal identity","4/789","10/18986",0.4,9.62534854245881,5.6809141007672,0.000508471846784011,0.0108306783507805,0.00894776041921544,"GREM2/SOSTDC1/NBL1/GREM1",4
"BP","GO:0051223","regulation of protein transport","34/789","446/18986",0.0762331838565022,1.83442741280045,3.71317170544509,0.00051717824212964,0.0109669493308741,0.00906034063279745,"GNA11/CHGA/CWH43/ADTRP/GCG/NEO1/CHP2/ARHGAP44/VAMP2/TRPM4/KRT20/SFRP1/CHP1/DERL3/UCN3/TMEM30B/SRI/BSG/APOD/BMP6/ADCY5/AKAP5/PRR5L/SIRT6/FAM3D/C1QTNF3/WLS/FKBP1B/ACHE/ADRA2A/F2RL1/NOS2/CCL5/SFN",34
"BP","GO:0051208","sequestering of calcium ion","15/789","136/18986",0.110294117647059,2.65404831133974,4.03093571355937,0.000537706081188022,0.0112802320864028,0.00931915905110465,"SLC25A23/PLCD1/PLCE1/BDKRB1/PTK2B/PDE4D/GSTM2/SRI/CD19/FKBP1B/ANK2/ATP1A2/PLN/CASQ2/JPH2",15
"BP","GO:0061844","antimicrobial humoral immune response mediated by antimicrobial peptide","15/789","136/18986",0.110294117647059,2.65404831133974,4.03093571355937,0.000537706081188022,0.0112802320864028,0.00931915905110465,"NPY/VIP/CCL28/CXCL14/CCL11/B2M/LGALS3/LGALS4/CCL15/CCL23/SPINK5/CCL5/CCL13/DMBT1/CXCL13",15
"BP","GO:2001257","regulation of cation channel activity","13/789","108/18986",0.12037037037037,2.89651692249918,4.11561284407535,0.000539076354444935,0.0112802320864028,0.00931915905110465,"ANK3/GSTM2/VAMP2/SRI/LRRC26/CAV1/FKBP1B/ANK2/AHNAK/AKAP7/CASQ2/MIR192/JPH2",13
"BP","GO:0009225","nucleotide-sugar metabolic process","8/789","46/18986",0.173913043478261,4.18493414889513,4.50332500034614,0.00055110896740205,0.011481436820876,0.00948538425888662,"B4GALNT2/CMAHP/ENTPD5/SLC35A3/NANS/UGDH/UGP2/GNE",8
"BP","GO:0032970","regulation of actin filament-based process","31/789","395/18986",0.0784810126582278,1.88851775200141,3.71584154733705,0.000554824117415707,0.0115083605140813,0.00950762725684099,"LPAR1/FAM107A/SLC9A1/LIMA1/PTGER4/PTK2B/SCIN/CCL11/ASAP3/ARHGAP44/GSN/PDE4D/PDGFRA/TRPM4/SFRP1/CDC42EP5/RHOC/SRI/VILL/DAAM2/CAV1/DSC2/ANK2/GPM6B/ATP1A2/RHOF/LMOD1/PLN/F2RL1/BAIAP2L2/SYNPO2",31
"BP","GO:1903034","regulation of response to wounding","18/789","181/18986",0.0994475138121547,2.39304245530744,3.92112670293021,0.000558889052892474,0.0115422739184315,0.00953564480175351,"PTN/ADTRP/KLF4/PLAT/NEO1/RGMA/PDGFRA/CAV1/FKBP1B/MMRN1/CEACAM1/ADRA2A/F3/F2RL1/DDR2/ST3GAL4/TSPAN8/MYLK",18
"BP","GO:0042391","regulation of membrane potential","35/789","466/18986",0.0751072961373391,1.8073347585089,3.67426116645304,0.000564173296311588,0.0115648273403327,0.00955427730188592,"GNA11/P2RX1/SLC26A3/SLC9A1/SLC4A4/PTK2B/SCN4B/GPD1L/ANK3/P2RX4/BEST2/TRPM4/NEDD4L/UCN3/SRI/BCL2/CLCN2/ATP1B3/CAV1/B2M/KCNS3/DSC2/FKBP1B/ANK2/FHL1/PID1/ATP1A2/PINK1/SCN7A/CHRNA3/PLN/AKAP7/DCN/KCNMA1/CASQ2",35
"BP","GO:0002026","regulation of the force of heart contraction","6/789","26/18986",0.230769230769231,5.55308569757239,4.83745832872648,0.000569719915292178,0.0115648273403327,0.00955427730188592,"CHGA/SLC9A1/CAV1/EDN2/ATP1A2/PLN",6
"BP","GO:0098719","sodium ion import across plasma membrane","6/789","26/18986",0.230769230769231,5.55308569757239,4.83745832872648,0.000569719915292178,0.0115648273403327,0.00955427730188592,"SCNN1B/SLC9A1/SLC9A2/TRPM4/SLC9A3/SCNN1A",6
"BP","GO:1903523","negative regulation of blood circulation","6/789","26/18986",0.230769230769231,5.55308569757239,4.83745832872648,0.000569719915292178,0.0115648273403327,0.00955427730188592,"PDE5A/PDE4D/SRI/FKBP1B/ATP1A2/PLN",6
"BP","GO:0006650","glycerophospholipid metabolic process","25/789","294/18986",0.0850340136054422,2.04620504729141,3.76449300706037,0.000590424225408721,0.0119341066837933,0.00985935727804574,"PLCD1/CWH43/PLCE1/ABHD3/ITPKA/NAAA/GDPD3/PIGZ/LPCAT4/PITPNM3/PLA2G10/MTM1/TNFAIP8L3/BMX/DGKA/CAPN2/MBOAT1/PRDX6/LIPH/PLA2G4F/PIP5K1B/ENPP2/SLC44A4/CDS1/PLA2G2A",25
"BP","GO:0042692","muscle cell differentiation","33/789","432/18986",0.0763888888888889,1.83817420081679,3.66945267615055,0.00059959338572661,0.0120680872127178,0.00997004523634613,"PI16/FOXF1/PDCD4/ITGA8/SLC9A1/CASP7/BARX2/NEO1/B4GALNT2/PDGFRA/BMP2/BHLHE41/KIT/BCL2/CAPN2/JAM2/HDAC9/SIRT6/ASB2/ANK2/XK/TMEM119/MEIS1/MYH11/PGM5/RBM24/LMOD1/GREM1/KRT19/UCHL1/WNT5B/RGS2/SPEG",33
"BP","GO:0009410","response to xenobiotic stimulus","34/789","451/18986",0.0753880266075388,1.8140900800643,3.64341249437278,0.000629854293133099,0.0126038369959857,0.0104126546971822,"TRPA1/UGT1A8/SCNN1B/SST/UGT1A10/PTK2B/TLR3/FZD1/SULT1B1/GSTM2/NAT1/HSD11B2/SULT1A2/SFRP1/BCAR3/CES3/PDE3A/BCL2/SFRP2/MAP2K6/C1orf115/CMBL/SMPD1/CYP4F12/CES2/MMP2/SULT1A4/CDKN1A/NOS2/ITGA3/ABCB1/SULT1A1/SLC28A2/UCHL1",34
"BP","GO:0016485","protein processing","22/789","246/18986",0.0894308943089431,2.15200882046843,3.7868880755458,0.000631518569483071,0.0126038369959857,0.0104126546971822,"CWH43/PCSK5/CMA1/CTSG/CASP7/PLAT/IL1R2/CLEC3B/GSN/SPON1/MEP1A/PRKACB/PRSS12/PCSK7/CAPN2/KLK1/CPM/CTSE/F3/TMPRSS2/PCSK1N/CPE",22
"BP","GO:0032309","icosanoid secretion","8/789","47/18986",0.170212765957447,4.09589299679098,4.42486732653576,0.000640311572179635,0.0127258576060806,0.010513461973511,"BDKRB2/P2RX4/PLA2G10/MAP2K6/PLA2G4F/TNFRSF11A/NOS2/PLA2G2A",8
"BP","GO:0001991","regulation of systemic arterial blood pressure by circulatory renin-angiotensin","5/789","18/18986",0.277777777777778,6.68426982115195,5.02393569276522,0.000667213916246884,0.0131277878923017,0.0108455165124655,"CPA3/PCSK5/CMA1/CTSG/F2RL1",5
"BP","GO:0051896","regulation of phosphatidylinositol 3-kinase/protein kinase B signal transduction","24/789","280/18986",0.0857142857142857,2.06257468766974,3.72985476652782,0.000673213948408746,0.0131277878923017,0.0108455165124655,"PTK2B/LTK/TMEM100/SMPD3/P2RX4/RASD2/PDGFRA/MTM1/KIT/CD19/PDGFD/PRR5L/GCNT2/PIP5K1B/PINK1/CEACAM1/XDH/FGFR1/IL18/F2RL1/DDR2/CCL5/DCN/AKR1C3",24
"BP","GO:0045600","positive regulation of fat cell differentiation","10/789","71/18986",0.140845070422535,3.38920723326014,4.19975278960787,0.000674637745862297,0.0131277878923017,0.0108455165124655,"VSTM2A/ZBTB7C/FRZB/BMP2/TRPM4/SFRP1/SFRP2/SIRT6/TPH1/CDS1",10
"BP","GO:1900046","regulation of hemostasis","10/789","71/18986",0.140845070422535,3.38920723326014,4.19975278960787,0.000674637745862297,0.0131277878923017,0.0108455165124655,"ADTRP/PLAT/PDGFRA/CAV1/TPH1/CEACAM1/F3/F2RL1/ST3GAL4/TSPAN8",10
"BP","GO:0030183","B cell differentiation","15/789","139/18986",0.107913669064748,2.59676669310939,3.93433788422387,0.000677117480760823,0.0131277878923017,0.0108455165124655,"NKX2-3/AQP8/CD79A/PTK2B/PLCL2/POU2AF1/ITM2A/CD27/SFRP1/KIT/CD19/BCL2/HDAC9/CD79B/MS4A1",15
"BP","GO:0090288","negative regulation of cellular response to growth factor stimulus","15/789","139/18986",0.107913669064748,2.59676669310939,3.93433788422387,0.000677117480760823,0.0131277878923017,0.0108455165124655,"CHRDL1/SEMA6A/FZD1/SFRP1/GREM2/SFRP2/SOSTDC1/CAV1/CREB3L1/NBL1/XDH/GREM1/DCN/CXCL13/MIR210",15
"BP","GO:0061337","cardiac conduction","12/789","97/18986",0.123711340206186,2.97691192034809,4.06455129492571,0.000680442505698023,0.0131386256181529,0.0108544700951743,"ATP2A3/SLC9A1/SCN4B/PDE4D/TRPM4/SRI/CAV1/DSC2/ANK2/ATP1A2/PLN/CASQ2",12
"BP","GO:0035296","regulation of tube diameter","16/789","154/18986",0.103896103896104,2.50009053050878,3.89200609756914,0.000691671398099863,0.0132477384716708,0.0109446136337703,"P2RX1/BDKRB2/EDN3/SCNN1B/P2RY1/TRPM4/CAV1/EDN2/ATP1A2/ADRA2A/MMP2/F2RL1/KCNMA1/RGS2/KCNMB1/SOD3",16
"BP","GO:0097746","blood vessel diameter maintenance","16/789","154/18986",0.103896103896104,2.50009053050878,3.89200609756914,0.000691671398099863,0.0132477384716708,0.0109446136337703,"P2RX1/BDKRB2/EDN3/SCNN1B/P2RY1/TRPM4/CAV1/EDN2/ATP1A2/ADRA2A/MMP2/F2RL1/KCNMA1/RGS2/KCNMB1/SOD3",16
"BP","GO:0032411","positive regulation of transporter activity","11/789","84/18986",0.130952380952381,3.15115577282878,4.11435279667986,0.000695074875414928,0.0132594604747828,0.0109542977617707,"SLC9A1/ANK3/GSTM2/CHP1/LRRC26/ATP1B3/HSPA2/ANK2/SGK2/AKAP7/JPH2",11
"BP","GO:0006813","potassium ion transport","22/789","248/18986",0.0887096774193548,2.13465391062595,3.74517005432213,0.000703876942082855,0.0133736618995742,0.01104864522141,"EDN3/SLC9A1/PTK2B/ANK3/SLC9A2/VAMP2/NEDD4L/CHP1/LRRC26/ATP1B3/CAV1/KCNS3/ANK2/FHL1/ATP1A2/SLC9A3/ADRA2A/FXYD3/AKAP7/KCNMA1/CASQ2/KCNMB1",22
"BP","GO:0002070","epithelial cell maturation","6/789","27/18986",0.222222222222222,5.34741585692156,4.70705484619312,0.000706994706464089,0.0133793818952367,0.0110533707934499,"TMIGD1/GATA2/HOXA5/CDKN1A/TFCP2L1/HOXB13",6
"BP","GO:1903532","positive regulation of secretion by cell","25/789","298/18986",0.0838926174496644,2.01873920773046,3.69091161219461,0.00071846777464438,0.0134853412570077,0.0111409090761495,"GNA11/CD177/EDN3/GCG/P2RY1/SMPD3/P2RX4/GATA2/PLA2G10/BMP2/TRPM4/UCN3/SRI/BSG/BMP6/MAP2K6/SIRT6/C1QTNF3/WLS/ACHE/TNFRSF11A/PINK1/RAB27A/FGFR1/F2RL1",25
"BP","GO:0046688","response to copper ion","7/789","37/18986",0.189189189189189,4.55252971602782,4.50390621204356,0.000720727417226485,0.0134853412570077,0.0111409090761495,"MUC2/MT1M/MT1H/SOD3/MT1F/MT1E/MT1G",7
"BP","GO:0002366","leukocyte activation involved in immune response","26/789","315/18986",0.0825396825396825,1.98618303257087,3.67513179766948,0.000723225201509309,0.0134853412570077,0.0111409090761495,"NKX2-3/CD177/SEMA6D/CHGA/SCNN1B/FOXF1/PTGER4/PTK2B/PLCL2/IRF4/POU2AF1/ITM2A/PTGDR/VAMP2/GATA2/LY9/KIT/CD19/LGALS3/RAB27A/CEACAM1/FGL2/IL18/F2RL1/ENPP3/PTGDS",26
"BP","GO:0019730","antimicrobial humoral response","18/789","185/18986",0.0972972972972973,2.3413009968143,3.81738129926858,0.000723949899060415,0.0134853412570077,0.0111409090761495,"NPY/VIP/CCL28/CXCL14/CTSG/CCL11/B2M/LGALS3/LGALS4/CCL15/CCL23/WFDC2/SPINK5/CCL5/CCL13/PI3/DMBT1/CXCL13",18
"BP","GO:0035150","regulation of tube size","16/789","155/18986",0.103225806451613,2.48396091418292,3.86274042334433,0.000742281349284142,0.0137727984730456,0.0113783917357372,"P2RX1/BDKRB2/EDN3/SCNN1B/P2RY1/TRPM4/CAV1/EDN2/ATP1A2/ADRA2A/MMP2/F2RL1/KCNMA1/RGS2/KCNMB1/SOD3",16
"BP","GO:0002688","regulation of leukocyte chemotaxis","14/789","126/18986",0.111111111111111,2.67370792846078,3.92498504718799,0.000756168286500474,0.01390482715277,0.0114874671746319,"PTN/MMP28/EDN3/PTK2B/PADI2/MAPK3/NBL1/EDN2/F2RL1/CCL5/GREM1/S100A14/DUSP1/CXCL13",14
"BP","GO:1902476","chloride transmembrane transport","13/789","112/18986",0.116071428571429,2.79306988955278,3.96294603511047,0.000764247037229157,0.01390482715277,0.0114874671746319,"BEST4/CLCA4/SLC26A3/SLC26A2/CLCA1/ANO7/CLIC5/BEST2/ANO5/CLCN2/CLIC6/FXYD3/TMC4",13
"BP","GO:0032060","bleb assembly","4/789","11/18986",0.363636363636364,8.75031685678074,5.35388222423779,0.000772815656490795,0.01390482715277,0.0114874671746319,"LPAR1/EMP1/PMP22/MYLK",4
"BP","GO:0032342","aldosterone biosynthetic process","4/789","11/18986",0.363636363636364,8.75031685678074,5.35388222423779,0.000772815656490795,0.01390482715277,0.0114874671746319,"BMP5/BMP2/BMP6/CLCN2",4
"BP","GO:0048251","elastic fiber assembly","4/789","11/18986",0.363636363636364,8.75031685678074,5.35388222423779,0.000772815656490795,0.01390482715277,0.0114874671746319,"LTBP4/MFAP4/MYH11/TNXB",4
"BP","GO:0048262","determination of dorsal/ventral asymmetry","4/789","11/18986",0.363636363636364,8.75031685678074,5.35388222423779,0.000772815656490795,0.01390482715277,0.0114874671746319,"GREM2/SOSTDC1/NBL1/GREM1",4
"BP","GO:0060346","bone trabecula formation","4/789","11/18986",0.363636363636364,8.75031685678074,5.35388222423779,0.000772815656490795,0.01390482715277,0.0114874671746319,"SFRP1/MMP2/CHAD/GREM1",4
"BP","GO:2000650","negative regulation of sodium ion transmembrane transporter activity","4/789","11/18986",0.363636363636364,8.75031685678074,5.35388222423779,0.000772815656490795,0.01390482715277,0.0114874671746319,"NEDD4L/OSR1/ATP1A2/MIR192",4
"BP","GO:0006805","xenobiotic metabolic process","14/789","127/18986",0.110236220472441,2.65265511012644,3.89106661382059,0.000818118516626551,0.0146643885055702,0.0121149784706406,"UGT1A8/UGT1A10/SULT1B1/GSTM2/NAT1/SULT1A2/CES3/CMBL/CYP4F12/CES2/SULT1A4/ABCB1/SULT1A1/SLC28A2",14
"BP","GO:0045823","positive regulation of heart contraction","7/789","38/18986",0.184210526315789,4.43272630244814,4.4105544988889,0.000852201288180154,0.0151608843402836,0.0125251582981889,"CHGA/EDN3/PDE4D/TRPM4/EDN2/ATP1A2/RGS2",7
"BP","GO:0046164","alcohol catabolic process","7/789","38/18986",0.184210526315789,4.43272630244814,4.4105544988889,0.000852201288180154,0.0151608843402836,0.0125251582981889,"SULT1B1/AKR1B10/SULT1A2/ACSS2/SULT1A4/SULT1A1/AKR1C3",7
"BP","GO:0060512","prostate gland morphogenesis","6/789","28/18986",0.214285714285714,5.15643671917436,4.58297864776316,0.000868510413365583,0.0153178194015739,0.0126548101338654,"SFRP1/MMP2/HOXA13/HOXB13/CRIP1/HOXD13",6
"BP","GO:0060575","intestinal epithelial cell differentiation","6/789","28/18986",0.214285714285714,5.15643671917436,4.58297864776316,0.000868510413365583,0.0153178194015739,0.0126548101338654,"NPY/TMIGD1/PYY/SPDEF/HOXA5/CDKN1A",6
"BP","GO:0002263","cell activation involved in immune response","26/789","319/18986",0.0815047021943574,1.96127791617499,3.60537919091731,0.000870697102826307,0.0153178194015739,0.0126548101338654,"NKX2-3/CD177/SEMA6D/CHGA/SCNN1B/FOXF1/PTGER4/PTK2B/PLCL2/IRF4/POU2AF1/ITM2A/PTGDR/VAMP2/GATA2/LY9/KIT/CD19/LGALS3/RAB27A/CEACAM1/FGL2/IL18/F2RL1/ENPP3/PTGDS",26
"BP","GO:0032310","prostaglandin secretion","5/789","19/18986",0.263157894736842,6.33246614635448,4.84227544726648,0.000874749750519521,0.0153302790446462,0.0126651036628124,"P2RX4/PLA2G10/MAP2K6/TNFRSF11A/NOS2",5
"BP","GO:0009306","protein secretion","29/789","371/18986",0.078167115902965,1.88096433781203,3.56826966161864,0.000878704002023333,0.0153302790446462,0.0126651036628124,"GNA11/VIP/CHGA/ADTRP/GCG/PCSK5/SCG2/NEO1/GNPTAB/TRPM4/KRT20/SFRP1/UCN3/SRI/BSG/BMP6/ADCY5/SIRT6/FAM3D/C1QTNF3/WLS/FKBP1B/ACHE/RAB27A/ADRA2A/F2RL1/NOS2/SNCG/CCL5",29
"BP","GO:0031102","neuron projection regeneration","9/789","61/18986",0.147540983606557,3.55033347877579,4.15420429329993,0.000881087616671244,0.0153302790446462,0.0126651036628124,"PTN/KLF4/NEO1/RGMA/MATN2/APOD/BCL2/FKBP1B/MMP2",9
"BP","GO:0001933","negative regulation of protein phosphorylation","21/789","236/18986",0.0889830508474576,2.14123219694529,3.67344283538525,0.00088569326841825,0.015354171624039,0.0126848425073501,"FBLN1/PKIB/PDCD4/ZFYVE28/PDE4D/BMP2/SFRP1/CHP1/SFRP2/PRR5L/CAV1/PID1/SMPD1/CEACAM1/INSM1/XDH/CDKN1A/UCHL1/RGS2/DUSP1/SFN",21
"BP","GO:0009952","anterior/posterior pattern specification","20/789","220/18986",0.0909090909090909,2.18757921419518,3.68919810509298,0.000892693700627482,0.0154102764366088,0.0127311934749424,"WNT2B/HOXD4/FOXF1/HOXD8/PCSK5/PPP2R3A/BMP2/BHLHE41/SFRP1/SFRP2/OSR1/WLS/NRARP/HOXA5/HOXA6/HOXD9/HES2/LEFTY1/CDX1/HOXD13",20
"BP","GO:0006493","protein O-linked glycosylation","12/789","100/18986",0.12,2.88760456273764,3.94080486445253,0.000895418167685056,0.0154102764366088,0.0127311934749424,"B3GNT6/B3GALT5/B3GALT1/B3GALT4/B3GNT7/GALNT12/GCNT3/GALNT7/B3GNT8/GALNT8/ST3GAL4/FUT3",12
"BP","GO:0030514","negative regulation of BMP signaling pathway","10/789","74/18986",0.135135135135135,3.25180694001987,4.04131021269231,0.000938749863182931,0.0160976962098156,0.0132991050349457,"CHRDL1/FZD1/SFRP1/GREM2/SFRP2/SOSTDC1/CAV1/NBL1/GREM1/MIR210",10
"BP","GO:0051209","release of sequestered calcium ion into cytosol","14/789","129/18986",0.108527131782946,2.61152867431053,3.82419911664008,0.000954929630605356,0.0162925354050925,0.0134600713551656,"PLCD1/PLCE1/BDKRB1/PTK2B/PDE4D/GSTM2/SRI/CD19/FKBP1B/ANK2/ATP1A2/PLN/CASQ2/JPH2",14
"BP","GO:0042060","wound healing","33/789","444/18986",0.0743243243243243,1.78849381701093,3.50070402289054,0.000956972079583329,0.0162925354050925,0.0134600713551656,"FBLN1/ACVRL1/P2RX1/SCUBE1/ADTRP/CTSG/CASP7/PLAT/P2RY1/GATA2/PDGFRA/PAPSS2/ANO5/RHOC/PAFAH2/DGKA/CAV1/NDNF/MMRN1/AHNAK/RAB27A/VWF/SMPD1/CEACAM1/ADRA2A/F3/CDKN1A/F2RL1/DDR2/F13A1/ST3GAL4/TSPAN8/MYLK",33
"BP","GO:1905517","macrophage migration","9/789","62/18986",0.145161290322581,3.49307003556973,4.09418779011773,0.000993383090624594,0.0168160589289375,0.0138925800968596,"MMP28/PTK2B/P2RX4/MAPK3/LGALS3/MCOLN2/EDN2/MMP2/CCL5",9
"BP","GO:0035592","establishment of protein localization to extracellular region","29/789","374/18986",0.0775401069518717,1.86587638857825,3.52159234427569,0.000996062548908534,0.0168160589289375,0.0138925800968596,"GNA11/VIP/CHGA/ADTRP/GCG/PCSK5/SCG2/NEO1/GNPTAB/TRPM4/KRT20/SFRP1/UCN3/SRI/BSG/BMP6/ADCY5/SIRT6/FAM3D/C1QTNF3/WLS/FKBP1B/ACHE/RAB27A/ADRA2A/F2RL1/NOS2/SNCG/CCL5",29
"BP","GO:0140448","signaling receptor ligand precursor processing","7/789","39/18986",0.179487179487179,4.31906665366741,4.32038007771677,0.00100188308987144,0.0168160589289375,0.0138925800968596,"PCSK5/CMA1/CTSG/MEP1A/PCSK7/PCSK1N/CPE",7
"BP","GO:1903524","positive regulation of blood circulation","7/789","39/18986",0.179487179487179,4.31906665366741,4.32038007771677,0.00100188308987144,0.0168160589289375,0.0138925800968596,"CHGA/EDN3/PDE4D/TRPM4/EDN2/ATP1A2/RGS2",7
"BP","GO:0046661","male sex differentiation","17/789","175/18986",0.0971428571428571,2.33758464602571,3.70150433500388,0.001023052704761,0.0171109167169534,0.0141361767359119,"TCF21/WNT2B/BMP5/TLR3/KITLG/CITED2/PDGFRA/SFRP1/KIT/BMP6/BCL2/SFRP2/TNFSF10/LGR4/HOXA13/AKR1C3/HOXD13",17
"BP","GO:0051283","negative regulation of sequestering of calcium ion","14/789","130/18986",0.107692307692308,2.59143999220045,3.79123813091927,0.0010302496106978,0.0171708268449633,0.0141856714632739,"PLCD1/PLCE1/BDKRB1/PTK2B/PDE4D/GSTM2/SRI/CD19/FKBP1B/ANK2/ATP1A2/PLN/CASQ2/JPH2",14
"BP","GO:0050708","regulation of protein secretion","23/789","272/18986",0.0845588235294118,2.03477037202714,3.5792252420464,0.00103636842837661,0.0172124127090521,0.0142200276076114,"GNA11/CHGA/ADTRP/GCG/NEO1/TRPM4/KRT20/SFRP1/UCN3/SRI/BSG/BMP6/ADCY5/SIRT6/FAM3D/C1QTNF3/WLS/FKBP1B/ACHE/ADRA2A/F2RL1/NOS2/CCL5",23
"BP","GO:0032414","positive regulation of ion transmembrane transporter activity","10/789","75/18986",0.133333333333333,3.20844951415294,3.99029280214906,0.00104362986913295,0.0172365219833534,0.0142399454745577,"SLC9A1/ANK3/GSTM2/CHP1/LRRC26/ATP1B3/HSPA2/ANK2/AKAP7/JPH2",10
"BP","GO:0010563","negative regulation of phosphorus metabolic process","25/789","306/18986",0.0816993464052288,1.96596171210351,3.54712174518087,0.00104870628488192,0.0172365219833534,0.0142399454745577,"FBLN1/CDKN2B/PKIB/PDCD4/ZFYVE28/PDE4D/CBFA2T3/PPP1R36/BMP2/SFRP1/CHP1/SFRP2/PRR5L/SIRT6/CAV1/PID1/SMPD1/CEACAM1/INSM1/XDH/CDKN1A/UCHL1/RGS2/DUSP1/SFN",25
"BP","GO:0045936","negative regulation of phosphate metabolic process","25/789","306/18986",0.0816993464052288,1.96596171210351,3.54712174518087,0.00104870628488192,0.0172365219833534,0.0142399454745577,"FBLN1/CDKN2B/PKIB/PDCD4/ZFYVE28/PDE4D/CBFA2T3/PPP1R36/BMP2/SFRP1/CHP1/SFRP2/PRR5L/SIRT6/CAV1/PID1/SMPD1/CEACAM1/INSM1/XDH/CDKN1A/UCHL1/RGS2/DUSP1/SFN",25
"BP","GO:1903828","negative regulation of protein localization","20/789","223/18986",0.0896860986547085,2.15814989741229,3.6225131451156,0.00105515666240351,0.0172827384359195,0.0142781271776417,"CHGA/TP53INP2/ADTRP/NEO1/NEDD4L/SFRP1/CHP1/DERL3/APOD/TAX1BP3/TMEM59/SIRT6/FAM3D/FKBP1B/PID1/GPM6B/ADRA2A/F2RL1/TRIM40/SFN",20
"BP","GO:0042326","negative regulation of phosphorylation","22/789","256/18986",0.0859375,2.06794597591888,3.58215424565373,0.00106991611994206,0.0174642665626282,0.0144280965640948,"FBLN1/CDKN2B/PKIB/PDCD4/ZFYVE28/PDE4D/BMP2/SFRP1/CHP1/SFRP2/PRR5L/CAV1/PID1/SMPD1/CEACAM1/INSM1/XDH/CDKN1A/UCHL1/RGS2/DUSP1/SFN",22
"BP","GO:0006705","mineralocorticoid biosynthetic process","4/789","12/18986",0.333333333333333,8.02112378538234,5.06595945468917,0.00112125144624199,0.018054048710676,0.0149153448406427,"BMP5/BMP2/BMP6/CLCN2",4
"BP","GO:0030259","lipid glycosylation","4/789","12/18986",0.333333333333333,8.02112378538234,5.06595945468917,0.00112125144624199,0.018054048710676,0.0149153448406427,"B3GALT1/B4GALNT2/ABO/ST3GAL4",4
"BP","GO:0032351","negative regulation of hormone metabolic process","4/789","12/18986",0.333333333333333,8.02112378538234,5.06595945468917,0.00112125144624199,0.018054048710676,0.0149153448406427,"BMP5/BMP2/GFI1/AKR1C3",4
"BP","GO:0060442","branching involved in prostate gland morphogenesis","4/789","12/18986",0.333333333333333,8.02112378538234,5.06595945468917,0.00112125144624199,0.018054048710676,0.0149153448406427,"SFRP1/HOXA13/HOXB13/HOXD13",4
"BP","GO:0060314","regulation of ryanodine-sensitive calcium-release channel activity","5/789","20/18986",0.25,6.01584283903676,4.67320626070361,0.00112676239499679,0.0180814911359282,0.0149380163888622,"GSTM2/SRI/FKBP1B/CASQ2/JPH2",5
"BP","GO:0070167","regulation of biomineral tissue development","12/789","103/18986",0.116504854368932,2.80349957547344,3.82158096427842,0.00116421578687008,0.0186196127529727,0.0153825853391872,"PTN/PTK2B/BMP2/TRPM4/BMP6/OSR2/VDR/OSR1/TMEM119/GPM6B/DDR2/GREM1",12
"BP","GO:0097305","response to alcohol","23/789","275/18986",0.0836363636363636,2.01257287705957,3.52198938299109,0.0011998098261748,0.0191244854843299,0.015799685736417,"SCNN1B/KLF4/PTGER4/PTK2B/PTGER2/PTGDR/CD27/HPGD/SFRP1/UCN3/ADCY5/SLIT3/OSBPL7/TNFRSF11A/CLDN5/SCNN1A/ADRA2A/CTSK/CLDN7/CDKN1A/RGS2/AKR1C3/KCNMB1",23
"BP","GO:0071453","cellular response to oxygen levels","17/789","178/18986",0.0955056179775281,2.29818715199157,3.62343024050513,0.00123436290601871,0.0196094441591601,0.0162003341441216,"LPAR1/SLC9A1/CLCA1/CITED2/SFRP1/UCN3/BCL2/CAV1/FAS/NDNF/FAM162A/PINK1/DDR2/EGLN3/KCNMB1/FABP1/MIR210",17
"BP","GO:0071715","icosanoid transport","9/789","64/18986",0.140625,3.38391159695817,3.97777779479942,0.0012527623776181,0.0198354043122866,0.0163870110307379,"SLCO2A1/BDKRB2/P2RX4/PLA2G10/MAP2K6/PLA2G4F/TNFRSF11A/NOS2/PLA2G2A",9
"BP","GO:0015732","prostaglandin transport","6/789","30/18986",0.2,4.8126742712294,4.35171941692739,0.00127538792420961,0.0200341378729077,0.0165511946792687,"SLCO2A1/P2RX4/PLA2G10/MAP2K6/TNFRSF11A/NOS2",6
"BP","GO:0086010","membrane depolarization during action potential","6/789","30/18986",0.2,4.8126742712294,4.35171941692739,0.00127538792420961,0.0200341378729077,0.0165511946792687,"SCN4B/ANK3/TRPM4/CLCN2/ANK2/ATP1A2",6
"BP","GO:0051235","maintenance of location","27/789","345/18986",0.0782608695652174,1.88322036700281,3.44737021004943,0.00127983333919828,0.0200341378729077,0.0165511946792687,"SLC25A23/VSTM2A/PLCD1/PLCE1/BDKRB1/NEGR1/PTK2B/SCIN/ANK3/GSN/PDE4D/GSTM2/PLA2G10/SRI/CD19/CAV1/FKBP1B/NBL1/ANK2/ATP1A2/PINK1/CIDEC/CDS1/HK2/PLN/CASQ2/JPH2",27
"BP","GO:0046470","phosphatidylcholine metabolic process","10/789","77/18986",0.12987012987013,3.12511316313598,3.89078334204736,0.00128218482386609,0.0200341378729077,0.0165511946792687,"ABHD3/GDPD3/LPCAT4/PLA2G10/CAPN2/MBOAT1/ENPP2/SLC44A4/CDS1/PLA2G2A",10
"BP","GO:0098661","inorganic anion transmembrane transport","14/789","133/18986",0.105263157894737,2.53298645854179,3.69417793604397,0.00128679270294072,0.020040214226126,0.0165562146559552,"BEST4/CLCA4/SLC26A3/SLC26A2/CLCA1/ANO7/CLIC5/BEST2/ANO5/CLCN2/VDR/CLIC6/FXYD3/TMC4",14
"BP","GO:0042886","amide transport","26/789","328/18986",0.0792682926829268,1.90746236359702,3.45204862344079,0.00130116818712932,0.0201978721858309,0.0166864637138565,"GNA11/VIP/GLTP/AQP8/CHGA/EDN3/CWH43/CA2/GCG/SMPD3/ABCG2/TRPM4/SFRP1/UCN3/SRI/CD209/ADCY5/SIRT6/FAM3D/FKBP1B/ADRA2A/F2RL1/NOS2/CCL5/CPE/ABCB1",26
"BP","GO:0015718","monocarboxylic acid transport","17/789","179/18986",0.0949720670391061,2.2853481176229,3.59775366177193,0.00131254756648895,0.020308146387044,0.0167775666993684,"SLCO2A1/BDKRB2/ATP8B1/P2RX4/FABP2/PLA2G10/ABCG2/MAP2K6/SLC16A9/PLA2G4F/TNFRSF11A/CEACAM1/NOS2/FABP4/SLC6A8/PLA2G2A/FABP1",17
"BP","GO:0090287","regulation of cellular response to growth factor stimulus","29/789","381/18986",0.0761154855643045,1.83159519508731,3.41431453426278,0.00132431366056902,0.0204236684665677,0.016873005217366,"ACVRL1/CDKN2B/CHRDL1/ITGA8/SEMA6A/LTBP4/NEO1/RGMA/FZD1/CITED2/BMP2/GIPC1/SFRP1/GREM2/SFRP2/SOSTDC1/CAV1/CREB3L1/NBL1/CILP/TNXB/XDH/ITGA3/GREM1/DCN/HOXA13/PBLD/CXCL13/MIR210",29
"BP","GO:0010976","positive regulation of neuron projection development","16/789","164/18986",0.0975609756097561,2.34764598596556,3.60918186372723,0.00135780190237683,0.0208723593407441,0.0172436909966303,"PTN/BMP5/STMN2/ITPKA/NEGR1/PTK2B/LTK/TOX/RGMA/FZD1/FKBP1B/NDNF/FGFR1/DDR2/ITGA3/RGS2",16
"BP","GO:0010566","regulation of ketone biosynthetic process","5/789","21/18986",0.238095238095238,5.72937413241596,4.51523959280623,0.00142875635141129,0.0218922344167859,0.0180862603669314,"BMP5/BMP2/BMP6/CLCN2/AKR1C3",5
"BP","GO:1903170","negative regulation of calcium ion transmembrane transport","8/789","53/18986",0.150943396226415,3.63220699715427,3.99569344730516,0.00144990471735927,0.0221448469693136,0.0182949561222384,"GSTM2/SRI/BCL2/FKBP1B/ATP1A2/ADRA2A/PLN/CASQ2",8
"BP","GO:0045055","regulated exocytosis","20/789","229/18986",0.0873362445414847,2.10160448525301,3.49225262346703,0.0014571659603463,0.0221844176655287,0.0183276474364744,"P2RX1/CD177/CHGA/FOXF1/SCIN/P2RY1/PTGDR/VAMP2/GATA2/PRRT2/SYP/KIT/TPH1/RAB27A/CEACAM1/ADRA2A/RAB26/F2RL1/STX19/PTGDS",20
"BP","GO:0060562","epithelial tube morphogenesis","26/789","331/18986",0.0785498489425982,1.89017418507499,3.40200753084071,0.00148063775239475,0.0224697422488022,0.0185633682223899,"TCF21/ACVRL1/WNT2B/FOXF1/BMP5/RSPO2/CCL11/RGMA/CITED2/BMP2/PRKACB/BSG/BCL2/SFRP2/SOSTDC1/SIRT6/ASB2/VDR/OSR1/NTN1/NRARP/LGR4/HOXA5/HOXD11/SPINT1/GREM1",26
"BP","GO:0051146","striated muscle cell differentiation","25/789","314/18986",0.0796178343949045,1.9158735156168,3.40760157388053,0.00150301438189617,0.0227366825286841,0.0187839008236974,"PI16/SLC9A1/CASP7/BARX2/NEO1/B4GALNT2/PDGFRA/BMP2/BHLHE41/BCL2/CAPN2/JAM2/HDAC9/SIRT6/ASB2/XK/TMEM119/MEIS1/MYH11/PGM5/RBM24/LMOD1/GREM1/KRT19/RGS2",25
"BP","GO:1901020","negative regulation of calcium ion transmembrane transporter activity","6/789","31/18986",0.193548387096774,4.65742671409297,4.24363956673254,0.00152660878587189,0.0230202912155285,0.0190182040224909,"GSTM2/SRI/ATP1A2/ADRA2A/PLN/CASQ2",6
"BP","GO:0001655","urogenital system development","9/789","66/18986",0.136363636363636,3.28136882129278,3.86590171423726,0.00156416861303067,0.023327289668736,0.0192718306670466,"GATA2/SFRP1/OSR2/OSR1/MMP2/HOXA13/HOXB13/CRIP1/HOXD13",9
"BP","GO:0002931","response to ischemia","9/789","66/18986",0.136363636363636,3.28136882129278,3.86590171423726,0.00156416861303067,0.023327289668736,0.0192718306670466,"PTK2B/P2RX4/BCL2/MAP2K6/CAV1/NDNF/PINK1/HK2/UCHL1",9
"BP","GO:0032530","regulation of microvillus organization","4/789","13/18986",0.307692307692308,7.40411426342985,4.80957442649216,0.0015666116640688,0.023327289668736,0.0192718306670466,"ATP8B1/CDHR5/PLS1/CDHR2",4
"BP","GO:0051280","negative regulation of release of sequestered calcium ion into cytosol","4/789","13/18986",0.307692307692308,7.40411426342985,4.80957442649216,0.0015666116640688,0.023327289668736,0.0192718306670466,"GSTM2/SRI/FKBP1B/CASQ2",4
"BP","GO:0048246","macrophage chemotaxis","7/789","42/18986",0.166666666666667,4.01056189269117,4.06705707922365,0.00157759928669421,0.0234174894118672,0.0193463491473553,"MMP28/PTK2B/MAPK3/LGALS3/EDN2/MMP2/CCL5",7
"BP","GO:0014033","neural crest cell differentiation","11/789","93/18986",0.118279569892473,2.84620521416793,3.71633529504571,0.00162875139629443,0.0239131855996396,0.0197558683469155,"SEMA6D/EDN3/FRZB/SEMA6A/KITLG/SEMA3G/MAPK3/CITED2/SFRP1/SEMA3B/SEMA4G",11
"BP","GO:0050886","endocrine process","11/789","93/18986",0.118279569892473,2.84620521416793,3.71633529504571,0.00162875139629443,0.0239131855996396,0.0197558683469155,"CPA3/EDN3/PCSK5/CMA1/CTSG/HSD11B2/BMP6/C1QTNF3/EDN2/FGFR1/F2RL1",11
"BP","GO:0002066","columnar/cuboidal epithelial cell development","8/789","54/18986",0.148148148148148,3.56494390461437,3.93025209921149,0.00164119968536474,0.0239131855996396,0.0197558683469155,"TMIGD1/BMP5/GATA2/BMP6/SPDEF/HOXA5/INSM1/CDKN1A",8
"BP","GO:0009395","phospholipid catabolic process","8/789","54/18986",0.148148148148148,3.56494390461437,3.93025209921149,0.00164119968536474,0.0239131855996396,0.0197558683469155,"GDPD3/SMPD3/PLA2G10/PRDX6/SMPDL3B/PLA2G4F/ENPP2/SMPD1",8
"BP","GO:0031103","axon regeneration","8/789","54/18986",0.148148148148148,3.56494390461437,3.93025209921149,0.00164119968536474,0.0239131855996396,0.0197558683469155,"PTN/KLF4/NEO1/RGMA/APOD/BCL2/FKBP1B/MMP2",8
"BP","GO:0070169","positive regulation of biomineral tissue development","8/789","54/18986",0.148148148148148,3.56494390461437,3.93025209921149,0.00164119968536474,0.0239131855996396,0.0197558683469155,"PTN/BMP2/BMP6/OSR2/VDR/OSR1/TMEM119/GPM6B",8
"BP","GO:0006869","lipid transport","33/789","459/18986",0.0718954248366013,1.73004630665109,3.29684177806976,0.00165625052657863,0.0240586850191085,0.0198760726318529,"SLCO2A1/GLTP/BDKRB2/ANO7/ATP8B1/P2RX4/FABP2/ATP8A1/PITPNM3/ABCA5/GULP1/PLA2G10/ABCG2/TNFAIP8L3/TMEM30B/APOD/BMP6/LRP10/MAP2K6/CAV1/APOBR/OSBPL7/PLA2G4F/TNFRSF11A/OSBPL1A/CEACAM1/ABCA8/CIDEC/NOS2/FABP4/ABCB1/PLA2G2A/FABP1",33
"BP","GO:0006631","fatty acid metabolic process","30/789","405/18986",0.0740740740740741,1.78247195230719,3.3144055991797,0.00168122155819939,0.0243469585409972,0.0201142296821801,"APPL2/UGT1A8/ADTRP/PRKAR2B/ABHD3/UGT1A10/PLP1/NAAA/FABP2/GSTM2/HPGD/MGLL/PLA2G10/CYGB/ACADS/CAV1/ACOT11/HPGDS/PLA2G4F/ACSF2/ACSS2/EDN2/CYP4F12/CEACAM1/CES2/TNXB/PTGS1/PTGDS/AKR1C3/FABP1",30
"BP","GO:0000302","response to reactive oxygen species","18/789","200/18986",0.09,2.16570342205323,3.45087966241653,0.0017665553656245,0.0252539690876214,0.0208635560683995,"TRPA1/KLF4/PTK2B/SMPD3/PDGFRA/CYGB/APOD/PDGFD/BCL2/CAPN2/MB/FKBP1B/PINK1/MMP2/CRYAB/DDR2/SOD3/FABP1",18
"BP","GO:0006883","intracellular sodium ion homeostasis","5/789","22/18986",0.227272727272727,5.46894803548796,4.36712453497289,0.00178638602388227,0.0252539690876214,0.0208635560683995,"SCNN1B/SLC9A1/ATP1B3/ATP1A2/SCNN1A",5
"BP","GO:0036376","sodium ion export across plasma membrane","5/789","22/18986",0.227272727272727,5.46894803548796,4.36712453497289,0.00178638602388227,0.0252539690876214,0.0208635560683995,"SLC9A1/SLC4A4/ATP1B3/ATP1A2/FXYD3",5
"BP","GO:0051923","sulfation","5/789","22/18986",0.227272727272727,5.46894803548796,4.36712453497289,0.00178638602388227,0.0252539690876214,0.0208635560683995,"CHST5/SULT1B1/SULT1A2/SULT1A4/SULT1A1",5
"BP","GO:0071379","cellular response to prostaglandin stimulus","5/789","22/18986",0.227272727272727,5.46894803548796,4.36712453497289,0.00178638602388227,0.0252539690876214,0.0208635560683995,"PTGER4/PTGER2/PTGDR/SFRP1/AKR1C3",5
"BP","GO:0086012","membrane depolarization during cardiac muscle cell action potential","5/789","22/18986",0.227272727272727,5.46894803548796,4.36712453497289,0.00178638602388227,0.0252539690876214,0.0208635560683995,"SCN4B/ANK3/TRPM4/ANK2/ATP1A2",5
"BP","GO:1902307","positive regulation of sodium ion transmembrane transport","5/789","22/18986",0.227272727272727,5.46894803548796,4.36712453497289,0.00178638602388227,0.0252539690876214,0.0208635560683995,"SLC9A1/ANK3/CHP1/ATP1B3/FXYD3",5
"BP","GO:1902644","tertiary alcohol metabolic process","5/789","22/18986",0.227272727272727,5.46894803548796,4.36712453497289,0.00178638602388227,0.0252539690876214,0.0208635560683995,"BMP5/AKR1B10/HSD11B2/BMP2/AKR1C3",5
"BP","GO:0010644","cell communication by electrical coupling","6/789","32/18986",0.1875,4.51188212927757,4.1400766986729,0.00181376815206701,0.0254551557912339,0.0210297663799933,"ANK3/PDE4D/SRI/CAV1/ATP1A2/CASQ2",6
"BP","GO:0035590","purinergic nucleotide receptor signaling pathway","6/789","32/18986",0.1875,4.51188212927757,4.1400766986729,0.00181376815206701,0.0254551557912339,0.0210297663799933,"P2RX1/CTSG/P2RY1/P2RY14/P2RX4/ADCY5",6
"BP","GO:0009409","response to cold","7/789","43/18986",0.162790697674419,3.91729301146579,3.98780399947087,0.00181789012494504,0.0254551557912339,0.0210297663799933,"TRPA1/APPL2/SLC9A1/PLAC8/ACOT11/HSPA2/PCSK1N",7
"BP","GO:0043405","regulation of MAP kinase activity","13/789","123/18986",0.105691056910569,2.54328315146269,3.57549926436507,0.00182205325663569,0.0254551557912339,0.0210297663799933,"EDN3/PDCD4/PDE5A/BMP2/TNFRSF11A/SMPD1/ADRA2A/ERN2/FGFR1/UCHL1/RGS2/DUSP1/CD24",13
"BP","GO:0045778","positive regulation of ossification","8/789","55/18986",0.145454545454545,3.50012674271229,3.86634404909569,0.00185191859432719,0.0257965200089565,0.0213117842866238,"PTN/BMP2/BMP6/OSR2/VDR/OSR1/TMEM119/GPM6B",8
"BP","GO:0045444","fat cell differentiation","21/789","251/18986",0.0836653386454183,2.0132701134625,3.36495414285953,0.00191224440835449,0.0265589501160346,0.0219416656027871,"VSTM2A/ZBTB7C/FRZB/KLF4/NEGR1/PLAC8/RNASEL/GATA2/PDGFRA/BMP2/TRPM4/SFRP1/SFRP2/SIRT6/C1QTNF3/MB/TPH1/CDS1/FABP4/WNT5B/RGS2",21
"BP","GO:0019229","regulation of vasoconstriction","9/789","68/18986",0.132352941176471,3.18485797360769,3.75823524917079,0.00193482084353627,0.0267941662005752,0.0221359892732952,"P2RX1/BDKRB2/EDN3/TRPM4/CAV1/EDN2/ATP1A2/ADRA2A/MMP2",9
"BP","GO:0050673","epithelial cell proliferation","34/789","482/18986",0.0705394190871369,1.69741623674066,3.22943589501624,0.00194299617683407,0.0268291623254704,0.022164901307336,"NKX2-3/TMIGD1/ACVRL1/CDKN2B/PTN/BMP5/SCG2/CCL11/GATA2/SFRP1/KIT/BMP6/SFRP2/MARVELD3/OSR2/SIRT6/CAV1/B2M/VDR/OSR1/NRARP/RPS6KA1/LGR4/HOXA5/CEACAM1/SGPP2/XDH/FGFR1/F3/CDKN1A/RETNLB/CCL5/FUT2/SFN",34
"BP","GO:0002064","epithelial cell development","19/789","219/18986",0.0867579908675799,2.08768975235979,3.37111503160178,0.00204124288893982,0.0281040687607657,0.0232181647291157,"TMIGD1/BMP5/FRZB/PDE4D/SIPA1L3/GATA2/BMP6/SPDEF/HOXA5/TJP3/CLDN5/INSM1/CDKN1A/F2RL1/TFCP2L1/WNT5B/HOXA13/HOXB13/SFN",19
"BP","GO:0006664","glycolipid metabolic process","12/789","110/18986",0.109090909090909,2.62509505703422,3.55929539235823,0.00205816480597218,0.0282551526831441,0.0233429826488114,"CWH43/B3GALT1/B3GALT4/FUCA1/PIGZ/KIT/ST6GALNAC6/NEU4/SMPD1/ST3GAL4/FUT2/GAL3ST2",12
"BP","GO:0042119","neutrophil activation","7/789","44/18986",0.159090909090909,3.82826362484157,3.91090453410668,0.00208561883351651,0.0284681370917246,0.0235189396294625,"CD177/SCNN1B/CTSG/IL18/F2RL1/CCL5/PLA2G2A",7
"BP","GO:0009214","cyclic nucleotide catabolic process","4/789","14/18986",0.285714285714286,6.87524895889915,4.57907375614243,0.0021216253748359,0.0284681370917246,0.0235189396294625,"PDE5A/PDE9A/PDE4D/PDE8A",4
"BP","GO:0032308","positive regulation of prostaglandin secretion","4/789","14/18986",0.285714285714286,6.87524895889915,4.57907375614243,0.0021216253748359,0.0284681370917246,0.0235189396294625,"P2RX4/PLA2G10/MAP2K6/TNFRSF11A",4
"BP","GO:0032536","regulation of cell projection size","4/789","14/18986",0.285714285714286,6.87524895889915,4.57907375614243,0.0021216253748359,0.0284681370917246,0.0235189396294625,"CDHR5/XK/PLS1/CDHR2",4
"BP","GO:0034309","primary alcohol biosynthetic process","4/789","14/18986",0.285714285714286,6.87524895889915,4.57907375614243,0.0021216253748359,0.0284681370917246,0.0235189396294625,"BMP5/BMP2/BMP6/CLCN2",4
"BP","GO:0061430","bone trabecula morphogenesis","4/789","14/18986",0.285714285714286,6.87524895889915,4.57907375614243,0.0021216253748359,0.0284681370917246,0.0235189396294625,"SFRP1/MMP2/CHAD/GREM1",4
"BP","GO:1901077","regulation of relaxation of muscle","4/789","14/18986",0.285714285714286,6.87524895889915,4.57907375614243,0.0021216253748359,0.0284681370917246,0.0235189396294625,"CHGA/PDE4D/SRI/PLN",4
"BP","GO:1902306","negative regulation of sodium ion transmembrane transport","4/789","14/18986",0.285714285714286,6.87524895889915,4.57907375614243,0.0021216253748359,0.0284681370917246,0.0235189396294625,"NEDD4L/OSR1/ATP1A2/MIR192",4
"BP","GO:0030193","regulation of blood coagulation","9/789","69/18986",0.130434782608696,3.13870061167135,3.7058881880085,0.00214475584245246,0.0286974373285893,0.0237083759248711,"ADTRP/PLAT/PDGFRA/CAV1/CEACAM1/F3/F2RL1/ST3GAL4/TSPAN8",9
"BP","GO:0002689","negative regulation of leukocyte chemotaxis","5/789","23/18986",0.217391304347826,5.23116768611892,4.22780100404264,0.00220541847074504,0.0293438031821819,0.0242423708062436,"MMP28/PADI2/NBL1/GREM1/DUSP1",5
"BP","GO:0016338","calcium-independent cell-cell adhesion via plasma membrane cell-adhesion molecules","5/789","23/18986",0.217391304347826,5.23116768611892,4.22780100404264,0.00220541847074504,0.0293438031821819,0.0242423708062436,"CLDN23/CLDN8/BMP2/CLDN5/CLDN7",5
"BP","GO:1903509","liposaccharide metabolic process","12/789","111/18986",0.108108108108108,2.60144555201589,3.52349850527586,0.00222259253938244,0.0294897054806329,0.0243629079294846,"CWH43/B3GALT1/B3GALT4/FUCA1/PIGZ/KIT/ST6GALNAC6/NEU4/SMPD1/ST3GAL4/FUT2/GAL3ST2",12
"BP","GO:0070661","leukocyte proliferation","26/789","341/18986",0.0762463343108504,1.83474385706693,3.23886713101156,0.00224117994639847,0.0296534951125145,0.024498222665807,"TNFRSF13B/CD79A/HHLA2/LGALS9C/PDE5A/PLCL2/KITLG/LGALS9B/MAPK3/MZB1/KIT/CD209/CD19/BCL2/LGALS3/FKBP1B/CD22/MS4A1/IL18/CDKN1A/F2RL1/ENPP3/CCL5/GREM1/CD24/CLC",26
"BP","GO:0006665","sphingolipid metabolic process","16/789","173/18986",0.092485549132948,2.22551411386331,3.37175682971514,0.0023568545665562,0.031097386642061,0.0256910930529869,"P2RX1/B3GALT1/B3GALT4/NAAA/SMPD3/ABCG2/KIT/ST6GALNAC6/SMPDL3B/NEU4/ENPP2/SMPD1/SGPP2/ABCA8/FUT2/FUT3",16
"BP","GO:0120178","steroid hormone biosynthetic process","7/789","45/18986",0.155555555555556,3.74319109984509,3.8362311963712,0.00238282241244294,0.0313529264795124,0.0259022071835174,"DHRS11/BMP5/BMP2/BMP6/HSD3B2/CLCN2/HSD17B2",7
"BP","GO:0048754","branching morphogenesis of an epithelial tube","15/789","158/18986",0.0949367088607595,2.28449728064687,3.37600858731327,0.00247129329827065,0.0324271910684685,0.0267897104273131,"TCF21/WNT2B/FOXF1/RSPO2/CCL11/BMP2/BCL2/SFRP2/SIRT6/VDR/NRARP/LGR4/HOXA5/HOXD11/GREM1",15
"BP","GO:0002275","myeloid cell activation involved in immune response","11/789","98/18986",0.112244897959184,2.70099066242467,3.51532825736472,0.00248374627710863,0.032500812166022,0.0268505324664665,"CD177/CHGA/SCNN1B/FOXF1/PTGDR/VAMP2/GATA2/KIT/F2RL1/ENPP3/PTGDS",11
"BP","GO:0090092","regulation of transmembrane receptor protein serine/threonine kinase signaling pathway","25/789","326/18986",0.0766871165644172,1.8453505641217,3.20578012408934,0.00249730365293844,0.0325884405259824,0.0269229265996371,"ACVRL1/CDKN2B/CHRDL1/BMP5/ITGA8/LTBP4/NEO1/RGMA/FZD1/CITED2/BMP2/GIPC1/SFRP1/GREM2/BMP6/SFRP2/SOSTDC1/CAV1/NBL1/CILP/ITGA3/GREM1/HOXA13/PBLD/MIR210",25
"BP","GO:0098659","inorganic cation import across plasma membrane","13/789","128/18986",0.1015625,2.44393615335868,3.41310040507414,0.00260077623307852,0.0336525411287106,0.027802032870434,"P2RX1/AQP8/SCNN1B/SLC9A1/SLC9A2/TRPM4/AKAP5/ATP1B3/ATP1A2/SLC9A3/SCNN1A/MS4A1/MIR210",13
"BP","GO:0099587","inorganic ion import across plasma membrane","13/789","128/18986",0.1015625,2.44393615335868,3.41310040507414,0.00260077623307852,0.0336525411287106,0.027802032870434,"P2RX1/AQP8/SCNN1B/SLC9A1/SLC9A2/TRPM4/AKAP5/ATP1B3/ATP1A2/SLC9A3/SCNN1A/MS4A1/MIR210",13
"BP","GO:0006826","iron ion transport","8/789","58/18986",0.137931034482759,3.31908570429614,3.68317485209988,0.00261427108978826,0.0336525411287106,0.027802032870434,"SCARA5/REP15/CYBRD1/B2M/MCOLN2/HEPH/SLC22A17/MIR210",8
"BP","GO:0072132","mesenchyme morphogenesis","8/789","58/18986",0.137931034482759,3.31908570429614,3.68317485209988,0.00261427108978826,0.0336525411287106,0.027802032870434,"ACVRL1/FOXF1/BMP5/TMEM100/BMP2/OSR1/FGFR1/ACTG2",8
"BP","GO:0086009","membrane repolarization","8/789","58/18986",0.137931034482759,3.31908570429614,3.68317485209988,0.00261427108978826,0.0336525411287106,0.027802032870434,"SCN4B/NEDD4L/ATP1B3/CAV1/ANK2/ATP1A2/AKAP7/CASQ2",8
"BP","GO:0048771","tissue remodeling","17/789","191/18986",0.0890052356020942,2.14176603693455,3.30230014574263,0.00262736967715661,0.0337297458553888,0.0278658155232996,"ACVRL1/PTN/PTK2B/SFRP1/CAV1/VDR/TPH1/TNFRSF11A/TMEM119/LGR4/CEACAM1/MMP2/CTSK/IL18/DDR2/EFNA2/GREM1",17
"BP","GO:0003081","regulation of systemic arterial blood pressure by renin-angiotensin","5/789","24/18986",0.208333333333333,5.01320236586396,4.09636374867888,0.00269169670671403,0.034007158208076,0.0280949996232039,"CPA3/PCSK5/CMA1/CTSG/F2RL1",5
"BP","GO:0032528","microvillus organization","5/789","24/18986",0.208333333333333,5.01320236586396,4.09636374867888,0.00269169670671403,0.034007158208076,0.0280949996232039,"ATP8B1/CDHR5/MYO1A/PLS1/CDHR2",5
"BP","GO:0045932","negative regulation of muscle contraction","5/789","24/18986",0.208333333333333,5.01320236586396,4.09636374867888,0.00269169670671403,0.034007158208076,0.0280949996232039,"PDE5A/SRI/ATP1A2/ADRA2A/RGS2",5
"BP","GO:0046885","regulation of hormone biosynthetic process","5/789","24/18986",0.208333333333333,5.01320236586396,4.09636374867888,0.00269169670671403,0.034007158208076,0.0280949996232039,"BMP5/BMP2/GFI1/BMP6/CLCN2",5
"BP","GO:0042542","response to hydrogen peroxide","11/789","99/18986",0.111111111111111,2.67370792846078,3.47663970204449,0.00269193504973402,0.034007158208076,0.0280949996232039,"TRPA1/KLF4/PTK2B/SMPD3/PDGFD/BCL2/CAPN2/FKBP1B/MMP2/CRYAB/FABP1",11
"BP","GO:0050848","regulation of calcium-mediated signaling","11/789","99/18986",0.111111111111111,2.67370792846078,3.47663970204449,0.00269193504973402,0.034007158208076,0.0280949996232039,"SLC9A1/NEGR1/CHP2/TMEM100/P2RX4/PDGFRA/CHP1/AKAP5/FKBP1B/CD22/EDN2",11
"BP","GO:0006970","response to osmotic stress","10/789","85/18986",0.117647058823529,2.83098486542906,3.52286281195167,0.00271855185363194,0.0341616965734172,0.0282226714295179,"SLC25A23/BDKRB2/SST/PTK2B/TLR3/CLCN2/MARVELD3/SCN7A/KCNMA1/MYLK",10
"BP","GO:0086001","cardiac muscle cell action potential","10/789","85/18986",0.117647058823529,2.83098486542906,3.52286281195167,0.00271855185363194,0.0341616965734172,0.0282226714295179,"SCN4B/GPD1L/ANK3/TRPM4/NEDD4L/CAV1/DSC2/ANK2/ATP1A2/SCN7A",10
"BP","GO:0033559","unsaturated fatty acid metabolic process","12/789","114/18986",0.105263157894737,2.53298645854179,3.41842208105408,0.00278131781703607,0.0342633989908552,0.0283066928394256,"GSTM2/HPGD/MGLL/PLA2G10/HPGDS/PLA2G4F/EDN2/CYP4F12/CES2/PTGS1/PTGDS/AKR1C3",12
"BP","GO:0071621","granulocyte chemotaxis","13/789","129/18986",0.10077519379845,2.42499091185978,3.38154019424183,0.00278522455921776,0.0342633989908552,0.0283066928394256,"EDN3/SCG2/CCL11/MAPK3/BSG/LGALS3/CCL15/CCL23/EDN2/CCL5/CCL13/S100A14/CXCL13",13
"BP","GO:0002069","columnar/cuboidal epithelial cell maturation","4/789","15/18986",0.266666666666667,6.41689902830587,4.37013811423013,0.00279877869651617,0.0342633989908552,0.0283066928394256,"TMIGD1/GATA2/HOXA5/CDKN1A",4
"BP","GO:0032306","regulation of prostaglandin secretion","4/789","15/18986",0.266666666666667,6.41689902830587,4.37013811423013,0.00279877869651617,0.0342633989908552,0.0283066928394256,"P2RX4/PLA2G10/MAP2K6/TNFRSF11A",4
"BP","GO:0044070","regulation of monoatomic anion transport","4/789","15/18986",0.266666666666667,6.41689902830587,4.37013811423013,0.00279877869651617,0.0342633989908552,0.0283066928394256,"CA7/CA2/ATP8B1/ABCB1",4
"BP","GO:0051284","positive regulation of sequestering of calcium ion","4/789","15/18986",0.266666666666667,6.41689902830587,4.37013811423013,0.00279877869651617,0.0342633989908552,0.0283066928394256,"GSTM2/SRI/FKBP1B/CASQ2",4
"BP","GO:0060026","convergent extension","4/789","15/18986",0.266666666666667,6.41689902830587,4.37013811423013,0.00279877869651617,0.0342633989908552,0.0283066928394256,"FRZB/SFRP1/SFRP2/WNT5B",4
"BP","GO:0071468","cellular response to acidic pH","4/789","15/18986",0.266666666666667,6.41689902830587,4.37013811423013,0.00279877869651617,0.0342633989908552,0.0283066928394256,"SCNN1B/SLC9A1/CHP1/SCNN1A",4
"BP","GO:0090030","regulation of steroid hormone biosynthetic process","4/789","15/18986",0.266666666666667,6.41689902830587,4.37013811423013,0.00279877869651617,0.0342633989908552,0.0283066928394256,"BMP5/BMP2/BMP6/CLCN2",4
"BP","GO:0097531","mast cell migration","4/789","15/18986",0.266666666666667,6.41689902830587,4.37013811423013,0.00279877869651617,0.0342633989908552,0.0283066928394256,"CHGA/CCL11/KITLG/KIT",4
"BP","GO:0009914","hormone transport","25/789","330/18986",0.0757575757575758,1.82298267849599,3.1403807230308,0.00293392168965311,0.035825521917358,0.0295972400460744,"GNA11/VIP/CHGA/EDN3/GCG/LTBP4/P2RY1/SLC17A4/SMPD3/TRPM4/SFRP1/UCN3/SRI/BMP6/ADCY5/SIRT6/FAM3D/C1QTNF3/FKBP1B/ADRA2A/FGFR1/F2RL1/NOS2/CCL5/CPE",25
"BP","GO:0048678","response to axon injury","10/789","86/18986",0.116279069767442,2.79806643676128,3.47990960521723,0.00296449751481483,0.0360137166122007,0.0297527170150214,"PTN/KLF4/NEO1/RGMA/P2RX4/MATN2/APOD/BCL2/FKBP1B/MMP2",10
"BP","GO:0048864","stem cell development","10/789","86/18986",0.116279069767442,2.79806643676128,3.47990960521723,0.00296449751481483,0.0360137166122007,0.0297527170150214,"SEMA6D/EDN3/SEMA6A/KITLG/SEMA3G/MAPK3/CITED2/BCL2/SEMA3B/SEMA4G",10
"BP","GO:0050919","negative chemotaxis","7/789","47/18986",0.148936170212766,3.58390637219211,3.6931001468693,0.00307406547834702,0.0371547354253138,0.0306953692333673,"SEMA6D/SEMA6A/SEMA3G/SLIT3/NTN1/SEMA3B/SEMA4G",7
"BP","GO:0055078","sodium ion homeostasis","7/789","47/18986",0.148936170212766,3.58390637219211,3.6931001468693,0.00307406547834702,0.0371547354253138,0.0306953692333673,"SCNN1B/SLC9A1/ATP1B3/ATP1A2/SCN7A/CYP4F12/SCNN1A",7
"BP","GO:0061035","regulation of cartilage development","9/789","73/18986",0.123287671232877,2.96671701651128,3.50563744422143,0.00317241053044285,0.0382460660396029,0.0315969715669008,"ACVRL1/FRZB/SCIN/SMPD3/BMP2/BMP6/MUSTN1/CTSK/GREM1",9
"BP","GO:0046456","icosanoid biosynthetic process","8/789","60/18986",0.133333333333333,3.20844951415294,3.56761176728095,0.00324533622106788,0.0388985981287792,0.0321360606812385,"PLA2G10/GGT6/HPGDS/PLA2G4F/EDN2/PTGS1/PTGDS/AKR1C3",8
"BP","GO:0071280","cellular response to copper ion","5/789","25/18986",0.2,4.8126742712294,3.97203433295885,0.0032511038857106,0.0388985981287792,0.0321360606812385,"MT1M/MT1H/MT1F/MT1E/MT1G",5
"BP","GO:0071467","cellular response to pH","5/789","25/18986",0.2,4.8126742712294,3.97203433295885,0.0032511038857106,0.0388985981287792,0.0321360606812385,"GNA11/SCNN1B/SLC9A1/CHP1/SCNN1A",5
"BP","GO:0050678","regulation of epithelial cell proliferation","29/789","406/18986",0.0714285714285714,1.71881223972479,3.04859357706588,0.00337370130659515,0.0399191627495491,0.0329791997186303,"NKX2-3/TMIGD1/ACVRL1/CDKN2B/PTN/BMP5/SCG2/CCL11/GATA2/SFRP1/BMP6/SFRP2/MARVELD3/OSR2/SIRT6/CAV1/B2M/VDR/OSR1/NRARP/HOXA5/CEACAM1/SGPP2/XDH/FGFR1/F3/CCL5/FUT2/SFN",29
"BP","GO:0033687","osteoblast proliferation","6/789","36/18986",0.166666666666667,4.01056189269117,3.76476704396176,0.00338650525719519,0.0399191627495491,0.0329791997186303,"BMP2/SFRP1/BCL2/OSR2/TMEM119/GREM1",6
"BP","GO:0050931","pigment cell differentiation","6/789","36/18986",0.166666666666667,4.01056189269117,3.76476704396176,0.00338650525719519,0.0399191627495491,0.0329791997186303,"GNA11/EDN3/KITLG/KIT/BCL2/RAB27A",6
"BP","GO:0086005","ventricular cardiac muscle cell action potential","6/789","36/18986",0.166666666666667,4.01056189269117,3.76476704396176,0.00338650525719519,0.0399191627495491,0.0329791997186303,"GPD1L/TRPM4/NEDD4L/CAV1/DSC2/ANK2",6
"BP","GO:1901381","positive regulation of potassium ion transmembrane transport","6/789","36/18986",0.166666666666667,4.01056189269117,3.76476704396176,0.00338650525719519,0.0399191627495491,0.0329791997186303,"EDN3/LRRC26/ATP1B3/ANK2/AKAP7/KCNMB1",6
"BP","GO:1990868","response to chemokine","11/789","102/18986",0.107843137254902,2.59506945997664,3.36338509063612,0.00340225389392587,0.0399191627495491,0.0329791997186303,"PTK2B/CCL11/CCR10/PADI2/CCL15/SLIT3/CCL23/CCL5/CCL13/DUSP1/CXCL13",11
"BP","GO:1990869","cellular response to chemokine","11/789","102/18986",0.107843137254902,2.59506945997664,3.36338509063612,0.00340225389392587,0.0399191627495491,0.0329791997186303,"PTK2B/CCL11/CCR10/PADI2/CCL15/SLIT3/CCL23/CCL5/CCL13/DUSP1/CXCL13",11
"BP","GO:0010977","negative regulation of neuron projection development","13/789","132/18986",0.0984848484848485,2.36987748204478,3.28859843559043,0.0034036338765405,0.0399191627495491,0.0329791997186303,"LPAR1/SEMA6D/ITM2C/STMN2/NEO1/RGMA/SEMA3G/GFI1/B2M/NTN1/NEU4/PMP22/MIR210",13
"BP","GO:0048806","genitalia development","7/789","48/18986",0.145833333333333,3.50924165610477,3.62443199948796,0.00347242746943774,0.0404616882695679,0.0334274069515677,"FOXF2/BMP5/PDGFRA/BMP6/LGR4/HOXA13/HOXD13",7
"BP","GO:0090279","regulation of calcium ion import","7/789","48/18986",0.145833333333333,3.50924165610477,3.62443199948796,0.00347242746943774,0.0404616882695679,0.0334274069515677,"P2RX1/GCG/AKAP5/LGALS3/MS4A1/PLN/ATP2C2",7
"BP","GO:0030858","positive regulation of epithelial cell differentiation","9/789","74/18986",0.121621621621622,2.92662624601788,3.45770953348443,0.00348168662283269,0.0404616882695679,0.0334274069515677,"ACVRL1/CDKN2B/TMEM100/BMP2/BMP6/ATOH1/VDR/SFN/CD24",9
"BP","GO:0001906","cell killing","21/789","264/18986",0.0795454545454545,1.91413181242079,3.11442997583598,0.00349039128820265,0.0404616882695679,0.0334274069515677,"CHGA/CCL28/CXCL14/SCNN1B/CTSG/CCL11/GBP3/B2M/LGALS3/GSDMB/SLAMF7/RAB27A/CEACAM1/KLRB1/IL18/F2RL1/NOS2/CCL13/GZMA/CXCL13/PLA2G2A",21
"BP","GO:0010232","vascular transport","10/789","88/18986",0.113636363636364,2.73447401774398,3.39582355980992,0.00350951906674989,0.0404616882695679,0.0334274069515677,"ATP2A3/SLC4A4/SLC22A5/SLC2A13/ATP8A1/ABCG2/SLC6A9/ATP1A2/ABCB1/SLC28A2",10
"BP","GO:0042310","vasoconstriction","10/789","88/18986",0.113636363636364,2.73447401774398,3.39582355980992,0.00350951906674989,0.0404616882695679,0.0334274069515677,"P2RX1/BDKRB2/EDN3/SCNN1B/TRPM4/CAV1/EDN2/ATP1A2/ADRA2A/MMP2",10
"BP","GO:0150104","transport across blood-brain barrier","10/789","88/18986",0.113636363636364,2.73447401774398,3.39582355980992,0.00350951906674989,0.0404616882695679,0.0334274069515677,"ATP2A3/SLC4A4/SLC22A5/SLC2A13/ATP8A1/ABCG2/SLC6A9/ATP1A2/ABCB1/SLC28A2",10
"BP","GO:0002274","myeloid leukocyte activation","20/789","247/18986",0.0809716599190283,1.94845112195522,3.12416620676141,0.00352373783847514,0.040527251168903,0.0334815717136111,"CD177/CHGA/SCNN1B/FOXF1/CTSG/TLR3/IRF4/PTGDR/VAMP2/GATA2/PLA2G10/KIT/EDN2/IL18/F2RL1/ENPP3/CCL5/PTGDS/PLA2G2A/MT1G",20
"BP","GO:0043491","phosphatidylinositol 3-kinase/protein kinase B signal transduction","24/789","317/18986",0.0757097791798107,1.82183253169567,3.07253144734769,0.00354669810146722,0.040692792226979,0.0336183333899563,"PTK2B/LTK/TMEM100/SMPD3/P2RX4/RASD2/PDGFRA/MTM1/KIT/CD19/PDGFD/PRR5L/GCNT2/PIP5K1B/PINK1/CEACAM1/XDH/FGFR1/IL18/F2RL1/DDR2/CCL5/DCN/AKR1C3",24
"BP","GO:0099509","regulation of presynaptic cytosolic calcium ion concentration","4/789","16/18986",0.25,6.01584283903676,4.17940204623499,0.00361019548451345,0.0413215145817805,0.0341377521021335,"P2RX1/SCGN/P2RY1/CALB2",4
"BP","GO:0048562","embryonic organ morphogenesis","23/789","300/18986",0.0766666666666667,1.84485847063794,3.07135716200596,0.00364959255767198,0.0416720304061104,0.03442733060476,"FOXF2/TCF21/HOXD4/MFAP5/FOXF1/ITGA8/FRZB/MAPK3/CITED2/GATA2/PDGFRA/ATOH1/OSR2/ASB2/SLITRK6/OSR1/NTN1/HOXA5/SLC44A4/FGFR1/PLS1/HOXD11/HOXD9",23
"BP","GO:0045833","negative regulation of lipid metabolic process","12/789","118/18986",0.101694915254237,2.44712251079461,3.28342631061378,0.00369833995625948,0.0421273736024761,0.0348035121972367,"APPL2/UGT1A8/BMP5/UGT1A10/BMP2/APOD/GFI1/CEACAM1/ADRA2A/CIDEC/AKR1C3/MIR192",12
"BP","GO:0071466","cellular response to xenobiotic stimulus","17/789","198/18986",0.0858585858585859,2.06604703562878,3.13987667798709,0.00380716016989894,0.0432391582584333,0.0357220126287954,"UGT1A8/UGT1A10/TLR3/SULT1B1/GSTM2/NAT1/SULT1A2/CES3/CMBL/CYP4F12/CES2/SULT1A4/NOS2/ABCB1/SULT1A1/SLC28A2/UCHL1",17
"BP","GO:0045123","cellular extravasation","9/789","75/18986",0.12,2.88760456273764,3.41058052345141,0.00381414890742812,0.0432391582584333,0.0357220126287954,"CD177/CCL28/MADCAM1/PTGER4/PDGFD/JAM2/ITGB7/ST3GAL4/LYVE1",9
"BP","GO:0046879","hormone secretion","24/789","319/18986",0.0752351097178683,1.81041038416153,3.03953381846691,0.00383874627735943,0.0434143924225174,0.0358667822606415,"GNA11/VIP/CHGA/EDN3/GCG/LTBP4/P2RY1/SMPD3/TRPM4/SFRP1/UCN3/SRI/BMP6/ADCY5/SIRT6/FAM3D/C1QTNF3/FKBP1B/ADRA2A/FGFR1/F2RL1/NOS2/CCL5/CPE",24
"BP","GO:0048705","skeletal system morphogenesis","19/789","232/18986",0.0818965517241379,1.97070713692583,3.09762730670715,0.00387896801752186,0.0436767400537059,0.0360835206471392,"HOXD4/HOXD8/BARX2/SMPD3/CITED2/PDGFRA/SFRP1/BMP6/OSR2/OSR1/TMEM119/HOXA5/MMP2/FGFR1/CHAD/HOXD11/HOXD9/GREM1/CDX1",19
"BP","GO:0060740","prostate gland epithelium morphogenesis","5/789","26/18986",0.192307692307692,4.62757141464366,3.85413908685585,0.00388952864057213,0.0436767400537059,0.0360835206471392,"SFRP1/MMP2/HOXA13/HOXB13/HOXD13",5
"BP","GO:2000178","negative regulation of neural precursor cell proliferation","5/789","26/18986",0.192307692307692,4.62757141464366,3.85413908685585,0.00388952864057213,0.0436767400537059,0.0360835206471392,"PTN/APPL2/PDE9A/GATA2/SPINT1",5
"BP","GO:0015701","bicarbonate transport","6/789","37/18986",0.162162162162162,3.90216832802384,3.67937638973441,0.00390246225847946,0.0437186219994751,0.0361181213992339,"BEST4/CA4/SLC26A3/SLC26A2/SLC4A4/BEST2",6
"BP","GO:0086002","cardiac muscle cell action potential involved in contraction","8/789","62/18986",0.129032258064516,3.10495114272865,3.45680833045051,0.00398869591187455,0.0445795425444802,0.0368293705497667,"SCN4B/GPD1L/TRPM4/NEDD4L/CAV1/DSC2/ANK2/SCN7A",8
"BP","GO:0003002","regionalization","30/789","430/18986",0.0697674418604651,1.67883986205677,2.96485383062748,0.00407438377126184,0.0454303354776848,0.0375322527780186,"ACVRL1/WNT2B/HOXD4/FOXF1/HOXD8/PCSK5/PPP2R3A/CITED2/BMP2/BHLHE41/SFRP1/GREM2/SFRP2/SOSTDC1/DAAM2/ASB2/OSR1/WLS/NBL1/NRARP/HOXA5/FGFR1/HOXA6/HOXD11/HOXD9/GREM1/HES2/LEFTY1/CDX1/HOXD13",30
"BP","GO:0046849","bone remodeling","10/789","90/18986",0.111111111111111,2.67370792846078,3.31405638207084,0.00413117462871943,0.0459556896637408,0.0379662739205375,"PTN/PTK2B/SFRP1/TPH1/TNFRSF11A/TMEM119/LGR4/CTSK/EFNA2/GREM1",10
"BP","GO:0046942","carboxylic acid transport","26/789","357/18986",0.0728291316526611,1.7525144405037,2.98880843227376,0.00414358595122934,0.0459860590381761,0.0379913635666084,"SLCO2A1/BDKRB2/SLC26A3/SLC26A2/SLC36A1/ATP8B1/P2RX4/FABP2/PLA2G10/ABCG2/GIPC1/SLC6A9/MAP2K6/SLC16A9/PLA2G4F/TNFRSF11A/ATP1A2/CEACAM1/NOS2/FABP4/ABCB1/SLC6A8/RGS2/SLC13A2/PLA2G2A/FABP1",26
"BP","GO:0050818","regulation of coagulation","9/789","76/18986",0.118421052631579,2.84960976585952,3.3642250970499,0.00417095816094634,0.0461819376794758,0.0381531886247281,"ADTRP/PLAT/PDGFRA/CAV1/CEACAM1/F3/F2RL1/ST3GAL4/TSPAN8",9
"BP","GO:0098656","monoatomic anion transmembrane transport","14/789","151/18986",0.0927152317880795,2.2310410528878,3.16243859988255,0.00419666662999785,0.0463585267267205,0.0382990775927344,"BEST4/CLCA4/SLC26A3/SLC26A2/SLC4A4/CLCA1/ANO7/CLIC5/BEST2/ANO5/CLCN2/CLIC6/FXYD3/TMC4",14
"BP","GO:0015908","fatty acid transport","12/789","120/18986",0.1,2.4063371356147,3.21798531298481,0.00424046143540746,0.0467336237080869,0.0386089638080328,"SLCO2A1/BDKRB2/P2RX4/FABP2/PLA2G10/MAP2K6/PLA2G4F/TNFRSF11A/NOS2/FABP4/PLA2G2A/FABP1",12
"BP","GO:0001823","mesonephros development","11/789","105/18986",0.104761904761905,2.52092461826302,3.2541213767519,0.00425542944727214,0.0467900228577376,0.0386555579420822,"TCF21/WNT2B/BMP2/SFRP1/BCL2/OSR2/OSR1/LGR4/FGFR1/HOXD11/GREM1",11
"BP","GO:0015849","organic acid transport","26/789","358/18986",0.0726256983240224,1.74761914877045,2.97360117658378,0.0042977467274106,0.0471461823445735,0.038949798954143,"SLCO2A1/BDKRB2/SLC26A3/SLC26A2/SLC36A1/ATP8B1/P2RX4/FABP2/PLA2G10/ABCG2/GIPC1/SLC6A9/MAP2K6/SLC16A9/PLA2G4F/TNFRSF11A/ATP1A2/CEACAM1/NOS2/FABP4/ABCB1/SLC6A8/RGS2/SLC13A2/PLA2G2A/FABP1",26
"BP","GO:0002335","mature B cell differentiation","6/789","38/18986",0.157894736842105,3.79947968781269,3.59692461435816,0.00447438619041057,0.0488582400102304,0.0403642146832441,"NKX2-3/PTK2B/PLCL2/POU2AF1/ITM2A/CD19",6
"BP","GO:0010669","epithelial structure maintenance","6/789","38/18986",0.157894736842105,3.79947968781269,3.59692461435816,0.00447438619041057,0.0488582400102304,0.0403642146832441,"SLC22A5/MUC2/HTR4/MUC4/MUC13/PBLD",6
"BP","GO:0001894","tissue homeostasis","21/789","270/18986",0.0777777777777778,1.87159554992255,3.00354589752723,0.00452293583778934,0.0490501032636972,0.0405227224303741,"TP53INP2/SLC22A5/PTK2B/MUC2/P2RX4/GATA2/HTR4/MUC4/BSG/BCL2/JAM2/GCNT2/TNFRSF11A/TMEM119/TJP3/CLDN5/CTSK/SLC28A2/HOXA13/MUC13/PBLD",21
"BP","GO:0015833","peptide transport","21/789","270/18986",0.0777777777777778,1.87159554992255,3.00354589752723,0.00452293583778934,0.0490501032636972,0.0405227224303741,"GNA11/VIP/CHGA/EDN3/CWH43/GCG/SMPD3/TRPM4/SFRP1/UCN3/SRI/CD209/ADCY5/SIRT6/FAM3D/FKBP1B/ADRA2A/F2RL1/NOS2/CCL5/CPE",21
"BP","GO:0060249","anatomical structure homeostasis","21/789","270/18986",0.0777777777777778,1.87159554992255,3.00354589752723,0.00452293583778934,0.0490501032636972,0.0405227224303741,"TP53INP2/SLC22A5/PTK2B/MUC2/P2RX4/GATA2/HTR4/MUC4/BSG/BCL2/JAM2/GCNT2/TNFRSF11A/TMEM119/TJP3/CLDN5/CTSK/SLC28A2/HOXA13/MUC13/PBLD",21
"BP","GO:0051224","negative regulation of protein transport","12/789","121/18986",0.0991735537190083,2.38645005184929,3.18575529434529,0.00453444410895384,0.0490628918394778,0.0405332877069414,"CHGA/ADTRP/NEO1/SFRP1/CHP1/DERL3/APOD/SIRT6/FAM3D/FKBP1B/ADRA2A/F2RL1",12
"BP","GO:0072224","metanephric glomerulus development","4/789","17/18986",0.235294117647059,5.66196973085812,4.00419848186237,0.00456753634107115,0.0492757107140731,0.0407091079317594,"TCF21/PDGFRA/OSR1/LGR4",4
"BP","GO:0042632","cholesterol homeostasis","11/789","106/18986",0.10377358490566,2.49714231054356,3.21854011575497,0.00457486072103289,0.0492757107140731,0.0407091079317594,"MALL/LIMA1/NEGR1/ABCA5/PLA2G10/HDAC9/CAV1/NR5A2/IL18/FABP4/CD24",11
"BP","GO:0010447","response to acidic pH","5/789","27/18986",0.185185185185185,4.45617988076797,3.74209157635171,0.00461283180741486,0.0494563694625633,0.0408583590817587,"SCNN1B/SST/SLC9A1/CHP1/SCNN1A",5
"BP","GO:0071276","cellular response to cadmium ion","5/789","27/18986",0.185185185185185,4.45617988076797,3.74209157635171,0.00461283180741486,0.0494563694625633,0.0408583590817587,"MT1M/MT1H/MT1F/MT1E/MT1G",5
"BP","GO:0042742","defense response to bacterium","25/789","342/18986",0.0730994152046784,1.75901837398736,2.94944091088618,0.00464979025959454,0.0494563694625633,0.0408583590817587,"NPY/VIP/CHGA/ZG16/SCNN1B/CTSG/CASP7/PLAC8/TLR3/RNASE1/GBP3/B2M/LGALS4/GSDMB/COLEC12/IL18/WFDC2/SPINK5/F2RL1/NOS2/PI3/DMBT1/S100A14/CXCL13/PLA2G2A",25
"BP","GO:0071214","cellular response to abiotic stimulus","25/789","342/18986",0.0730994152046784,1.75901837398736,2.94944091088618,0.00464979025959454,0.0494563694625633,0.0408583590817587,"SLC25A23/GNA11/BDKRB2/SCNN1B/SLC9A1/PTGER4/TLR3/CASP5/MFAP4/MAPK3/SFRP1/CHP1/BMP6/SFRP2/CLCN2/FAS/ATP1A2/SCN7A/SMPD1/SCNN1A/MMP2/CDKN1A/CRYAB/MYLK/CRIP1",25
"BP","GO:0104004","cellular response to environmental stimulus","25/789","342/18986",0.0730994152046784,1.75901837398736,2.94944091088618,0.00464979025959454,0.0494563694625633,0.0408583590817587,"SLC25A23/GNA11/BDKRB2/SCNN1B/SLC9A1/PTGER4/TLR3/CASP5/MFAP4/MAPK3/SFRP1/CHP1/BMP6/SFRP2/CLCN2/FAS/ATP1A2/SCN7A/SMPD1/SCNN1A/MMP2/CDKN1A/CRYAB/MYLK/CRIP1",25
"BP","GO:0007411","axon guidance","19/789","236/18986",0.0805084745762712,1.93730532104573,3.01703503053989,0.00466451653036387,0.0494563694625633,0.0408583590817587,"SEMA6D/EDN3/SEMA6A/CHL1/NEO1/SEMA3G/PLA2G10/MATN2/NCAM1/EPHA10/GFRA3/ATOH1/SLIT3/NTN1/SEMA3B/IGSF9/SEMA4G/BOC/EFNA2",19
"BP","GO:0097191","extrinsic apoptotic signaling pathway","19/789","236/18986",0.0805084745762712,1.93730532104573,3.01703503053989,0.00466451653036387,0.0494563694625633,0.0408583590817587,"BMP5/ITM2C/SCG2/KLF4/TLR3/KITLG/CD27/SFRP1/CASP10/BCL2/MAL/SFRP2/CAV1/LGALS3/FAS/TNFSF10/BCL2L14/EYA2/SRPX",19
"BP","GO:0071805","potassium ion transmembrane transport","18/789","219/18986",0.0821917808219178,1.97781134434085,3.030565024472,0.00468394139204101,0.0495517185126833,0.0409371316598965,"EDN3/SLC9A1/ANK3/SLC9A2/VAMP2/NEDD4L/LRRC26/ATP1B3/CAV1/KCNS3/ANK2/FHL1/ATP1A2/SLC9A3/AKAP7/KCNMA1/CASQ2/KCNMB1",18
"BP","GO:0043603","amide metabolic process","32/789","472/18986",0.0677966101694915,1.63141500719641,2.89254200368786,0.00471453892511132,0.0497645775428417,0.0411129850592164,"P2RX1/PCSK5/CMA1/CTSG/B3GALT1/B3GALT4/NAAA/SLC2A13/ETHE1/SPON1/GSTM5/SMPD3/GSTM2/MEP1A/ST6GALNAC6/PCSK7/GGT6/ACOT11/HPGDS/SMPDL3B/ACSF2/ACSS2/NEU4/NANS/SMPD1/ABCA8/SUCLG2/XDH/PCSK1N/CPE/GNE/FUT3",32
"CC","GO:0045177","apical part of cell","64/814","474/19960",0.135021097046413,3.31083672855825,10.4987996377162,2.69432604931347e-17,1.15317154910617e-14,1.01533550068866e-14,"CA4/CLCA4/TRPM6/AQP8/SLC26A3/CEACAM7/SCNN1B/CA2/SLC26A2/ITGA8/CHL1/SLC9A1/SLC6A19/SLC22A5/NAALADL1/PLAT/P2RY1/SLC36A1/SLC2A13/SLC17A4/CA12/ATP8B1/PDE4D/PTPRH/FABP2/SIPA1L3/SLC9A2/CLIC5/SPECC1/SI/FRMD1/ABCG2/SLC6A9/MAL/SHROOM3/AMN/CYBRD1/ATP1B3/CAV1/CDHR5/ANK2/MYO1A/RAB27A/CNTFR/PROM2/SLC9A3/CYP4F12/CEACAM1/SCNN1A/SLC44A4/GP2/CTSK/MYO7B/AKAP7/DDR2/ENPP3/ABCB1/SLC6A8/CDHR2/KCNMA1/SLC13A2/MUC13/MUC1/FABP1",64
"CC","GO:0016324","apical plasma membrane","56/814","408/19960",0.137254901960784,3.36561160090572,9.95452388064852,1.37533153599108e-15,2.9432094870209e-13,2.59141415728845e-13,"CA4/CLCA4/TRPM6/AQP8/SLC26A3/CEACAM7/SCNN1B/SLC26A2/SLC9A1/SLC6A19/SLC22A5/NAALADL1/P2RY1/SLC36A1/SLC2A13/SLC17A4/CA12/ATP8B1/PDE4D/PTPRH/SIPA1L3/SLC9A2/CLIC5/SI/FRMD1/ABCG2/SLC6A9/MAL/SHROOM3/AMN/CYBRD1/ATP1B3/CAV1/CDHR5/ANK2/MYO1A/RAB27A/CNTFR/PROM2/SLC9A3/CYP4F12/CEACAM1/SCNN1A/SLC44A4/GP2/CTSK/AKAP7/DDR2/ENPP3/ABCB1/SLC6A8/CDHR2/KCNMA1/SLC13A2/MUC13/MUC1",56
"CC","GO:0062023","collagen-containing extracellular matrix","50/814","430/19960",0.116279069767442,2.85126564196332,8.00192380049313,2.62758372777555e-11,3.74868611829312e-09,3.30061394576718e-09,"FBLN1/WNT2B/HAPLN1/TPSB2/TPSAB1/ADAMDEC1/EDIL3/CPA3/MMP28/ZG16/MFAP5/CMA1/CTSG/LTBP4/SPARCL1/OGN/CLEC3B/SPON1/MUC2/ABI3BP/MFAP4/MATN2/SFRP1/NCAM1/ITIH5/SFRP2/DPT/TINAG/LGALS3/LGALS4/NTN1/ACHE/MMRN1/CILP/SEMA3B/VWF/COLEC12/MMP2/TNXB/FGL2/F3/SRPX/GREM1/WNT5B/F13A1/DCN/COL17A1/ANGPTL1/SOD3/CLC",50
"CC","GO:0005903","brush border","22/814","109/19960",0.201834862385321,4.94916935283908,8.52452868654965,4.30939787225868e-10,4.61105572331679e-08,4.05990641649633e-08,"CA4/TRPM6/AQP8/SLC26A3/SLC6A19/LIMA1/SLC22A5/SCIN/SLC17A4/ITLN1/SI/ABCG2/AMN/CYBRD1/CDHR5/MYO1A/MYO1D/SLC9A3/MYO7B/PLS1/SLC28A2/CDHR2",22
"CC","GO:0031526","brush border membrane","16/814","60/19960",0.266666666666667,6.53890253890254,8.85962570883459,1.40799250656809e-09,1.20524158562228e-07,1.06118172073974e-07,"CA4/TRPM6/AQP8/SLC26A3/SLC6A19/LIMA1/SLC22A5/SLC17A4/ITLN1/ABCG2/AMN/CYBRD1/CDHR5/SLC9A3/SLC28A2/CDHR2",16
"CC","GO:0098862","cluster of actin-based cell projections","27/814","173/19960",0.15606936416185,3.82695885586059,7.70007803803412,2.0033473957803e-09,1.42905447565661e-07,1.25824275033219e-07,"CA4/TRPM6/AQP8/SLC26A3/CDC14A/TRPA1/SLC6A19/LIMA1/SLC22A5/SCIN/SLC17A4/ATP8B1/ITLN1/CLIC5/SI/ABCG2/RHOC/AMN/CYBRD1/CDHR5/MYO1A/MYO1D/SLC9A3/MYO7B/PLS1/SLC28A2/CDHR2",27
"CC","GO:0009897","external side of plasma membrane","41/814","407/19960",0.100737100737101,2.47016281414316,6.17871982275101,1.00902768187758e-07,6.1694835406229e-06,5.43205879867928e-06,"CA4/P2RX1/SCUBE1/BTNL8/SCNN1B/CD79A/HHLA2/ITGA8/CD163L1/BTNL3/CCR10/MS4A2/CD27/PDGFRA/ABCG2/LY9/FCRLA/KIT/NCAM1/CD209/CD19/GFRA3/CAPN2/TCN2/B2M/FAS/CD79B/TNFRSF11A/CD22/SLAMF7/CNTFR/SCNN1A/GP2/CTSK/MS4A1/F3/ANPEP/ENPP3/ITGA3/ABCB1/CD24",41
"CC","GO:0043209","myelin sheath","11/814","48/19960",0.229166666666667,5.61936936936937,6.60675848867253,2.75018855290893e-06,0.000131134287202542,0.000115460095471003,"CA2/PLP1/MPZ/BCL2/MAL/CLCN2/GPM6B/CLDN5/MYO1D/PMP22/PLLP",11
"CC","GO:0005902","microvillus","16/814","100/19960",0.16,3.92334152334152,6.04272037014605,2.75749669351139e-06,0.000131134287202542,0.000115460095471003,"SLC26A2/CLCA1/PTPRH/FABP2/PDGFRA/CALML4/AMN/CDHR5/MYO1A/PROM2/MYO1D/CEACAM1/MYO7B/PLEKHG6/CDHR2/AOC3",16
"CC","GO:0045121","membrane raft","30/814","293/19960",0.102389078498294,2.51067077005644,5.37127195240618,3.73803803227927e-06,0.000159988027781553,0.000140865012163787,"P2RX1/CD177/MALL/ADTRP/CD79A/SLC9A1/PACSIN2/ITLN1/MAPK3/ABCG2/CHP1/PAG1/CD19/MAL/CAPN2/AKAP5/CAV1/FAS/TNFRSF11A/MYO1A/AHNAK/GPM6B/ATP1A2/PROM2/GP2/CHRNA3/MS4A1/KCNMA1/PLLP/CD24",30
"CC","GO:0098857","membrane microdomain","30/814","295/19960",0.101694915254237,2.49364927331029,5.3291166755007,4.28902758332719e-06,0.000164124204751681,0.000144506801035666,"P2RX1/CD177/MALL/ADTRP/CD79A/SLC9A1/PACSIN2/ITLN1/MAPK3/ABCG2/CHP1/PAG1/CD19/MAL/CAPN2/AKAP5/CAV1/FAS/TNFRSF11A/MYO1A/AHNAK/GPM6B/ATP1A2/PROM2/GP2/CHRNA3/MS4A1/KCNMA1/PLLP/CD24",30
"CC","GO:0031253","cell projection membrane","34/814","358/19960",0.0949720670391061,2.32879908857562,5.23110222136541,4.60161321733684e-06,0.000164124204751681,0.000144506801035666,"CA4/TRPM6/AQP8/SLC26A3/APPL2/SLC26A2/PHLPP2/ITGA8/FAM107A/SLC6A19/LIMA1/SLC22A5/PACSIN2/PDE9A/SLC17A4/ITLN1/PTPRH/EPB41L3/ABCG2/BMX/AKAP5/CLCN2/AMN/CYBRD1/CDHR5/PLA2G4F/PROM2/MYO1D/SLC9A3/CEACAM1/SCNN1A/ITGA3/SLC28A2/CDHR2",34
"CC","GO:0098858","actin-based cell projection","25/814","234/19960",0.106837606837607,2.61975261975262,5.13901244714778,1.13908655049327e-05,0.000352519749688116,0.000310383842568484,"CDC14A/SLC26A2/CLCA1/ATP8B1/KITLG/PTPRH/FABP2/CLIC5/PDGFRA/MTM1/CALML4/RHOC/AMN/CDHR5/MYO1A/PROM2/MYO1D/CEACAM1/MYO7B/ACTG2/PLS1/PLEKHG6/ITGA3/CDHR2/AOC3",25
"CC","GO:0016323","basolateral plasma membrane","27/814","264/19960",0.102272727272727,2.50781773509046,5.08515689638326,1.15310198496113e-05,0.000352519749688116,0.000310383842568484,"SLCO2A1/CNNM2/AQP8/SLC9A1/SLC4A4/P2RY1/CLDN8/ANK3/CNNM4/CA12/BEST2/HPGD/SLC6A9/BSG/CLCN2/ATP1B3/CAV1/ANK2/MYO1A/HEPH/PROM2/MYO1D/ADRA2A/ABCA8/CLDN7/ITGA3/ATP2C2",27
"CC","GO:0009925","basal plasma membrane","29/814","298/19960",0.0973154362416107,2.38626057418004,4.97143450519632,1.43870119284483e-05,0.000410509407025059,0.000361442124237509,"SLCO2A1/CNNM2/AQP8/SLC9A1/SLC4A4/SLC22A5/P2RY1/CLDN8/ANK3/CNNM4/CA12/BEST2/HPGD/SLC6A9/BSG/CLCN2/ATP1B3/CAV1/ANK2/MYO1A/HEPH/PROM2/MYO1D/CEACAM1/ADRA2A/ABCA8/CLDN7/ITGA3/ATP2C2",29
"CC","GO:0045178","basal part of cell","29/814","317/19960",0.0914826498422713,2.24323549244685,4.60067639931151,4.5250720696995e-05,0.00121045677864462,0.00106577355325817,"SLCO2A1/CNNM2/AQP8/SLC9A1/SLC4A4/SLC22A5/P2RY1/CLDN8/ANK3/CNNM4/CA12/BEST2/HPGD/SLC6A9/BSG/CLCN2/ATP1B3/CAV1/ANK2/MYO1A/HEPH/PROM2/MYO1D/CEACAM1/ADRA2A/ABCA8/CLDN7/ITGA3/ATP2C2",29
"CC","GO:0043034","costamere","6/814","18/19960",0.333333333333333,8.17362817362817,6.27817364145641,5.50056539735941e-05,0.00138484822945284,0.00121932037910506,"ANK3/ANK2/AHNAK/PGM5/KRT19/SYNM",6
"CC","GO:0044291","cell-cell contact zone","11/814","76/19960",0.144736842105263,3.54907539118065,4.59071322041748,0.000246747135789822,0.00586709856211355,0.00516581722881616,"SLC9A1/SCN4B/ANK3/JAM2/DES/DSC2/ANK2/AHNAK/ATP1A2/PGM5/BAIAP2L2",11
"CC","GO:0031528","microvillus membrane","7/814","33/19960",0.212121212121212,5.20139974685429,4.98049580589145,0.0003084656943335,0.0069485956407757,0.00611804535021569,"SLC26A2/PTPRH/AMN/CDHR5/PROM2/CEACAM1/CDHR2",7
"CC","GO:0030018","Z disc","15/814","133/19960",0.112781954887218,2.76551329182908,4.21221832300885,0.000348566552792594,0.00741330702773608,0.00652721081143511,"ANK3/MYZAP/SRI/ASB2/DES/FKBP1B/ANK2/PGM5/PPP1R12B/CRYAB/FBXO32/SYNPO2/KRT19/CASQ2/JPH2",15
"CC","GO:0031674","I band","16/814","148/19960",0.108108108108108,2.65090643469022,4.15653768683397,0.000363737027061817,0.00741330702773608,0.00652721081143511,"ANK3/MYZAP/MTM1/SRI/ASB2/DES/FKBP1B/ANK2/PGM5/PPP1R12B/CRYAB/FBXO32/SYNPO2/KRT19/CASQ2/JPH2",16
"CC","GO:0042589","zymogen granule membrane","5/814","17/19960",0.294117647058824,7.21202485908368,5.28329627147229,0.000457734283033826,0.00890501241538533,0.00784061594861768,"ZG16/CLCA1/VAMP2/GP2/DMBT1",5
"CC","GO:0016528","sarcoplasm","12/814","97/19960",0.123711340206186,3.03351148711973,4.13954530542342,0.000577611688439523,0.0107486001153094,0.00946384368244161,"ATP2A3/ANK3/GSN/GSTM2/SRI/MB/FKBP1B/XDH/HK2/PLN/CASQ2/JPH2",12
"CC","GO:0042588","zymogen granule","5/814","19/19960",0.263157894736842,6.45286434760119,4.90309820313152,0.000803702321067526,0.0143326913923709,0.0126195364448322,"ZG16/CLCA1/VAMP2/GP2/DMBT1",5
"CC","GO:0016529","sarcoplasmic reticulum","10/814","77/19960",0.12987012987013,3.18453045725773,3.96009016917941,0.00111448284544463,0.0186479247423757,0.0164189794829574,"ATP2A3/ANK3/GSTM2/SRI/FKBP1B/XDH/HK2/PLN/CASQ2/JPH2",10
"CC","GO:0014704","intercalated disc","8/814","52/19960",0.153846153846154,3.77244377244377,4.12755783297912,0.0011328178581817,0.0186479247423757,0.0164189794829574,"SLC9A1/SCN4B/ANK3/DES/DSC2/ANK2/ATP1A2/PGM5",8
"CC","GO:0005796","Golgi lumen","12/814","106/19960",0.113207547169811,2.77594919104353,3.78008899667556,0.00127835289466347,0.0202642607005914,0.0178421183738606,"ZG16/PCSK5/OGN/MUC2/MUC4/MUC12/WNT5B/DCN/MUC13/MUC1/SOD3/MUC5B",12
"CC","GO:0032432","actin filament bundle","11/814","95/19960",0.115789473684211,2.83926031294452,3.7051285632933,0.00167197685937566,0.0248738190957648,0.0219007064345396,"FBLIM1/FAM107A/LIMA1/SIPA1L3/ASB2/PGM5/PPP1R12B/PLS1/CRYAB/SYNPO2/MYLK",11
"CC","GO:0043292","contractile muscle fiber","21/814","253/19960",0.08300395256917,2.03533033572559,3.41720871895783,0.00168537559293734,0.0248738190957648,0.0219007064345396,"ANK3/MYZAP/MTM1/SRI/ASB2/DES/FKBP1B/ANK2/MYH11/AHNAK/PGM5/MMP2/LMOD1/PPP1R12B/CRYAB/FBXO32/SYNPO2/KRT19/CASQ2/SYNM/JPH2",21
"CC","GO:0016327","apicolateral plasma membrane","5/814","23/19960",0.217391304347826,5.3306270697575,4.28476851461694,0.00203146393162828,0.0289822187578967,0.025518038158699,"CLDN8/CLDN5/CLDN7/SLC28A2/KRT19",5
"CC","GO:0042383","sarcolemma","14/814","144/19960",0.0972222222222222,2.38397488397488,3.43671898656752,0.00230379423540079,0.0307270261451294,0.0270542925724454,"SLC9A1/ANK3/SSPN/PDE9A/SRI/BSG/CAV1/DES/ANK2/AHNAK/ATP1A2/PGM5/KRT19/SYNM",14
"CC","GO:0098636","protein complex involved in cell adhesion","8/814","58/19960",0.137931034482759,3.38219096839786,3.7461466429924,0.00232884054406093,0.0307270261451294,0.0270542925724454,"ITGA8/PLP1/LGALS2/JAM2/ITGB7/MMRN1/TNXB/ITGA3",8
"CC","GO:0030016","myofibril","20/814","243/19960",0.0823045267489712,2.01817979595757,3.29268175922352,0.00236913986633007,0.0307270261451294,0.0270542925724454,"ANK3/MYZAP/MTM1/SRI/ASB2/DES/FKBP1B/ANK2/AHNAK/PGM5/MMP2/LMOD1/PPP1R12B/CRYAB/FBXO32/SYNPO2/KRT19/CASQ2/SYNM/JPH2",20
"CC","GO:0043218","compact myelin","4/814","15/19960",0.266666666666667,6.53890253890254,4.42481275052371,0.00261412939421998,0.0329072759037103,0.028973941892593,"MAL/CLDN5/PMP22/PLLP",4
"CC","GO:0034706","sodium channel complex","5/814","25/19960",0.2,4.9041769041769,4.02748504593887,0.00299846048545663,0.0366668882221554,0.0322841760539391,"SCNN1B/SCN4B/TRPM4/SCN7A/SCNN1A",5
"MF","GO:0008081","phosphoric diester hydrolase activity","20/796","87/18737",0.229885057471264,5.41125166060186,8.68667738904508,4.67361147255564e-10,3.90713919105652e-07,3.32072394102638e-07,"BDKRB2/GDPD2/PLCD1/PLCE1/PDE5A/SMPDL3A/PLCL2/PLCD3/GDPD3/PDE9A/SMPD3/PDE4D/PDE8A/TDP2/PDE3A/SMPDL3B/ENPP2/SMPD1/ENPP3/CCL5",20
"MF","GO:0052689","carboxylic ester hydrolase activity","27/796","195/18737",0.138461538461538,3.25923850019327,6.6799428559762,6.34822754074267e-08,1.9400292342942e-05,1.64885385689824e-05,"CA1/BDKRB2/PLCD1/CA2/PLCE1/ABHD3/SIAE/PLCL2/PLCD3/GDPD3/SMPD3/PITPNM3/MGLL/PLA2G10/CES3/PAFAH2/PRDX6/ACOT11/LIPH/SMPDL3B/PLA2G4F/ACHE/ENPP2/SMPD1/CES2/CCL5/PLA2G2A",27
"MF","GO:0004620","phospholipase activity","19/796","104/18737",0.182692307692308,4.30038413219946,7.10904752763244,6.96182739579259e-08,1.9400292342942e-05,1.64885385689824e-05,"BDKRB2/PLCD1/PLCE1/ABHD3/PLCL2/PLCD3/GDPD3/SMPD3/PITPNM3/MGLL/PLA2G10/PRDX6/LIPH/SMPDL3B/PLA2G4F/ENPP2/SMPD1/CCL5/PLA2G2A",19
"MF","GO:0004175","endopeptidase activity","40/796","404/18737",0.099009900990099,2.33058858649684,5.69494267446606,6.37531663454921e-07,0.000133244117662079,0.00011324575600844,"CLCA4/TPSB2/TPSAB1/ADAMDEC1/USP2/MMP28/PCSK5/CMA1/CFD/CTSG/CASP7/CLCA1/PLAT/CAPN5/ADAM28/TPSG1/CASP5/ADAM33/SPPL2A/MEP1A/SFRP1/CASP10/PRSS12/PCSK7/TMEM59/CAPN2/CAPN9/RHBDL2/TINAG/KLK1/CAPN13/CTSE/MMP2/CTSK/F3/TMPRSS2/GZMA/UCHL1/PRSS8/CLC",40
"MF","GO:0016298","lipase activity","19/796","129/18737",0.147286821705426,3.46697635464142,5.92218054139943,2.19756311952012e-06,0.000367432553583764,0.000312285285405491,"BDKRB2/PLCD1/PLCE1/ABHD3/PLCL2/PLCD3/GDPD3/SMPD3/PITPNM3/MGLL/PLA2G10/PRDX6/LIPH/SMPDL3B/PLA2G4F/ENPP2/SMPD1/CCL5/PLA2G2A",19
"MF","GO:0008499","UDP-galactose:beta-N-acetylglucosamine beta-1,3-galactosyltransferase activity","6/796","12/18737",0.5,11.769472361809,7.86042060680257,4.27888401024301e-06,0.000596191172093859,0.000506709948581409,"B3GNT6/B3GALT5/B3GALT1/B3GALT4/B3GNT7/B3GNT8",6
"MF","GO:0070700","BMP receptor binding","6/796","13/18737",0.461538461538462,10.8641283339776,7.49381078935261,7.66051670787205e-06,0.000914884566825861,0.000777571244784005,"BMP3/BMP5/RSPO2/NEO1/BMP2/BMP6",6
"MF","GO:0048531","beta-1,3-galactosyltransferase activity","6/796","15/18737",0.4,9.41557788944724,6.86791802196176,2.07657204863181e-05,0.00217001779082024,0.0018443238589822,"B3GNT6/B3GALT5/B3GALT1/B3GALT4/B3GNT7/B3GNT8",6
"MF","GO:0005201","extracellular matrix structural constituent","20/796","166/18737",0.120481927710843,2.83601743658049,5.00477836922905,2.62863898428947e-05,0.00240883455613719,0.00204729706042887,"FBLN1/HAPLN1/EDIL3/MFAP5/LTBP4/OGN/SPON1/ABI3BP/MFAP4/MATN2/MUC4/DPT/MMRN1/CILP/VWF/TNXB/FGL2/SRPX/DCN/COL17A1",20
"MF","GO:0004955","prostaglandin receptor activity","5/796","10/18737",0.5,11.769472361809,7.17516628682119,2.881381048011e-05,0.00240883455613719,0.00204729706042887,"PTGDR2/PTGER4/PTGER2/PTGDR/HPGD",5
"MF","GO:0008194","UDP-glycosyltransferase activity","18/796","145/18737",0.124137931034483,2.922075896725,4.89399056767664,4.40756058444984e-05,0.00327813863104779,0.00278612890450423,"UGT1A8/B3GNT6/B3GALT5/B3GALT1/UGT1A10/B3GALT4/B3GNT7/GALNT12/B4GALNT2/GCNT3/GCNT2/MGAT4A/GALNT7/UGT2A3/B3GNT8/B4GALNT3/GALNT8/ABO",18
"MF","GO:0004954","prostanoid receptor activity","5/796","11/18737",0.454545454545455,10.6995203289173,6.77790910258457,5.09758399564847e-05,0.00327813863104779,0.00278612890450423,"PTGDR2/PTGER4/PTGER2/PTGDR/HPGD",5
"MF","GO:0019911","structural constituent of myelin sheath","5/796","11/18737",0.454545454545455,10.6995203289173,6.77790910258457,5.09758399564847e-05,0.00327813863104779,0.00278612890450423,"MALL/PLP1/MAL/GPM6B/PLLP",5
"MF","GO:0004197","cysteine-type endopeptidase activity","13/796","85/18737",0.152941176470588,3.6000738989063,5.06062434836283,5.80969818695507e-05,0.00346921977449603,0.00294853103473283,"USP2/CASP7/CAPN5/CASP5/SFRP1/CASP10/CAPN2/CAPN9/TINAG/CAPN13/CTSK/UCHL1/CLC",13
"MF","GO:0001664","G protein-coupled receptor binding","28/796","299/18737",0.0936454849498328,2.20431589385052,4.42171509747799,8.08138370817346e-05,0.00450402452002201,0.00382802386176638,"NPY/GNA11/WNT2B/BDKRB2/EDN3/CCL28/CXCL14/PYY/GCG/CCL11/P2RY1/FZD1/PDE4D/SFRP1/UCN3/AKAP5/CCL15/INSL5/CCL23/EDN2/CLIC6/ADRA2A/CCL5/CCL13/UCHL1/WNT5B/S100A14/CXCL13",28
"MF","GO:0016758","hexosyltransferase activity","21/796","197/18737",0.106598984771574,2.50922761013188,4.48543574303447,0.000102356466139932,0.00534812535581143,0.00454543517397722,"UGT1A8/B3GNT6/B3GALT5/B3GALT1/UGT1A10/B3GALT4/B3GNT7/GALNT12/PIGZ/B4GALNT2/GCNT3/GCNT2/MGAT4A/GALNT7/UGT2A3/B3GNT8/B4GALNT3/GALNT8/ABO/FUT2/FUT3",21
"MF","GO:0004629","phospholipase C activity","7/796","29/18737",0.241379310344828,5.68181424363195,5.3146068938194,0.000167210755719713,0.00762350727534736,0.006479309255678,"BDKRB2/PLCD1/PLCE1/PLCL2/PLCD3/SMPD1/CCL5",7
"MF","GO:0035250","UDP-galactosyltransferase activity","7/796","29/18737",0.241379310344828,5.68181424363195,5.3146068938194,0.000167210755719713,0.00762350727534736,0.006479309255678,"B3GNT6/B3GALT5/B3GALT1/B3GALT4/B3GNT7/B3GNT8/ABO",7
"MF","GO:0042578","phosphoric ester hydrolase activity","31/796","363/18737",0.0853994490358127,2.01021291028143,4.09388859765605,0.000187759672754599,0.00762350727534736,0.006479309255678,"ALPI/BDKRB2/GDPD2/PLCD1/CDC14A/PHLPP2/PLCE1/PDE5A/SMPDL3A/PLCL2/PLCD3/GDPD3/PDE9A/SMPD3/PTPN21/PDE4D/PTPRH/PDE8A/MTM1/TDP2/PDE3A/SMPDL3B/ENPP2/ATP1A2/SMPD1/SGPP2/EYA2/ENPP3/CCL5/PTPRR/DUSP1",31
"MF","GO:0005496","steroid binding","14/796","108/18737",0.12962962962963,3.05134468639494,4.50326388544409,0.000191258803204716,0.00762350727534736,0.006479309255678,"NR3C2/UGT1A8/PAQR8/HSD11B2/SYP/PAQR5/APOD/SIDT1/CAV1/VDR/OSBPL7/OSBPL1A/ATP1A2/PROM2",14
"MF","GO:0016757","glycosyltransferase activity","25/796","267/18737",0.0936329588014981,2.20402104153727,4.17376419725508,0.000191499584667817,0.00762350727534736,0.006479309255678,"UGT1A8/B3GNT6/B3GALT5/B3GALT1/UGT1A10/B3GALT4/B3GNT7/GALNT12/PIGZ/B4GALNT2/GCNT3/ST6GALNAC6/GCNT2/MGAT4A/SIRT6/ST6GALNAC1/GALNT7/UGT2A3/B3GNT8/B4GALNT3/GALNT8/ABO/ST3GAL4/FUT2/FUT3",25
"MF","GO:0005319","lipid transporter activity","19/796","178/18737",0.106741573033708,2.51258398735249,4.27094386592439,0.000211555929684885,0.00782877058696063,0.00665376497884466,"SLCO2A1/GLTP/ATP8B1/FABP2/ATP8A1/PITPNM3/ABCA5/ABCG2/TNFAIP8L3/TMEM30B/APOD/OSBPL7/OSBPL1A/CEACAM1/ABCA8/CIDEC/FABP4/ABCB1/FABP1",19
"MF","GO:0005125","cytokine activity","23/796","238/18737",0.0966386554621849,2.27477196908914,4.16887148477914,0.000215384836722601,0.00782877058696063,0.00665376497884466,"WNT2B/BMP3/CCL28/CXCL14/BMP5/SCG2/CCL11/SECTM1/KITLG/BMP2/GREM2/BMP6/FAM3D/CCL15/TNFSF10/CCL23/IL18/CCL5/CCL13/GREM1/WNT5B/LEFTY1/CXCL13",23
"MF","GO:0004089","carbonate dehydratase activity","5/796","15/18737",0.333333333333333,7.8463149078727,5.5872490466478,0.000287430019061189,0.00961165983740616,0.0081690636996338,"CA7/CA4/CA1/CA2/CA12",5
"MF","GO:0004953","icosanoid receptor activity","5/796","15/18737",0.333333333333333,7.8463149078727,5.5872490466478,0.000287430019061189,0.00961165983740616,0.0081690636996338,"PTGDR2/PTGER4/PTGER2/PTGDR/HPGD",5
"MF","GO:0008378","galactosyltransferase activity","7/796","32/18737",0.21875,5.14914415829146,4.94796144368623,0.000322688965110856,0.0103756913397183,0.00881842313562054,"B3GNT6/B3GALT5/B3GALT1/B3GALT4/B3GNT7/B3GNT8/ABO",7
"MF","GO:0005539","glycosaminoglycan binding","23/796","246/18737",0.0934959349593496,2.20079564489112,3.99326478222839,0.000347472337428522,0.0107587731144535,0.00914400887969794,"HAPLN1/PTN/ZG16/RSPO2/CTSG/LTBP4/CLEC3B/SFRP1/GREM2/LIPH/CCL15/SLIT3/NDNF/CCL23/TNXB/FGFR1/DCN/COL17A1/DMBT1/REG4/SOD3/LYVE1/CXCL13",23
"MF","GO:0030246","carbohydrate binding","25/796","280/18737",0.0892857142857143,2.10169149318019,3.91228158292318,0.000395133922375518,0.0117975699680691,0.0100268946467472,"PTN/ZG16/LGALS9C/CLEC3B/GALNT12/ITLN1/LGALS2/SI/LGALS9B/BSG/CD209/FAM3D/LGALS3/LGALS4/GALNT7/GALNT8/CD22/ENPP2/COLEC12/UGP2/KLRB1/HK2/EGLN3/REG4/CLC",25
"MF","GO:0070696","transmembrane receptor protein serine/threonine kinase binding","6/796","25/18737",0.24,5.64934673366834,4.89974507758302,0.000510446746606858,0.0147149475918391,0.0125064084921826,"BMP3/BMP5/RSPO2/NEO1/BMP2/BMP6",6
"MF","GO:0015081","sodium ion transmembrane transporter activity","17/796","162/18737",0.104938271604938,2.47013617470066,3.95842398833069,0.000544481215967409,0.0151728765516251,0.0128956077465965,"SCNN1B/SLC9A1/SLC4A4/SCN4B/CNNM4/SLC17A4/SLC9A2/TRPM4/CHP1/SLC6A9/ATP1A2/SCN7A/SLC9A3/SCNN1A/SLC6A8/SLC28A2/SLC13A2",17
"MF","GO:0015108","chloride transmembrane transporter activity","14/796","120/18737",0.116666666666667,2.74621021775544,4.04207109922621,0.000573604085207217,0.0154525708283819,0.0131333232298637,"BEST4/CLCA4/SLC26A3/SLC26A2/CLCA1/ANO7/CLIC5/BEST2/ANO5/CLCN2/CLIC6/FXYD3/TMC4/SLC6A8",14
"MF","GO:0004252","serine-type endopeptidase activity","18/796","178/18737",0.101123595505618,2.38034272486026,3.89754641256917,0.000591485964722751,0.0154525708283819,0.0131333232298637,"TPSB2/TPSAB1/PCSK5/CMA1/CFD/CTSG/PLAT/TPSG1/PRSS12/PCSK7/RHBDL2/KLK1/MMP2/CTSK/F3/TMPRSS2/GZMA/PRSS8",18
"MF","GO:0004435","phosphatidylinositol phospholipase C activity","6/796","26/18737",0.230769230769231,5.43206416698879,4.76338696268375,0.000639950473220349,0.0157352528121239,0.0133735780007348,"BDKRB2/PLCD1/PLCE1/PLCL2/PLCD3/CCL5",6
"MF","GO:0019865","immunoglobulin binding","6/796","26/18737",0.230769230769231,5.43206416698879,4.76338696268375,0.000639950473220349,0.0157352528121239,0.0133735780007348,"MS4A2/PIGR/LGALS3/CD22/VWF/MS4A1",6
"MF","GO:0002020","protease binding","15/796","136/18737",0.110294117647059,2.59620713863435,3.93515828855583,0.000674009039633623,0.0157380136400253,0.0133759244611144,"ALPI/BDKRB2/CD177/CHL1/CTSG/SLC2A13/RIOK3/KIT/SRI/BCL2/PINK1/VWF/F3/F2RL1/ITGA3",15
"MF","GO:0005254","chloride channel activity","11/796","82/18737",0.134146341463415,3.15766331658291,4.1244365527651,0.000677713506029798,0.0157380136400253,0.0133759244611144,"BEST4/CLCA4/CLCA1/ANO7/CLIC5/BEST2/ANO5/CLCN2/CLIC6/FXYD3/TMC4",11
"MF","GO:0015103","inorganic anion transmembrane transporter activity","17/796","166/18737",0.102409638554217,2.41061482109342,3.84517837535947,0.000719695660344197,0.0162612316769662,0.0138206136765955,"BEST4/CLCA4/SLC25A23/SLC26A3/SLC26A2/SLC4A4/CLCA1/ANO7/SLC17A4/CLIC5/BEST2/ANO5/CLCN2/CLIC6/FXYD3/TMC4/SLC6A8",17
"MF","GO:0017171","serine hydrolase activity","19/796","199/18737",0.0954773869346734,2.24743693341077,3.72636461469523,0.000855008686202192,0.0188101910964482,0.0159870045204011,"TPSB2/TPSAB1/PCSK5/CMA1/CFD/CTSG/PLAT/TPSG1/PRSS12/PCSK7/RHBDL2/KLK1/ACHE/MMP2/CTSK/F3/TMPRSS2/GZMA/PRSS8",19
"MF","GO:0005229","intracellularly calcium-gated chloride channel activity","5/796","19/18737",0.263157894736842,6.19445913779423,4.77154542747974,0.000966066149365768,0.0200705978198312,0.0170582391442786,"BEST4/CLCA4/CLCA1/ANO7/ANO5",5
"MF","GO:0141147","intracellularly calcium-gated channel activity","5/796","19/18737",0.263157894736842,6.19445913779423,4.77154542747974,0.000966066149365768,0.0200705978198312,0.0170582391442786,"BEST4/CLCA4/CLCA1/ANO7/ANO5",5
"MF","GO:0008009","chemokine activity","8/796","49/18737",0.163265306122449,3.84309301610091,4.19739021214654,0.000984323577288371,0.0200705978198312,0.0170582391442786,"CCL28/CXCL14/CCL11/CCL15/CCL23/CCL5/CCL13/CXCL13",8
"MF","GO:0005543","phospholipid binding","36/796","494/18737",0.0728744939271255,1.71538868431225,3.39413460344453,0.0012053269238948,0.0239917454375251,0.0203908690132579,"LPAR1/CPNE5/GLTP/PLCD1/APPL2/SLC9A1/ZFYVE28/SCIN/SDCBP2/ARHGAP44/GSN/PACSIN2/ATP8B1/SMPD3/VAMP2/SYTL2/PLA2G10/MTM1/TNFAIP8L3/PAFAH2/VILL/DGKA/CPNE8/PLA2G4F/SNX24/NR5A2/GSDMB/OSBPL1A/SLC9A3/CIDEC/F3/BAIAP2L2/EPN3/JPH2/PLA2G2A/FABP1",36
"MF","GO:0008201","heparin binding","17/796","176/18737",0.0965909090909091,2.27364806989493,3.57582898173664,0.00138051912329025,0.0265307423708281,0.022548792621895,"PTN/RSPO2/CTSG/CLEC3B/SFRP1/GREM2/LIPH/CCL15/SLIT3/NDNF/CCL23/TNXB/FGFR1/COL17A1/REG4/SOD3/CXCL13",17
"MF","GO:0001968","fibronectin binding","6/796","30/18737",0.2,4.70778894472362,4.28099981510375,0.00142809019938668,0.0265307423708281,0.022548792621895,"FBLN1/SFRP2/IGFBP6/MMP2/CTSK/ITGA3",6
"MF","GO:0033764","steroid dehydrogenase activity, acting on the CH-OH group of donors, NAD or NADP as acceptor","6/796","30/18737",0.2,4.70778894472362,4.28099981510375,0.00142809019938668,0.0265307423708281,0.022548792621895,"DHRS11/DHRS9/HSD11B2/HSD3B2/HSD17B2/AKR1C3",6
"MF","GO:0036122","BMP binding","5/796","21/18737",0.238095238095238,5.6045106484805,4.44690918550587,0.00157547508188513,0.0284092898405761,0.0241453923978707,"CHRDL1/GREM2/SOSTDC1/NBL1/GREM1",5
"MF","GO:0008509","monoatomic anion transmembrane transporter activity","15/796","148/18737",0.101351351351351,2.38570385712346,3.56488003382206,0.00160428492896342,0.0284092898405761,0.0241453923978707,"BEST4/CLCA4/SLC26A3/SLC26A2/SLC4A4/CLCA1/ANO7/CLIC5/BEST2/ANO5/CLCN2/CLIC6/FXYD3/TMC4/SLC6A8",15
"MF","GO:0038024","cargo receptor activity","9/796","65/18737",0.138461538461538,3.25923850019327,3.84321772718558,0.00163115539754504,0.0284092898405761,0.0241453923978707,"SCARA5/LRP10/AMN/APOBR/ENPP2/SCARA3/COLEC12/DMBT1/LYVE1",9
"MF","GO:0008236","serine-type peptidase activity","18/796","195/18737",0.0923076923076923,2.17282566679552,3.46772084202089,0.00169427431019617,0.0285585517698872,0.0242722518819867,"TPSB2/TPSAB1/PCSK5/CMA1/CFD/CTSG/PLAT/TPSG1/PRSS12/PCSK7/RHBDL2/KLK1/MMP2/CTSK/F3/TMPRSS2/GZMA/PRSS8",18
"MF","GO:0033612","receptor serine/threonine kinase binding","6/796","31/18737",0.193548387096774,4.5559247852164,4.17363626901096,0.00170804735465833,0.0285585517698872,0.0242722518819867,"BMP3/BMP5/RSPO2/NEO1/BMP2/BMP6",6
"MF","GO:0048306","calcium-dependent protein binding","10/796","79/18737",0.126582278481013,2.97961325615419,3.71392393110321,0.00183914842539478,0.0301476094829419,0.0256228108801131,"CD177/STMN2/SLC9A1/VAMP2/CHP1/S100B/MYO1D/CASQ2/DMBT1/S100A14",10
"MF","GO:0038191","neuropilin binding","5/796","22/18737",0.227272727272727,5.34976016445866,4.29985079652332,0.00196831724270276,0.0316444849019135,0.0268950230531247,"SEMA6D/SEMA6A/SEMA3G/SEMA3B/SEMA4G",5
"MF","GO:0016247","channel regulator activity","16/796","167/18737",0.0958083832335329,2.25522823699335,3.4319948991439,0.00204860002553981,0.0323137664405901,0.027463853371189,"NPY/SCN4B/GPD1L/PDE4D/NEDD4L/CHP1/SRI/LRRC26/BCL2/CLCN2/CAV1/KCNS3/FKBP1B/FXYD3/SGK2/KCNMB1",16
"MF","GO:0015276","ligand-gated monoatomic ion channel activity","17/796","184/18737",0.0923913043478261,2.17479380598645,3.37314598245993,0.00222616840867737,0.0344643849935977,0.0292916895878601,"BEST4/CLCA4/P2RX1/TRPA1/SCNN1B/CLCA1/ANO7/P2RX4/BEST2/TRPM4/ANO5/FKBP1B/MCOLN2/SCNN1A/CHRNA3/KCNMA1/KCNMB1",17
"MF","GO:0141108","transporter regulator activity","16/796","169/18737",0.0946745562130177,2.2285391454313,3.3792586749454,0.00231309039479495,0.0349990572166477,0.0297461138519733,"NPY/SCN4B/GPD1L/PDE4D/NEDD4L/CHP1/SRI/LRRC26/BCL2/CLCN2/CAV1/KCNS3/FKBP1B/FXYD3/SGK2/KCNMB1",16
"MF","GO:0016229","steroid dehydrogenase activity","6/796","33/18737",0.181818181818182,4.27980813156693,3.97200522333122,0.00239064409707368,0.0349990572166477,0.0297461138519733,"DHRS11/DHRS9/HSD11B2/HSD3B2/HSD17B2/AKR1C3",6
"MF","GO:0047555","3',5'-cyclic-GMP phosphodiesterase activity","5/796","23/18737",0.217391304347826,5.11716189643872,4.16150288339822,0.00242816425665737,0.0349990572166477,0.0297461138519733,"PDE5A/PDE9A/PDE4D/PDE8A/PDE3A",5
"MF","GO:0140103","catalytic activity, acting on a glycoprotein","5/796","23/18737",0.217391304347826,5.11716189643872,4.16150288339822,0.00242816425665737,0.0349990572166477,0.0297461138519733,"B3GNT6/GCNT3/MGAT4A/B4GALNT3/ABO",5
"MF","GO:0022834","ligand-gated channel activity","17/796","186/18737",0.0913978494623656,2.15140892635219,3.32409977588609,0.00249476290723207,0.0353495218719663,0.0300439779193872,"BEST4/CLCA4/P2RX1/TRPA1/SCNN1B/CLCA1/ANO7/P2RX4/BEST2/TRPM4/ANO5/FKBP1B/MCOLN2/SCNN1A/CHRNA3/KCNMA1/KCNMB1",17
"MF","GO:0046873","metal ion transmembrane transporter activity","32/796","444/18737",0.0720720720720721,1.69650052062112,3.1285428876952,0.00261093681617438,0.0363790529720297,0.0309189886125913,"TRPM6/CNNM2/P2RX1/TRPA1/SCNN1B/ATP2A3/SLC9A1/SLC4A4/SCN4B/CNNM4/SLC17A4/P2RX4/SLC9A2/TRPM4/CHP1/SLC6A9/LRRC26/KCNS3/TMEM37/FKBP1B/MCOLN2/ATP1A2/SCN7A/SLC9A3/SCNN1A/NIPAL1/SLC6A8/SLC28A2/ATP2C2/KCNMA1/SLC13A2/KCNMB1",32
"MF","GO:0008376","acetylgalactosaminyltransferase activity","6/796","34/18737",0.176470588235294,4.15393142181496,3.87710637828131,0.00280028125112191,0.0380867773029802,0.0323704037767711,"GALNT12/B4GALNT2/GALNT7/B4GALNT3/GALNT8/ABO",6
"MF","GO:0004114","3',5'-cyclic-nucleotide phosphodiesterase activity","5/796","24/18737",0.208333333333333,4.90394681742044,4.03096896465386,0.00296129249365276,0.0380867773029802,0.0323704037767711,"PDE5A/PDE9A/PDE4D/PDE8A/PDE3A",5
"MF","GO:0004115","3',5'-cyclic-AMP phosphodiesterase activity","5/796","24/18737",0.208333333333333,4.90394681742044,4.03096896465386,0.00296129249365276,0.0380867773029802,0.0323704037767711,"PDE5A/PDE9A/PDE4D/PDE8A/PDE3A",5
"MF","GO:0030215","semaphorin receptor binding","5/796","24/18737",0.208333333333333,4.90394681742044,4.03096896465386,0.00296129249365276,0.0380867773029802,0.0323704037767711,"SEMA6D/SEMA6A/SEMA3G/SEMA3B/SEMA4G",5
"MF","GO:0070300","phosphatidic acid binding","5/796","24/18737",0.208333333333333,4.90394681742044,4.03096896465386,0.00296129249365276,0.0380867773029802,0.0323704037767711,"PLCD1/PACSIN2/SMPD3/CIDEC/JPH2",5
"MF","GO:0016782","transferase activity, transferring sulphur-containing groups","9/796","71/18737",0.126760563380282,2.98380989454314,3.5275667897291,0.00303318497445121,0.0384203430097154,0.0326539052273456,"WSCD1/CHST5/SULT1B1/SULT1A2/OXCT1/SULT1A4/TST/SULT1A1/GAL3ST2",9
"MF","GO:0099106","ion channel regulator activity","15/796","159/18737",0.0943396226415094,2.22065516260548,3.2558450254427,0.00322971384996831,0.040299116098112,0.0342506967592868,"NPY/SCN4B/GPD1L/PDE4D/NEDD4L/CHP1/SRI/LRRC26/CLCN2/CAV1/KCNS3/FKBP1B/FXYD3/SGK2/KCNMB1",15
"MF","GO:1901681","sulfur compound binding","22/796","277/18737",0.0794223826714801,1.86951907552201,3.07096452648525,0.00375098636978756,0.0460119714220556,0.0391061202592389,"P2RX1/PTN/RSPO2/CTSG/CLEC3B/GSTM2/SFRP1/GREM2/LIPH/CCL15/SLIT3/NDNF/CCL23/TNXB/SULT1A4/FGFR1/SULT1A1/COL17A1/DMBT1/REG4/SOD3/CXCL13",22
"MF","GO:0004198","calcium-dependent cysteine-type endopeptidase activity","4/796","16/18737",0.25,5.88473618090452,4.11725942379949,0.00390771527627505,0.0460119714220556,0.0391061202592389,"CAPN5/CAPN2/CAPN9/CAPN13",4
"MF","GO:0015385","sodium:proton antiporter activity","4/796","16/18737",0.25,5.88473618090452,4.11725942379949,0.00390771527627505,0.0460119714220556,0.0391061202592389,"SLC9A1/SLC9A2/CHP1/SLC9A3",4
"MF","GO:0140327","flippase activity","4/796","16/18737",0.25,5.88473618090452,4.11725942379949,0.00390771527627505,0.0460119714220556,0.0391061202592389,"ATP8B1/ATP8A1/TMEM30B/ABCB1",4
"MF","GO:0005253","monoatomic anion channel activity","11/796","102/18737",0.107843137254902,2.5385136466647,3.28177188267118,0.00401546434295336,0.0466240026487362,0.0396262928580923,"BEST4/CLCA4/CLCA1/ANO7/CLIC5/BEST2/ANO5/CLCN2/CLIC6/FXYD3/TMC4",11
"MF","GO:0004112","cyclic-nucleotide phosphodiesterase activity","5/796","26/18737",0.192307692307692,4.52672013915733,3.79036315787589,0.00427258808688898,0.0489299128854683,0.0415861133186742,"PDE5A/PDE9A/PDE4D/PDE8A/PDE3A",5
"MF","GO:0042379","chemokine receptor binding","9/796","75/18737",0.12,2.82467336683417,3.33509586453145,0.00440332942597437,0.0497457216231699,0.042279478841148,"CCL28/CXCL14/CCL11/CCL15/CCL23/CCL5/CCL13/S100A14/CXCL13",9
